text,intent,task,slots,role
Can you tell me my leave balance summary for this year?,leave_balance,leave_balance_summary,"{""year"": ""2025""}",employee
I need to check how many vacation days I have left.,leave_balance,leave_balance_by_type,"{""leave_type"": ""vacation""}",employee
What does my leave history look like for the past few months?,leave_balance,leave_history,"{""month"": ""August"", ""year"": ""2025""}",employee
Could you provide details on my upcoming approved leaves?,leave_balance,upcoming_approved_leaves,{},employee
"I think I have some sick leave left, can you confirm?",leave_balance,leave_balance_by_type,"{""leave_type"": ""sick""}",employee
What is my total leave balance for this year?,leave_balance,leave_balance_summary,"{""year"": ""2025""}",employee
How many personal leave days do I still have?,leave_balance,leave_balance_by_type,"{""leave_type"": ""personal""}",employee
Can you show me my leave history for the last year?,leave_balance,leave_history,"{""year"": ""2024""}",employee
I’d like to know about my approved leaves coming up.,leave_balance,upcoming_approved_leaves,{},employee
What’s my remaining balance for vacation days?,leave_balance,leave_balance_by_type,"{""leave_type"": ""vacation""}",employee
Can you remind me how many sick days I have left?,leave_balance,leave_balance_by_type,"{""leave_type"": ""sick""}",employee
"I think I used up my personal leave, can you check?",leave_balance,leave_balance_by_type,"{""leave_type"": ""personal""}",employee
What’s my leave balance summary for the last quarter?,leave_balance,leave_balance_summary,"{""year"": ""2025""}",employee
Could you provide my leave history for the last six months?,leave_balance,leave_history,"{""month"": ""August"", ""year"": ""2025""}",employee
Can you tell me if I have any upcoming approved leaves?,leave_balance,upcoming_approved_leaves,{},employee
How many vacation days do I have left to use?,leave_balance,leave_balance_by_type,"{""leave_type"": ""vacation""}",employee
"I’d like to see my leave history for the past year, please.",leave_balance,leave_history,"{""year"": ""2024""}",employee
What’s my balance for sick leave right now?,leave_balance,leave_balance_by_type,"{""leave_type"": ""sick""}",employee
Can you check my upcoming approved leaves for me?,leave_balance,upcoming_approved_leaves,{},employee
"I think I have some personal leave left, can you verify?",leave_balance,leave_balance_by_type,"{""leave_type"": ""personal""}",employee
Can you summarize my leave balance for this year?,leave_balance,leave_balance_summary,"{""year"": ""2025""}",employee
What’s my leave history for the last few months?,leave_balance,leave_history,"{""month"": ""August"", ""year"": ""2025""}",employee
Could you let me know about my upcoming approved leaves?,leave_balance,upcoming_approved_leaves,{},employee
How many vacation days do I have remaining?,leave_balance,leave_balance_by_type,"{""leave_type"": ""vacation""}",employee
Can you remind me of my sick leave balance?,leave_balance,leave_balance_by_type,"{""leave_type"": ""sick""}",employee
I’d like to check my leave history for the past year.,leave_balance,leave_history,"{""year"": ""2024""}",employee
Can you tell me if there are any upcoming approved leaves?,leave_balance,upcoming_approved_leaves,{},employee
What’s my leave balance summary for the current year?,leave_balance,leave_balance_summary,"{""year"": ""2025""}",employee
Can you provide my leave history for the last six months?,leave_balance,leave_history,"{""month"": ""August"", ""year"": ""2025""}",employee
"I need to know about my upcoming approved leaves, please.",leave_balance,upcoming_approved_leaves,{},employee
How many vacation days do I have left to take?,leave_balance,leave_balance_by_type,"{""leave_type"": ""vacation""}",employee
Can you check my sick leave balance?,leave_balance,leave_balance_by_type,"{""leave_type"": ""sick""}",employee
What does my leave history look like for the past year?,leave_balance,leave_history,"{""year"": ""2024""}",employee
Could you let me know if I have any upcoming approved leaves?,leave_balance,upcoming_approved_leaves,{},employee
"I think I have some personal leave left, can you confirm?",leave_balance,leave_balance_by_type,"{""leave_type"": ""personal""}",employee
Could you tell me my leave balance summary for this year?,leave_balance,leave_balance_summary,"{""year"": ""2025""}",employee
What’s my sick leave balance looking like?,leave_balance,leave_balance_by_type,"{""leave_type"": ""sick""}",employee
Can you provide me with a summary of my leave history?,leave_balance,leave_history,{},employee
"I’m curious about my upcoming approved leaves, can you help?",leave_balance,upcoming_approved_leaves,{},employee
"I think I might have some vacation days left, can you check?",leave_balance,leave_balance_by_type,"{""leave_type"": ""vacation""}",employee
What’s the status of my sick leave balance?,leave_balance,leave_balance_by_type,"{""leave_type"": ""sick""}",employee
Can you remind me how many leave days I have remaining?,leave_balance,leave_balance_summary,{},employee
What are the details of my upcoming leaves?,leave_balance,upcoming_approved_leaves,{},employee
Could you summarize my leave balance for this month?,leave_balance,leave_balance_summary,"{""month"": ""August"", ""year"": ""2025""}",employee
How many personal leave days do I have left?,leave_balance,leave_balance_by_type,"{""leave_type"": ""personal""}",employee
Can you check my leave history for the last three months?,leave_balance,leave_history,{},employee
"I think I have some approved leaves coming up, can you confirm?",leave_balance,upcoming_approved_leaves,{},employee
What’s my leave balance for this quarter?,leave_balance,leave_balance_summary,"{""year"": ""2025""}",employee
Can you tell me how many sick leave days I have used?,leave_balance,leave_history,"{""leave_type"": ""sick""}",employee
"I’d like to know my leave balance by type, please.",leave_balance,leave_balance_by_type,"{""leave_type"": ""vacation""}",employee
Can you provide a summary of my leave balance for the year?,leave_balance,leave_balance_summary,"{""year"": ""2025""}",employee
What’s the total number of leave days I have left?,leave_balance,leave_balance_summary,{},employee
Could you give me the details of my upcoming approved leaves?,leave_balance,upcoming_approved_leaves,{},employee
I need to check my leave history for any past requests.,leave_balance,leave_history,{},employee
Can you tell me how many vacation days I have remaining?,leave_balance,leave_balance_by_type,"{""leave_type"": ""vacation""}",employee
Could you summarize my sick leave balance for this year?,leave_balance,leave_balance_by_type,"{""leave_type"": ""sick"", ""year"": ""2025""}",employee
"I’m looking for a summary of my leave balance, can you assist?",leave_balance,leave_balance_summary,{},employee
What’s my leave balance for personal days?,leave_balance,leave_balance_by_type,"{""leave_type"": ""personal""}",employee
Can you provide me with my leave history for the last year?,leave_balance,leave_history,"{""year"": ""2025""}",employee
"I’d like to know about my upcoming approved leaves, please.",leave_balance,upcoming_approved_leaves,{},employee
Could you check my leave balance for this month?,leave_balance,leave_balance_summary,"{""month"": ""August"", ""year"": ""2025""}",employee
How many sick leave days do I have left?,leave_balance,leave_balance_by_type,"{""leave_type"": ""sick""}",employee
Can you remind me of my leave history for the past few months?,leave_balance,leave_history,{},employee
What are my upcoming leaves looking like?,leave_balance,upcoming_approved_leaves,{},employee
Can you tell me how many vacation days I have left this year?,leave_balance,leave_balance_by_type,"{""leave_type"": ""vacation"", ""year"": ""2025""}",employee
"I think I have some sick leave days remaining, can you check?",leave_balance,leave_balance_by_type,"{""leave_type"": ""sick""}",employee
What’s the summary of my leave balance for the year?,leave_balance,leave_balance_summary,"{""year"": ""2025""}",employee
Can you provide me with my leave history for the last quarter?,leave_balance,leave_history,"{""year"": ""2025""}",employee
"I’d like to know about my upcoming approved leaves, if possible.",leave_balance,upcoming_approved_leaves,{},employee
Can you check my leave history for the last six months?,leave_balance,leave_history,{},employee
Can you show me my upcoming approved leaves?,leave_balance,upcoming_approved_leaves,{},employee
I think I have some sick leave left; can you confirm?,leave_balance,leave_balance_by_type,"{""leave_type"": ""sick""}",employee
How many personal days do I have remaining?,leave_balance,leave_balance_by_type,"{""leave_type"": ""personal""}",employee
Can you provide a summary of my leave balance for the current month?,leave_balance,leave_balance_summary,"{""month"": ""August"", ""year"": ""2025""}",employee
What is my leave balance for maternity leave?,leave_balance,leave_balance_by_type,"{""leave_type"": ""maternity""}",employee
"I would like to see my leave history for last year, please.",leave_balance,leave_history,"{""year"": ""2024""}",employee
Could you let me know if I have any upcoming leaves approved?,leave_balance,upcoming_approved_leaves,{},employee
Can you check my leave balance for the month of July?,leave_balance,leave_balance_summary,"{""month"": ""July"", ""year"": ""2025""}",employee
How many days of vacation do I still have?,leave_balance,leave_balance_by_type,"{""leave_type"": ""vacation""}",employee
I think I used some sick leave last month; can you show me?,leave_balance,leave_history,"{""month"": ""July"", ""year"": ""2025""}",employee
What are my approved leaves for the next month?,leave_balance,upcoming_approved_leaves,{},employee
Can you summarize my leave balance for the last quarter?,leave_balance,leave_balance_summary,"{""year"": ""2025""}",employee
How many days of unpaid leave do I have left?,leave_balance,leave_balance_by_type,"{""leave_type"": ""unpaid""}",employee
What upcoming leaves do I have scheduled?,leave_balance,upcoming_approved_leaves,{},employee
Could you check my leave balance for the month of September?,leave_balance,leave_balance_summary,"{""month"": ""September"", ""year"": ""2025""}",employee
I need to know how many sick days I have left this year.,leave_balance,leave_balance_by_type,"{""leave_type"": ""sick""}",employee
Can you show me my leave history for the past year?,leave_balance,leave_history,"{""year"": ""2024""}",employee
What are my upcoming approved leaves for this month?,leave_balance,upcoming_approved_leaves,{},employee
I think I have some personal leave left; can you confirm?,leave_balance,leave_balance_by_type,"{""leave_type"": ""personal""}",employee
Can you provide a summary of my leave balance for the current year?,leave_balance,leave_balance_summary,"{""year"": ""2025""}",employee
How many days of maternity leave do I have remaining?,leave_balance,leave_balance_by_type,"{""leave_type"": ""maternity""}",employee
Can you check my leave history for the last two months?,leave_balance,leave_history,"{""month"": ""July"", ""year"": ""2025""}",employee
What upcoming leaves do I have for the next quarter?,leave_balance,upcoming_approved_leaves,{},employee
Could you let me know my leave balance for this month?,leave_balance,leave_balance_summary,"{""month"": ""August"", ""year"": ""2025""}",employee
How many vacation days do I still have this year?,leave_balance,leave_balance_by_type,"{""leave_type"": ""vacation""}",employee
Can you show me my leave history for the last three months?,leave_balance,leave_history,{},employee
What are my approved leaves for the upcoming month?,leave_balance,upcoming_approved_leaves,{},employee
Can you check the leave balance for employee ID 12345?,leave_balance,leave_balance_summary,"{""employee_id"": ""12345"", ""year"": ""2025""}",hr
I need to see the leave history for employee Jane Doe.,leave_balance,leave_history,"{""employee_name"": ""Jane Doe"", ""year"": ""2024""}",hr
What is the leave balance for employee ID 67890?,leave_balance,leave_balance_summary,"{""employee_id"": ""67890"", ""year"": ""2025""}",hr
Can you provide the upcoming approved leaves for employee John Smith?,leave_balance,upcoming_approved_leaves,"{""employee_name"": ""John Smith""}",hr
How many sick days does employee ID 54321 have left?,leave_balance,leave_balance_by_type,"{""employee_id"": ""54321"", ""leave_type"": ""sick""}",hr
Can you summarize the leave balance for employee ID 98765?,leave_balance,leave_balance_summary,"{""employee_id"": ""98765"", ""year"": ""2025""}",hr
I want to check how many vacation days I have left. Can you help?,leave_balance,leave_balance_by_type,"{""leave_type"": ""vacation""}",employee
What’s my sick leave balance looking like right now?,leave_balance,leave_balance_by_type,"{""leave_type"": ""sick""}",employee
I think I have some upcoming approved leaves; can you confirm?,leave_balance,upcoming_approved_leaves,{},employee
How many personal leave days do I have left this month?,leave_balance,leave_balance_by_type,"{""month"": ""August"", ""leave_type"": ""personal""}",employee
Is there a way to see my leave balance for the last quarter?,leave_balance,leave_balance_summary,"{""year"": ""2025""}",employee
Can you remind me of my total leave balance?,leave_balance,leave_balance_summary,{},employee
What’s the current status of my approved leaves?,leave_balance,upcoming_approved_leaves,{},employee
I’d like to know how many days I’ve taken off this year. Can you check?,leave_balance,leave_history,"{""year"": ""2025""}",employee
Can you give me a breakdown of my leave balance by type?,leave_balance,leave_balance_by_type,{},employee
I think I have some vacation days left; can you verify that?,leave_balance,leave_balance_by_type,"{""leave_type"": ""vacation""}",employee
What’s my leave balance for maternity leave?,leave_balance,leave_balance_by_type,"{""leave_type"": ""maternity""}",employee
Can you check my leave history for the past few months?,leave_balance,leave_history,{},employee
"I need to see my sick leave balance for this month, please.",leave_balance,leave_balance_by_type,"{""month"": ""August"", ""leave_type"": ""sick""}",employee
Could you provide me with an overview of my leave balance?,leave_balance,leave_balance_summary,{},employee
What’s the total number of leave days I have remaining?,leave_balance,leave_balance_summary,{},employee
Can I get a summary of my upcoming approved leaves?,leave_balance,upcoming_approved_leaves,{},employee
I think I have some leave history that needs checking; can you help?,leave_balance,leave_history,{},employee
Can you tell me how many vacation days I’ve used this year?,leave_balance,leave_history,"{""year"": ""2025"", ""leave_type"": ""vacation""}",employee
I’d like to know if I have any upcoming leaves approved.,leave_balance,upcoming_approved_leaves,{},employee
What’s my leave balance for the current month?,leave_balance,leave_balance_summary,"{""month"": ""August"", ""year"": ""2025""}",employee
Can you check if I have any sick leave left?,leave_balance,leave_balance_by_type,"{""leave_type"": ""sick""}",employee
I need to confirm my leave balance for the year; can you assist?,leave_balance,leave_balance_summary,"{""year"": ""2025""}",employee
"Could you provide the leave balance for my colleague, John Doe?",leave_balance,leave_balance_summary,"{""employee_name"": ""John Doe""}",hr
What’s the leave history for Jane Smith?,leave_balance,leave_history,"{""employee_name"": ""Jane Smith""}",hr
Can you tell me how many vacation days are left for Alex Johnson?,leave_balance,leave_balance_by_type,"{""employee_name"": ""Alex Johnson"", ""leave_type"": ""vacation""}",hr
I need to see the upcoming approved leaves for the team.,leave_balance,upcoming_approved_leaves,{},hr
Can you provide a summary of leave balances for all employees?,leave_balance,leave_balance_summary,{},hr
What’s the sick leave balance for my team members?,leave_balance,leave_balance_by_type,"{""leave_type"": ""sick""}",hr
Can you check the leave history for all employees in the department?,leave_balance,leave_history,{},hr
I’d like to know the leave balance for employees on maternity leave.,leave_balance,leave_balance_by_type,"{""leave_type"": ""maternity""}",hr
Can you confirm the total leave days taken by Sarah Connor?,leave_balance,leave_history,"{""employee_name"": ""Sarah Connor""}",hr
What’s the leave balance for employees who have taken unpaid leave?,leave_balance,leave_balance_by_type,"{""leave_type"": ""unpaid""}",hr
Can you provide a report on upcoming leaves for the next month?,leave_balance,upcoming_approved_leaves,"{""month"": ""September""}",hr
I need to check how much vacation leave I have left.,leave_balance,leave_balance_by_type,"{""leave_type"": ""vacation""}",employee
What is my sick leave balance right now?,leave_balance,leave_balance_by_type,"{""leave_type"": ""sick""}",employee
Can you provide a summary of my leave history?,leave_balance,leave_history,{},employee
I was wondering about my upcoming approved leaves.,leave_balance,upcoming_approved_leaves,{},employee
How many personal leave days do I have remaining?,leave_balance,leave_balance_by_type,"{""leave_type"": ""personal""}",employee
Could you check my leave balance for the month of August?,leave_balance,leave_balance_summary,"{""month"": ""August"", ""year"": ""2025""}",employee
Can you remind me how many vacation days I have left?,leave_balance,leave_balance_by_type,"{""leave_type"": ""vacation""}",employee
Is there a way to see my leave balance summary?,leave_balance,leave_balance_summary,{},employee
Can I get a list of my upcoming approved leaves?,leave_balance,upcoming_approved_leaves,{},employee
What is the current balance of my personal leave?,leave_balance,leave_balance_by_type,"{""leave_type"": ""personal""}",employee
Could you show me my leave history for the last six months?,leave_balance,leave_history,{},employee
How many vacation days do I have left for this year?,leave_balance,leave_balance_by_type,"{""leave_type"": ""vacation"", ""year"": ""2025""}",employee
Can you provide my sick leave balance for the current month?,leave_balance,leave_balance_by_type,"{""leave_type"": ""sick"", ""month"": ""October"", ""year"": ""2025""}",employee
I need to check my leave balance summary for next year.,leave_balance,leave_balance_summary,"{""year"": ""2026""}",employee
What are the details of my leave history?,leave_balance,leave_history,{},employee
Can you tell me how many personal leave days I have left?,leave_balance,leave_balance_by_type,"{""leave_type"": ""personal""}",employee
"I think I have some upcoming approved leaves, can you check?",leave_balance,upcoming_approved_leaves,{},employee
Could you provide a summary of my leave balance for this month?,leave_balance,leave_balance_summary,"{""month"": ""October"", ""year"": ""2025""}",employee
Can I see my leave history for the past two years?,leave_balance,leave_history,{},employee
What is my current balance for vacation leave?,leave_balance,leave_balance_by_type,"{""leave_type"": ""vacation""}",employee
"I need to know my upcoming approved leaves, please.",leave_balance,upcoming_approved_leaves,{},employee
Could you check my leave balance summary for the last quarter?,leave_balance,leave_balance_summary,"{""year"": ""2025""}",employee
What is my leave history for the last month?,leave_balance,leave_history,"{""month"": ""September"", ""year"": ""2025""}",employee
Can you tell me how many personal leave days I have remaining?,leave_balance,leave_balance_by_type,"{""leave_type"": ""personal""}",employee
"I think I have some vacation days left, can you confirm?",leave_balance,leave_balance_by_type,"{""leave_type"": ""vacation""}",employee
Can I see my sick leave balance for this year?,leave_balance,leave_balance_by_type,"{""leave_type"": ""sick"", ""year"": ""2025""}",employee
What does my leave history look like for this year?,leave_balance,leave_history,"{""year"": ""2025""}",employee
Can you provide a summary of my upcoming approved leaves?,leave_balance,upcoming_approved_leaves,{},employee
I need to check how many vacation days I have left for this month.,leave_balance,leave_balance_by_type,"{""leave_type"": ""vacation"", ""month"": ""October"", ""year"": ""2025""}",employee
Could you tell me my sick leave balance for the current month?,leave_balance,leave_balance_by_type,"{""leave_type"": ""sick"", ""month"": ""October"", ""year"": ""2025""}",employee
What is my leave balance summary for the past year?,leave_balance,leave_balance_summary,"{""year"": ""2024""}",employee
Can I see my leave history for the last three months?,leave_balance,leave_history,{},employee
How many personal leave days do I have left for this year?,leave_balance,leave_balance_by_type,"{""leave_type"": ""personal"", ""year"": ""2025""}",employee
Can you remind me of my upcoming approved leaves?,leave_balance,upcoming_approved_leaves,{},employee
Could you provide the sick leave balance for employee EMP456?,leave_balance,leave_balance_by_type,"{""leave_type"": ""sick"", ""employee_id"": ""EMP456""}",hr
Can I get a summary of the leave history for employee EMP789?,leave_balance,leave_history,"{""employee_id"": ""EMP789""}",hr
What is the leave balance summary for employee EMP321?,leave_balance,leave_balance_summary,"{""employee_id"": ""EMP321""}",hr
Can you check the upcoming approved leaves for employee EMP654?,leave_balance,upcoming_approved_leaves,"{""employee_id"": ""EMP654""}",hr
Can you tell me my current leave balance?,leave_balance,leave_balance_summary,"{""month"": ""August"", ""year"": ""2025"", ""leave_type"": ""vacation""}",employee
I'd like to check how much vacation leave I have left.,leave_balance,leave_balance_by_type,"{""month"": ""August"", ""year"": ""2025"", ""leave_type"": ""vacation""}",employee
Could you give me a summary of my leave balance?,leave_balance,leave_balance_summary,"{""month"": ""August"", ""year"": ""2025"", ""leave_type"": ""vacation""}",employee
How many days of personal leave do I have left?,leave_balance,leave_balance_by_type,"{""month"": ""August"", ""year"": ""2025"", ""leave_type"": ""personal""}",employee
"I think I need to check my leave history, can you help?",leave_balance,leave_history,"{""month"": ""August"", ""year"": ""2025"", ""leave_type"": ""vacation""}",employee
What are my upcoming approved leaves?,leave_balance,upcoming_approved_leaves,"{""month"": ""August"", ""year"": ""2025"", ""leave_type"": ""vacation""}",employee
"I’d like to see my leave balance for this year, please.",leave_balance,leave_balance_summary,"{""month"": ""August"", ""year"": ""2025"", ""leave_type"": ""vacation""}",employee
Can you provide details on my leave history?,leave_balance,leave_history,"{""month"": ""August"", ""year"": ""2025"", ""leave_type"": ""vacation""}",employee
"I think I have some upcoming leaves, can you check?",leave_balance,upcoming_approved_leaves,"{""month"": ""August"", ""year"": ""2025"", ""leave_type"": ""vacation""}",employee
How many vacation days do I have left this year?,leave_balance,leave_balance_by_type,"{""month"": ""August"", ""year"": ""2025"", ""leave_type"": ""vacation""}",employee
Can you summarize my leave balance for me?,leave_balance,leave_balance_summary,"{""month"": ""August"", ""year"": ""2025"", ""leave_type"": ""vacation""}",employee
I need to know my leave history for the past year.,leave_balance,leave_history,"{""month"": ""August"", ""year"": ""2025"", ""leave_type"": ""vacation""}",employee
Can you check if I have any approved leaves coming up?,leave_balance,upcoming_approved_leaves,"{""month"": ""August"", ""year"": ""2025"", ""leave_type"": ""vacation""}",employee
How many days of leave do I have left for this month?,leave_balance,leave_balance_summary,"{""month"": ""August"", ""year"": ""2025"", ""leave_type"": ""vacation""}",employee
Could you tell me my leave balance for the current year?,leave_balance,leave_balance_summary,"{""month"": ""August"", ""year"": ""2025"", ""leave_type"": ""vacation""}",employee
What’s the balance for my unpaid leave?,leave_balance,leave_balance_by_type,"{""month"": ""August"", ""year"": ""2025"", ""leave_type"": ""unpaid""}",employee
Can you provide my leave history for the last two years?,leave_balance,leave_history,"{""month"": ""August"", ""year"": ""2025"", ""leave_type"": ""vacation""}",employee
What’s my balance for family leave?,leave_balance,leave_balance_by_type,"{""month"": ""August"", ""year"": ""2025"", ""leave_type"": ""family""}",employee
Can you check my leave balance for the month of August?,leave_balance,leave_balance_summary,"{""month"": ""August"", ""year"": ""2025"", ""leave_type"": ""vacation""}",employee
How many sick days do I have remaining?,leave_balance,leave_balance_by_type,"{""month"": ""August"", ""year"": ""2025"", ""leave_type"": ""sick""}",employee
Can you summarize my leave history for me?,leave_balance,leave_history,"{""month"": ""August"", ""year"": ""2025"", ""leave_type"": ""vacation""}",employee
Could you tell me how many personal days I have left?,leave_balance,leave_balance_by_type,"{""month"": ""August"", ""year"": ""2025"", ""leave_type"": ""personal""}",employee
Can you provide a summary of my leave balance for this year?,leave_balance,leave_balance_summary,"{""month"": ""August"", ""year"": ""2025"", ""leave_type"": ""vacation""}",employee
What’s my sick leave balance looking like this month?,leave_balance,leave_balance_by_type,"{""month"": ""August"", ""year"": ""2025"", ""leave_type"": ""sick""}",employee
Can you give me a rundown of my leave history?,leave_balance,leave_history,"{""month"": ""August"", ""year"": ""2025"", ""leave_type"": ""vacation""}",employee
What’s my balance for vacation days this year?,leave_balance,leave_balance_by_type,"{""month"": ""August"", ""year"": ""2025"", ""leave_type"": ""vacation""}",employee
Can you summarize my leave balance for the current month?,leave_balance,leave_balance_summary,"{""month"": ""August"", ""year"": ""2025"", ""leave_type"": ""vacation""}",employee
What’s the status of my leave history for the past year?,leave_balance,leave_history,"{""month"": ""August"", ""year"": ""2025"", ""leave_type"": ""vacation""}",employee
Can you check if I have any approved leaves in the coming weeks?,leave_balance,upcoming_approved_leaves,"{""month"": ""August"", ""year"": ""2025"", ""leave_type"": ""vacation""}",employee
How many days of maternity leave do I have left?,leave_balance,leave_balance_by_type,"{""month"": ""August"", ""year"": ""2025"", ""leave_type"": ""maternity""}",employee
Can you provide my leave balance for the month of July?,leave_balance,leave_balance_summary,"{""month"": ""July"", ""year"": ""2025"", ""leave_type"": ""vacation""}",employee
What’s my sick leave balance for the year?,leave_balance,leave_balance_by_type,"{""month"": ""August"", ""year"": ""2025"", ""leave_type"": ""sick""}",employee
Can you give me a summary of my leave history for this year?,leave_balance,leave_history,"{""month"": ""August"", ""year"": ""2025"", ""leave_type"": ""vacation""}",employee
I need to check how many vacation days I have left. Can you help?,leave_balance,leave_balance_by_type,"{""leave_type"": ""vacation""}",employee
What does my sick leave balance look like right now?,leave_balance,leave_balance_by_type,"{""leave_type"": ""sick""}",employee
Can I see my leave history for the past year?,leave_balance,leave_history,"{""year"": ""2024""}",employee
What is the total leave balance I have as of now?,leave_balance,leave_balance_summary,{},employee
Could you provide a breakdown of my leave types?,leave_balance,leave_balance_by_type,{},employee
I’m curious about my leave history; can you pull that up?,leave_balance,leave_history,{},employee
How many personal days do I have left this year?,leave_balance,leave_balance_by_type,"{""leave_type"": ""personal""}",employee
Could you summarize my leave balance for the last quarter?,leave_balance,leave_balance_summary,"{""year"": ""2025""}",employee
Can you show me my leave history for the last two years?,leave_balance,leave_history,"{""year"": ""2024""}",employee
"I’d like to know my sick leave balance, please.",leave_balance,leave_balance_by_type,"{""leave_type"": ""sick""}",employee
Can you check if I have any upcoming leaves approved?,leave_balance,upcoming_approved_leaves,{},employee
What’s my total leave balance looking like?,leave_balance,leave_balance_summary,{},employee
Could you break down my leave types for me?,leave_balance,leave_balance_by_type,{},employee
I need to see my leave history; can you help with that?,leave_balance,leave_history,{},employee
How many vacation days do I have remaining this year?,leave_balance,leave_balance_by_type,"{""leave_type"": ""vacation""}",employee
Can you confirm my upcoming approved leaves?,leave_balance,upcoming_approved_leaves,{},employee
I need to check my leave balance for this month; can you assist?,leave_balance,leave_balance_summary,"{""month"": ""August"", ""year"": ""2025""}",employee
Could you provide details on my sick leave balance?,leave_balance,leave_balance_by_type,"{""leave_type"": ""sick""}",employee
I’d like to review my leave history for the past few months.,leave_balance,leave_history,{},employee
Can you let me know how many personal days I have left?,leave_balance,leave_balance_by_type,"{""leave_type"": ""personal""}",employee
I think I have some approved leaves coming up; can you check?,leave_balance,upcoming_approved_leaves,{},employee
Could you clarify my leave types and balances?,leave_balance,leave_balance_by_type,{},employee
Can you pull up my leave history for the last year?,leave_balance,leave_history,"{""year"": ""2024""}",employee
How many sick days do I have left this year?,leave_balance,leave_balance_by_type,"{""leave_type"": ""sick""}",employee
What’s my total leave balance right now?,leave_balance,leave_balance_summary,{},employee
Could you give me a breakdown of my leave types?,leave_balance,leave_balance_by_type,{},employee
I’d like to see my leave history; can you assist?,leave_balance,leave_history,{},employee
Can you confirm if I have any upcoming approved leaves?,leave_balance,upcoming_approved_leaves,{},employee
Could you provide my sick leave balance?,leave_balance,leave_balance_by_type,"{""leave_type"": ""sick""}",employee
Can you show me my leave history for the past few months?,leave_balance,leave_history,{},employee
I think I have some approved leaves; can you check?,leave_balance,upcoming_approved_leaves,{},employee
What is my leave balance for sick leave?,leave_balance,leave_balance_by_type,"{""month"": ""August"", ""year"": ""2025"", ""leave_type"": ""sick""}",employee
I think I need to check my vacation leave balance.,leave_balance,leave_balance_by_type,"{""month"": ""August"", ""year"": ""2025"", ""leave_type"": ""vacation""}",employee
Could you provide a summary of my leave balance?,leave_balance,leave_balance_summary,"{""month"": ""August"", ""year"": ""2025"", ""leave_type"": ""vacation""}",employee
What does my leave history look like?,leave_balance,leave_history,"{""month"": ""August"", ""year"": ""2025"", ""leave_type"": ""vacation""}",employee
I would like to know about my upcoming approved leaves.,leave_balance,upcoming_approved_leaves,"{""month"": ""August"", ""year"": ""2025"", ""leave_type"": ""vacation""}",employee
Can you give me a breakdown of my leave types?,leave_balance,leave_balance_by_type,"{""month"": ""August"", ""year"": ""2025"", ""leave_type"": ""all""}",employee
What is the balance for my personal leave?,leave_balance,leave_balance_by_type,"{""month"": ""August"", ""year"": ""2025"", ""leave_type"": ""personal""}",employee
I think I have some leave history I need to review.,leave_balance,leave_history,"{""month"": ""August"", ""year"": ""2025"", ""leave_type"": ""vacation""}",employee
What are my approved leaves coming up?,leave_balance,upcoming_approved_leaves,"{""month"": ""August"", ""year"": ""2025"", ""leave_type"": ""vacation""}",employee
Could you check my sick leave balance?,leave_balance,leave_balance_by_type,"{""month"": ""August"", ""year"": ""2025"", ""leave_type"": ""sick""}",employee
"I need to see my leave history, please.",leave_balance,leave_history,"{""month"": ""August"", ""year"": ""2025"", ""leave_type"": ""vacation""}",employee
Can you provide my leave balance for maternity leave?,leave_balance,leave_balance_by_type,"{""month"": ""August"", ""year"": ""2025"", ""leave_type"": ""maternity""}",employee
What is the total leave balance I have?,leave_balance,leave_balance_summary,"{""month"": ""August"", ""year"": ""2025"", ""leave_type"": ""all""}",employee
"I think I have some vacation days left, can you check?",leave_balance,leave_balance_by_type,"{""month"": ""August"", ""year"": ""2025"", ""leave_type"": ""vacation""}",employee
Can you tell me how many sick days I have remaining?,leave_balance,leave_balance_by_type,"{""month"": ""August"", ""year"": ""2025"", ""leave_type"": ""sick""}",employee
What is my leave balance for the current month?,leave_balance,leave_balance_summary,"{""month"": ""August"", ""year"": ""2025"", ""leave_type"": ""all""}",employee
Could you remind me of my upcoming leaves?,leave_balance,upcoming_approved_leaves,"{""month"": ""August"", ""year"": ""2025"", ""leave_type"": ""vacation""}",employee
Can you check the leave history for my team member?,leave_balance,leave_history,"{""month"": ""August"", ""year"": ""2025"", ""leave_type"": ""vacation""}",hr
What is the leave balance for employee XYZ?,leave_balance,leave_balance_summary,"{""month"": ""August"", ""year"": ""2025"", ""leave_type"": ""all""}",hr
I need to see the leave balance for John Doe.,leave_balance,leave_balance_summary,"{""month"": ""August"", ""year"": ""2025"", ""leave_type"": ""all""}",hr
Can you provide the leave history for Jane Smith?,leave_balance,leave_history,"{""month"": ""August"", ""year"": ""2025"", ""leave_type"": ""vacation""}",hr
What is the sick leave balance for employee ABC?,leave_balance,leave_balance_by_type,"{""month"": ""August"", ""year"": ""2025"", ""leave_type"": ""sick""}",hr
Can you summarize the leave balances for my team?,leave_balance,leave_balance_summary,"{""month"": ""August"", ""year"": ""2025"", ""leave_type"": ""all""}",hr
What are the upcoming approved leaves for my department?,leave_balance,upcoming_approved_leaves,"{""month"": ""August"", ""year"": ""2025"", ""leave_type"": ""vacation""}",hr
Can you check the leave history for my direct reports?,leave_balance,leave_history,"{""month"": ""August"", ""year"": ""2025"", ""leave_type"": ""vacation""}",hr
What is the leave balance for the team members?,leave_balance,leave_balance_summary,"{""month"": ""August"", ""year"": ""2025"", ""leave_type"": ""all""}",hr
Can you provide a summary of leave balances for the last year?,leave_balance,leave_balance_summary,"{""month"": ""August"", ""year"": ""2025"", ""leave_type"": ""all""}",hr
What is the leave history for the last quarter?,leave_balance,leave_history,"{""month"": ""August"", ""year"": ""2025"", ""leave_type"": ""vacation""}",hr
Can you tell me how many vacation days employee XYZ has left?,leave_balance,leave_balance_by_type,"{""month"": ""August"", ""year"": ""2025"", ""leave_type"": ""vacation""}",hr
What is the sick leave balance for my team?,leave_balance,leave_balance_by_type,"{""month"": ""August"", ""year"": ""2025"", ""leave_type"": ""sick""}",hr
Could you provide the leave balance for the last month?,leave_balance,leave_balance_summary,"{""month"": ""August"", ""year"": ""2025"", ""leave_type"": ""all""}",hr
Can you check the leave history for the past year?,leave_balance,leave_history,"{""month"": ""August"", ""year"": ""2025"", ""leave_type"": ""vacation""}",hr
What is the leave balance for employees in department A?,leave_balance,leave_balance_summary,"{""month"": ""August"", ""year"": ""2025"", ""leave_type"": ""all""}",hr
Can you summarize the leave balances for employees in department B?,leave_balance,leave_balance_summary,"{""month"": ""August"", ""year"": ""2025"", ""leave_type"": ""all""}",hr
"Could you tell me my current leave balance, please?",leave_balance,leave_balance_summary,"{""month"": ""August"", ""year"": ""2025"", ""leave_type"": ""vacation""}",employee
I need to check how many sick days I have left this year.,leave_balance,leave_balance_by_type,"{""month"": ""August"", ""year"": ""2025"", ""leave_type"": ""sick""}",employee
What’s my leave balance looking like for vacation days?,leave_balance,leave_balance_by_type,"{""month"": ""August"", ""year"": ""2025"", ""leave_type"": ""vacation""}",employee
Can you provide a summary of my leave balance?,leave_balance,leave_balance_summary,"{""month"": ""August"", ""year"": ""2025"", ""leave_type"": ""vacation""}",employee
How many personal days do I have left?,leave_balance,leave_balance_by_type,"{""month"": ""August"", ""year"": ""2025"", ""leave_type"": ""personal""}",employee
"I think I should have some vacation days left, can you confirm?",leave_balance,leave_balance_by_type,"{""month"": ""August"", ""year"": ""2025"", ""leave_type"": ""vacation""}",employee
Could you remind me of my leave history for the past year?,leave_balance,leave_history,"{""month"": ""August"", ""year"": ""2025"", ""leave_type"": ""vacation""}",employee
Can you check my leave balance for maternity leave?,leave_balance,leave_balance_by_type,"{""month"": ""August"", ""year"": ""2025"", ""leave_type"": ""maternity""}",employee
I’d like to see how many days I took off last year.,leave_balance,leave_history,"{""month"": ""August"", ""year"": ""2025"", ""leave_type"": ""vacation""}",employee
Can you tell me if I have any leave left for this month?,leave_balance,leave_balance_summary,"{""month"": ""August"", ""year"": ""2025"", ""leave_type"": ""vacation""}",employee
"I believe I have some sick leave remaining, can you check?",leave_balance,leave_balance_by_type,"{""month"": ""August"", ""year"": ""2025"", ""leave_type"": ""sick""}",employee
What’s the status of my leave requests from last month?,leave_balance,leave_history,"{""month"": ""July"", ""year"": ""2025"", ""leave_type"": ""vacation""}",employee
Can you provide details on my approved leaves for the next month?,leave_balance,upcoming_approved_leaves,"{""month"": ""September"", ""year"": ""2025"", ""leave_type"": ""vacation""}",employee
I need to know how many days I have left for bereavement leave.,leave_balance,leave_balance_by_type,"{""month"": ""August"", ""year"": ""2025"", ""leave_type"": ""bereavement""}",employee
Could you summarize my leave balance for the current year?,leave_balance,leave_balance_summary,"{""month"": ""August"", ""year"": ""2025"", ""leave_type"": ""vacation""}",employee
What’s the total leave I have taken so far this year?,leave_balance,leave_history,"{""month"": ""August"", ""year"": ""2025"", ""leave_type"": ""vacation""}",employee
Can you check if I have any vacation days approved for next month?,leave_balance,upcoming_approved_leaves,"{""month"": ""September"", ""year"": ""2025"", ""leave_type"": ""vacation""}",employee
"I think I have some leave left, can you verify that for me?",leave_balance,leave_balance_summary,"{""month"": ""August"", ""year"": ""2025"", ""leave_type"": ""vacation""}",employee
Can you tell me how many days I have left for unpaid leave?,leave_balance,leave_balance_by_type,"{""month"": ""August"", ""year"": ""2025"", ""leave_type"": ""unpaid""}",employee
What’s my leave balance for the upcoming month?,leave_balance,leave_balance_summary,"{""month"": ""September"", ""year"": ""2025"", ""leave_type"": ""vacation""}",employee
Can you provide a breakdown of my leave history?,leave_balance,leave_history,"{""month"": ""August"", ""year"": ""2025"", ""leave_type"": ""vacation""}",employee
I need to know my leave balance for the next quarter.,leave_balance,leave_balance_summary,"{""month"": ""August"", ""year"": ""2025"", ""leave_type"": ""vacation""}",employee
Can you check my sick leave balance for this month?,leave_balance,leave_balance_by_type,"{""month"": ""August"", ""year"": ""2025"", ""leave_type"": ""sick""}",employee
What’s the total leave I have taken in the last six months?,leave_balance,leave_history,"{""month"": ""August"", ""year"": ""2025"", ""leave_type"": ""vacation""}",employee
Can you tell me how many vacation days I have left?,leave_balance,leave_balance_by_type,"{""month"": ""August"", ""year"": ""2025"", ""leave_type"": ""vacation""}",employee
I’d like to know my leave balance for the upcoming holiday season.,leave_balance,leave_balance_summary,"{""month"": ""December"", ""year"": ""2025"", ""leave_type"": ""vacation""}",employee
What’s my leave history for the past two months?,leave_balance,leave_history,"{""month"": ""August"", ""year"": ""2025"", ""leave_type"": ""vacation""}",employee
Could you summarize the leave I have taken this year?,leave_balance,leave_history,"{""month"": ""August"", ""year"": ""2025"", ""leave_type"": ""vacation""}",employee
What’s my balance for maternity leave?,leave_balance,leave_balance_by_type,"{""month"": ""August"", ""year"": ""2025"", ""leave_type"": ""maternity""}",employee
Can you provide my leave balance for the next month?,leave_balance,leave_balance_summary,"{""month"": ""September"", ""year"": ""2025"", ""leave_type"": ""vacation""}",employee
What’s the status of my leave requests from last quarter?,leave_balance,leave_history,"{""month"": ""June"", ""year"": ""2025"", ""leave_type"": ""vacation""}",employee
Can you check my leave balance for the current month?,leave_balance,leave_balance_summary,"{""month"": ""August"", ""year"": ""2025"", ""leave_type"": ""vacation""}",employee
I’d like to see how many sick days I have left for this year.,leave_balance,leave_balance_by_type,"{""month"": ""August"", ""year"": ""2025"", ""leave_type"": ""sick""}",employee
Can you tell me my current leave balance summary?,leave_balance,leave_balance_summary,{},employee
I need to check how many vacation days I have left for this year.,leave_balance,leave_balance_by_type,"{""leave_type"": ""vacation"", ""year"": ""2025""}",employee
Could you provide me with a summary of my leave balance?,leave_balance,leave_balance_summary,{},employee
I think I have some personal leave left; can you check that for me?,leave_balance,leave_balance_by_type,"{""leave_type"": ""personal"", ""year"": ""2025""}",employee
What’s the history of my leaves taken this year?,leave_balance,leave_history,"{""year"": ""2025""}",employee
I’d like to know how many leave days I have left in total.,leave_balance,leave_balance_summary,{},employee
Can you remind me of my leave balance for maternity leave?,leave_balance,leave_balance_by_type,"{""leave_type"": ""maternity"", ""year"": ""2025""}",employee
What’s my leave history for the last year?,leave_balance,leave_history,"{""year"": ""2024""}",employee
I think I have some comp time left; can you verify that?,leave_balance,leave_balance_by_type,"{""leave_type"": ""comp"", ""year"": ""2025""}",employee
What are the details of my approved leaves coming up?,leave_balance,upcoming_approved_leaves,{},employee
Can you provide a summary of my leave balance by type?,leave_balance,leave_balance_summary,{},employee
"I’d like to see my leave history for the past few months, please.",leave_balance,leave_history,"{""year"": ""2025""}",employee
Could you tell me how many sick days I have left?,leave_balance,leave_balance_by_type,"{""leave_type"": ""sick"", ""year"": ""2025""}",employee
Can you summarize my leave balance for the current year?,leave_balance,leave_balance_summary,"{""year"": ""2025""}",employee
"I need to check the leave history for my team members, please.",leave_balance,leave_history,"{""year"": ""2025""}",hr
What’s the leave balance for employee ID 12345?,leave_balance,leave_balance_summary,"{""employee_id"": ""12345""}",hr
Can you provide the leave balance by type for employee XYZ?,leave_balance,leave_balance_by_type,"{""leave_type"": ""vacation"", ""employee_id"": ""XYZ"", ""year"": ""2025""}",hr
I’d like to see the upcoming approved leaves for my department.,leave_balance,upcoming_approved_leaves,{},hr
Can you check the leave history for employee ABC?,leave_balance,leave_history,"{""employee_id"": ""ABC"", ""year"": ""2025""}",hr
What’s the total leave balance for the team this year?,leave_balance,leave_balance_summary,"{""year"": ""2025""}",hr
What’s the leave history for employee 67890?,leave_balance,leave_history,"{""employee_id"": ""67890"", ""year"": ""2025""}",hr
Can you show me the leave balance for part-time employees?,leave_balance,leave_balance_summary,{},hr
I need to know the leave balance for employee 23456 by type.,leave_balance,leave_balance_by_type,"{""leave_type"": ""sick"", ""employee_id"": ""23456"", ""year"": ""2025""}",hr
What’s the upcoming leave schedule for my team?,leave_balance,upcoming_approved_leaves,{},hr
Can you provide the leave balance for employee DEF?,leave_balance,leave_balance_summary,"{""employee_id"": ""DEF"", ""year"": ""2025""}",hr
I’d like to see the leave history for the last quarter for my team.,leave_balance,leave_history,"{""year"": ""2025""}",hr
What’s the leave balance for employee GHI for vacation days?,leave_balance,leave_balance_by_type,"{""leave_type"": ""vacation"", ""employee_id"": ""GHI"", ""year"": ""2025""}",hr
Can you summarize the leave balances for all employees by type?,leave_balance,leave_balance_summary,{},hr
What’s the leave history for employee JKL over the past year?,leave_balance,leave_history,"{""employee_id"": ""JKL"", ""year"": ""2024""}",hr
Can you show me the upcoming approved leaves for employee MNO?,leave_balance,upcoming_approved_leaves,"{""employee_id"": ""MNO""}",hr
I’d like to know the leave balance for employee PQR for sick leave.,leave_balance,leave_balance_by_type,"{""leave_type"": ""sick"", ""employee_id"": ""PQR"", ""year"": ""2025""}",hr
What’s the leave history for employee STU for the last six months?,leave_balance,leave_history,"{""employee_id"": ""STU"", ""year"": ""2025""}",hr
I was wondering how much vacation leave I have left?,leave_balance,leave_balance_by_type,"{""leave_type"": ""vacation""}",employee
Can you provide me with a summary of my sick leave balance?,leave_balance,leave_balance_by_type,"{""leave_type"": ""sick""}",employee
What’s my total leave balance looking like right now?,leave_balance,leave_balance_summary,{},employee
Could you remind me how many personal days I have left?,leave_balance,leave_balance_by_type,"{""leave_type"": ""personal""}",employee
What’s the history of my leave balances over the last few months?,leave_balance,leave_history,{},employee
How many leave days do I have left for this month?,leave_balance,leave_balance_summary,"{""month"": ""August"", ""year"": ""2025""}",employee
"I’d like to know my leave balance for maternity leave, please.",leave_balance,leave_balance_by_type,"{""leave_type"": ""maternity""}",employee
Could you check if I have any approved leaves coming up?,leave_balance,upcoming_approved_leaves,{},employee
What’s my leave balance for the year 2025?,leave_balance,leave_balance_summary,"{""year"": ""2025""}",employee
What’s my leave balance history for the last six months?,leave_balance,leave_history,{},employee
I need to know my leave balance for the upcoming month.,leave_balance,leave_balance_summary,"{""month"": ""September"", ""year"": ""2025""}",employee
Can you check my leave history for the last quarter?,leave_balance,leave_history,{},employee
"I’m curious about my leave balance for the next year, can you help?",leave_balance,leave_balance_summary,"{""year"": ""2026""}",employee
What’s the balance of my unpaid leave days?,leave_balance,leave_balance_by_type,"{""leave_type"": ""unpaid""}",employee
Can I see a summary of my approved leaves?,leave_balance,upcoming_approved_leaves,{},employee
Could you tell me the leave balance for employee ID 12345?,leave_balance,leave_balance_summary,"{""employee_id"": ""12345""}",hr
What’s the sick leave balance for employee Jane Doe?,leave_balance,leave_balance_by_type,"{""leave_type"": ""sick"", ""employee_name"": ""Jane Doe""}",hr
Can you provide the leave history for employee ID 67890?,leave_balance,leave_history,"{""employee_id"": ""67890""}",hr
I need to check the vacation leave balance for John Smith.,leave_balance,leave_balance_by_type,"{""leave_type"": ""vacation"", ""employee_name"": ""John Smith""}",hr
What’s the upcoming approved leaves for employee ID 54321?,leave_balance,upcoming_approved_leaves,"{""employee_id"": ""54321""}",hr
Can you summarize the leave balances for the team?,leave_balance,leave_balance_summary,{},hr
I’d like to see the leave history for all employees in the department.,leave_balance,leave_history,{},hr
What’s the total leave balance for the finance team?,leave_balance,leave_balance_summary,{},hr
Can you provide leave balance details for the HR department?,leave_balance,leave_balance_summary,{},hr
I need to know the leave balances for employees on long-term leave.,leave_balance,leave_balance_summary,{},hr
Can you check the leave history for employees who joined last year?,leave_balance,leave_history,"{""year"": ""2024""}",hr
What’s the leave balance for employees who took maternity leave recently?,leave_balance,leave_balance_by_type,"{""leave_type"": ""maternity""}",hr
Can you summarize the leave balances for employees who are currently on leave?,leave_balance,leave_balance_summary,{},hr
I need to know the leave history for employees who took leave in July.,leave_balance,leave_history,"{""month"": ""July"", ""year"": ""2025""}",hr
What’s the leave balance for employees with less than 5 years of service?,leave_balance,leave_balance_summary,{},hr
Can you provide a report on the leave balances for the last quarter?,leave_balance,leave_history,{},hr
I’d like to see the leave balance for employees who are part-time.,leave_balance,leave_balance_summary,{},hr
Could you tell me my current leave balance summary?,leave_balance,leave_balance_summary,{},employee
What is the total leave balance for the year 2025?,leave_balance,leave_balance_summary,"{""year"": ""2025""}",employee
"I’d like to see my leave history for last month, please.",leave_balance,leave_history,"{""month"": ""September"", ""year"": ""2023""}",employee
Can you remind me of my approved leaves coming up?,leave_balance,upcoming_approved_leaves,{},employee
How many vacation days do I have left as of now?,leave_balance,leave_balance_by_type,"{""leave_type"": ""vacation""}",employee
Could you summarize my leave balance for the current month?,leave_balance,leave_balance_summary,"{""month"": ""October"", ""year"": ""2023""}",employee
I want to check my leave history for the last quarter.,leave_balance,leave_history,"{""year"": ""2023""}",employee
What are my upcoming approved leaves for the next month?,leave_balance,upcoming_approved_leaves,"{""month"": ""November"", ""year"": ""2023""}",employee
Can you tell me how many days of personal leave I have left?,leave_balance,leave_balance_by_type,"{""leave_type"": ""personal""}",employee
I think my leave balance summary is incorrect; can you check?,leave_balance,leave_balance_summary,{},employee
"What’s the leave history for my colleague, John Doe?",leave_balance,leave_history,"{""employee_name"": ""John Doe""}",hr
Can you provide the leave balance for Jane Smith?,leave_balance,leave_balance_summary,"{""employee_name"": ""Jane Smith""}",hr
What’s the sick leave balance for all employees?,leave_balance,leave_balance_by_type,"{""leave_type"": ""sick""}",hr
Can you summarize the leave history for all employees this year?,leave_balance,leave_history,"{""year"": ""2023""}",hr
How many vacation days does each employee have left?,leave_balance,leave_balance_by_type,"{""leave_type"": ""vacation""}",hr
Could you show me the leave balance summary for the department?,leave_balance,leave_balance_summary,{},hr
What’s the leave history for the last month for all staff?,leave_balance,leave_history,"{""month"": ""September"", ""year"": ""2023""}",hr
Can you provide a report of upcoming approved leaves for the next quarter?,leave_balance,upcoming_approved_leaves,{},hr
What’s the total leave balance for employees in 2025?,leave_balance,leave_balance_summary,"{""year"": ""2025""}",hr
I need to check how many sick days are remaining for the team.,leave_balance,leave_balance_by_type,"{""leave_type"": ""sick""}",hr
Can you summarize the leave history for the last year?,leave_balance,leave_history,"{""year"": ""2022""}",hr
What’s the vacation leave balance for all employees?,leave_balance,leave_balance_by_type,"{""leave_type"": ""vacation""}",hr
Can you provide the leave balance summary for the entire organization?,leave_balance,leave_balance_summary,{},hr
What’s the upcoming approved leave status for the team?,leave_balance,upcoming_approved_leaves,{},hr
Can you show me the leave history for the last two months?,leave_balance,leave_history,"{""month"": ""September"", ""year"": ""2023""}",hr
How many personal leave days do employees have left?,leave_balance,leave_balance_by_type,"{""leave_type"": ""personal""}",hr
Could you summarize the leave balance for the finance department?,leave_balance,leave_balance_summary,{},hr
What’s the sick leave history for the last year for all employees?,leave_balance,leave_history,"{""year"": ""2022""}",hr
Can you provide a report on upcoming approved leaves for the next month?,leave_balance,upcoming_approved_leaves,"{""month"": ""November"", ""year"": ""2023""}",hr
What’s the leave balance for employees in the marketing team?,leave_balance,leave_balance_summary,{},hr
Can you summarize the leave history for the last six months?,leave_balance,leave_history,"{""year"": ""2023""}",hr
Could you tell me my current leave balance?,leave_balance,leave_balance_summary,"{""month"": ""August"", ""year"": ""2025"", ""leave_type"": ""vacation""}",employee
I need to check how many sick days I have left.,leave_balance,leave_balance_by_type,"{""month"": ""August"", ""year"": ""2025"", ""leave_type"": ""sick""}",employee
Can you provide me with a summary of my upcoming approved leaves?,leave_balance,upcoming_approved_leaves,"{""month"": ""August"", ""year"": ""2025"", ""leave_type"": ""vacation""}",employee
What is my leave balance for this month?,leave_balance,leave_balance_summary,"{""month"": ""August"", ""year"": ""2025"", ""leave_type"": ""vacation""}",employee
Can you show me my leave history for the last six months?,leave_balance,leave_history,"{""month"": ""August"", ""year"": ""2025"", ""leave_type"": ""vacation""}",employee
I would like to know if I have any upcoming leaves approved.,leave_balance,upcoming_approved_leaves,"{""month"": ""August"", ""year"": ""2025"", ""leave_type"": ""vacation""}",employee
What are my remaining leave days for this year?,leave_balance,leave_balance_summary,"{""month"": ""August"", ""year"": ""2025"", ""leave_type"": ""vacation""}",employee
Can you tell me how many sick leave days I've used this year?,leave_balance,leave_history,"{""month"": ""August"", ""year"": ""2025"", ""leave_type"": ""sick""}",employee
How many vacation days do I have left?,leave_balance,leave_balance_by_type,"{""month"": ""August"", ""year"": ""2025"", ""leave_type"": ""vacation""}",employee
"I think I have some personal leave left, can you check?",leave_balance,leave_balance_by_type,"{""month"": ""August"", ""year"": ""2025"", ""leave_type"": ""personal""}",employee
What does my leave history look like for the last quarter?,leave_balance,leave_history,"{""month"": ""August"", ""year"": ""2025"", ""leave_type"": ""vacation""}",employee
Can you list my upcoming approved leaves?,leave_balance,upcoming_approved_leaves,"{""month"": ""August"", ""year"": ""2025"", ""leave_type"": ""vacation""}",employee
Can you tell me my sick leave balance?,leave_balance,leave_balance_by_type,"{""month"": ""August"", ""year"": ""2025"", ""leave_type"": ""sick""}",employee
What is my leave history for the past two months?,leave_balance,leave_history,"{""month"": ""August"", ""year"": ""2025"", ""leave_type"": ""vacation""}",employee
Could you provide details on my upcoming leaves?,leave_balance,upcoming_approved_leaves,"{""month"": ""August"", ""year"": ""2025"", ""leave_type"": ""vacation""}",employee
How many sick days have I taken this year?,leave_balance,leave_history,"{""month"": ""August"", ""year"": ""2025"", ""leave_type"": ""sick""}",employee
Can you check my leave history for the last year?,leave_balance,leave_history,"{""month"": ""August"", ""year"": ""2025"", ""leave_type"": ""vacation""}",employee
What upcoming leaves do I have approved?,leave_balance,upcoming_approved_leaves,"{""month"": ""August"", ""year"": ""2025"", ""leave_type"": ""vacation""}",employee
"I think I have some personal leave days left, can you verify?",leave_balance,leave_balance_by_type,"{""month"": ""August"", ""year"": ""2025"", ""leave_type"": ""personal""}",employee
What is my sick leave balance for this month?,leave_balance,leave_balance_by_type,"{""month"": ""August"", ""year"": ""2025"", ""leave_type"": ""sick""}",employee
Can you provide my leave history for the past six months?,leave_balance,leave_history,"{""month"": ""August"", ""year"": ""2025"", ""leave_type"": ""vacation""}",employee
Can you list my upcoming approved leave days?,leave_balance,upcoming_approved_leaves,"{""month"": ""August"", ""year"": ""2025"", ""leave_type"": ""vacation""}",hr
How many vacation days does employee X have left?,leave_balance,leave_balance_by_type,"{""month"": ""August"", ""year"": ""2025"", ""leave_type"": ""vacation""}",hr
What is the leave history for employee Y?,leave_balance,leave_history,"{""month"": ""August"", ""year"": ""2025"", ""leave_type"": ""vacation""}",hr
Can you provide the upcoming approved leaves for employee Z?,leave_balance,upcoming_approved_leaves,"{""month"": ""August"", ""year"": ""2025"", ""leave_type"": ""vacation""}",hr
How many sick leave days does employee A have remaining?,leave_balance,leave_balance_by_type,"{""month"": ""August"", ""year"": ""2025"", ""leave_type"": ""sick""}",hr
What is the leave balance summary for employee B?,leave_balance,leave_balance_summary,"{""month"": ""August"", ""year"": ""2025"", ""leave_type"": ""vacation""}",hr
What is my balance for sick leave?,leave_balance,leave_balance_by_type,"{""month"": ""August"", ""year"": ""2025"", ""leave_type"": ""sick""}",employee
"I’d like to know about my upcoming approved leaves, if any.",leave_balance,upcoming_approved_leaves,"{""month"": ""August"", ""year"": ""2025"", ""leave_type"": ""vacation""}",employee
Is there a way to check my leave balance summary?,leave_balance,leave_balance_summary,"{""month"": ""August"", ""year"": ""2025"", ""leave_type"": ""vacation""}",employee
What’s my balance for vacation days?,leave_balance,leave_balance_by_type,"{""month"": ""August"", ""year"": ""2025"", ""leave_type"": ""vacation""}",employee
Are there any upcoming leaves that have been approved for me?,leave_balance,upcoming_approved_leaves,"{""month"": ""August"", ""year"": ""2025"", ""leave_type"": ""vacation""}",employee
"I think I need to check my leave balance, can you help?",leave_balance,leave_balance_summary,"{""month"": ""August"", ""year"": ""2025"", ""leave_type"": ""vacation""}",employee
What’s the balance for my personal leave days?,leave_balance,leave_balance_by_type,"{""month"": ""August"", ""year"": ""2025"", ""leave_type"": ""personal""}",employee
Can you show me my leave history for this year?,leave_balance,leave_history,"{""month"": ""August"", ""year"": ""2025"", ""leave_type"": ""vacation""}",employee
Do I have any approved leaves coming up?,leave_balance,upcoming_approved_leaves,"{""month"": ""August"", ""year"": ""2025"", ""leave_type"": ""vacation""}",employee
What is my total leave balance right now?,leave_balance,leave_balance_summary,"{""month"": ""August"", ""year"": ""2025"", ""leave_type"": ""vacation""}",employee
How many sick days do I have left?,leave_balance,leave_balance_by_type,"{""month"": ""August"", ""year"": ""2025"", ""leave_type"": ""sick""}",employee
Can I get a summary of my leave history?,leave_balance,leave_history,"{""month"": ""August"", ""year"": ""2025"", ""leave_type"": ""vacation""}",employee
What upcoming leaves have been approved for me?,leave_balance,upcoming_approved_leaves,"{""month"": ""August"", ""year"": ""2025"", ""leave_type"": ""vacation""}",employee
Could you provide my leave history for the last quarter?,leave_balance,leave_history,"{""month"": ""August"", ""year"": ""2025"", ""leave_type"": ""vacation""}",employee
Are there any approved leaves scheduled for me soon?,leave_balance,upcoming_approved_leaves,"{""month"": ""August"", ""year"": ""2025"", ""leave_type"": ""vacation""}",employee
Can you tell me my leave balance summary for this month?,leave_balance,leave_balance_summary,"{""month"": ""August"", ""year"": ""2025"", ""leave_type"": ""vacation""}",employee
"I’d like to review my leave history, please.",leave_balance,leave_history,"{""month"": ""August"", ""year"": ""2025"", ""leave_type"": ""vacation""}",employee
Do I have any upcoming approved leaves?,leave_balance,upcoming_approved_leaves,"{""month"": ""August"", ""year"": ""2025"", ""leave_type"": ""vacation""}",employee
Can you help me find my leave balance?,leave_balance,leave_balance_summary,"{""month"": ""August"", ""year"": ""2025"", ""leave_type"": ""vacation""}",employee
How many vacation days are left in my balance?,leave_balance,leave_balance_by_type,"{""month"": ""August"", ""year"": ""2025"", ""leave_type"": ""vacation""}",employee
Can I see my leave history for the last year?,leave_balance,leave_history,"{""month"": ""August"", ""year"": ""2025"", ""leave_type"": ""vacation""}",employee
"I think my leave balance is incorrect, can you verify?",leave_balance,leave_balance_summary,"{""month"": ""August"", ""year"": ""2025"", ""leave_type"": ""vacation""}",employee
How many sick days do I still have?,leave_balance,leave_balance_by_type,"{""month"": ""August"", ""year"": ""2025"", ""leave_type"": ""sick""}",employee
Can you provide my leave history for the past few months?,leave_balance,leave_history,"{""month"": ""August"", ""year"": ""2025"", ""leave_type"": ""vacation""}",employee
Are there any approved leaves I should be aware of?,leave_balance,upcoming_approved_leaves,"{""month"": ""August"", ""year"": ""2025"", ""leave_type"": ""vacation""}",employee
Could you remind me of my leave balance?,leave_balance,leave_balance_summary,"{""month"": ""August"", ""year"": ""2025"", ""leave_type"": ""vacation""}",employee
Do I have any upcoming leaves that have been approved for this employee?,leave_balance,upcoming_approved_leaves,"{""month"": ""August"", ""year"": ""2025"", ""leave_type"": ""vacation""}",hr
What is the leave balance for employee ID 12345?,leave_balance,leave_balance_summary,"{""month"": ""August"", ""year"": ""2025"", ""leave_type"": ""vacation""}",hr
Can you check the sick leave balance for employee XYZ?,leave_balance,leave_balance_by_type,"{""month"": ""August"", ""year"": ""2025"", ""leave_type"": ""sick""}",hr
I need to review the leave history for employee ABC.,leave_balance,leave_history,"{""month"": ""August"", ""year"": ""2025"", ""leave_type"": ""vacation""}",hr
What upcoming approved leaves does employee 67890 have?,leave_balance,upcoming_approved_leaves,"{""month"": ""August"", ""year"": ""2025"", ""leave_type"": ""vacation""}",hr
Could you tell me my vacation leave balance?,leave_balance,leave_balance_by_type,"{""leave_type"": ""vacation""}",employee
I was wondering how many sick days I have left this year.,leave_balance,leave_balance_by_type,"{""leave_type"": ""sick""}",employee
What is my total leave balance as of now?,leave_balance,leave_balance_summary,{},employee
I think I need to check my leave history for the past year.,leave_balance,leave_history,"{""year"": ""2025""}",employee
How many vacation days did I take last year?,leave_balance,leave_history,"{""year"": ""2024""}",employee
I want to know if I have any approved leaves coming up.,leave_balance,upcoming_approved_leaves,{},employee
What’s my leave balance for parental leave?,leave_balance,leave_balance_by_type,"{""leave_type"": ""parental""}",employee
Can you remind me how many personal days I have left?,leave_balance,leave_balance_by_type,"{""leave_type"": ""personal""}",employee
I need to check my leave balance for the month of August.,leave_balance,leave_balance_summary,"{""month"": ""August""}",employee
How many sick leaves do I have remaining this month?,leave_balance,leave_balance_by_type,"{""leave_type"": ""sick"", ""month"": ""August""}",employee
Could you show me my leave history for sick leave?,leave_balance,leave_history,"{""leave_type"": ""sick""}",employee
What’s the status of my vacation leave requests?,leave_balance,upcoming_approved_leaves,{},employee
Can HR provide a summary of my leave balance?,leave_balance,leave_balance_summary,{},hr
I need to know the leave balance for employee ID 12345.,leave_balance,leave_balance_summary,"{""employee_id"": ""12345""}",hr
What is the sick leave balance for employee 67890?,leave_balance,leave_balance_by_type,"{""leave_type"": ""sick"", ""employee_id"": ""67890""}",hr
Can you check the leave history for employee 54321?,leave_balance,leave_history,"{""employee_id"": ""54321""}",hr
How many vacation days does employee 98765 have left?,leave_balance,leave_balance_by_type,"{""leave_type"": ""vacation"", ""employee_id"": ""98765""}",hr
What are the upcoming approved leaves for employee 13579?,leave_balance,upcoming_approved_leaves,"{""employee_id"": ""13579""}",hr
Could you provide the leave balance for the team this month?,leave_balance,leave_balance_summary,"{""month"": ""August""}",hr
How many personal days are remaining for the department?,leave_balance,leave_balance_by_type,"{""leave_type"": ""personal""}",hr
Can I see the leave history for the last quarter?,leave_balance,leave_history,"{""quarter"": ""Q3"", ""year"": ""2025""}",hr
What’s the total leave balance for all employees?,leave_balance,leave_balance_summary,{},hr
I think I need to check the leave balance for the finance team.,leave_balance,leave_balance_summary,"{""department"": ""finance""}",hr
Can you provide a report on vacation leave taken this year?,leave_balance,leave_history,"{""leave_type"": ""vacation"", ""year"": ""2025""}",hr
What’s the sick leave balance for the marketing team?,leave_balance,leave_balance_by_type,"{""leave_type"": ""sick"", ""department"": ""marketing""}",hr
Can you summarize the leave balances for employees in sales?,leave_balance,leave_balance_summary,"{""department"": ""sales""}",hr
How many vacation days are left for the HR department?,leave_balance,leave_balance_by_type,"{""leave_type"": ""vacation"", ""department"": ""HR""}",hr
Could you show me the leave history for the last month?,leave_balance,leave_history,"{""month"": ""July"", ""year"": ""2025""}",hr
What’s the leave balance for employee 24680?,leave_balance,leave_balance_summary,"{""employee_id"": ""24680""}",hr
Can you tell me how many sick leaves have been taken this year?,leave_balance,leave_history,"{""leave_type"": ""sick"", ""year"": ""2025""}",hr
What are the upcoming leaves for employee 86420?,leave_balance,upcoming_approved_leaves,"{""employee_id"": ""86420""}",hr
Can you check the leave balance for employee 11223?,leave_balance,leave_balance_summary,"{""employee_id"": ""11223""}",hr
I think I need to know the leave history for employee 33445.,leave_balance,leave_history,"{""employee_id"": ""33445""}",hr
Could you provide the leave balance for the entire company?,leave_balance,leave_balance_summary,{},hr
What’s the leave balance for the IT department this month?,leave_balance,leave_balance_summary,"{""month"": ""August"", ""department"": ""IT""}",hr
"I need to check my vacation leave balance, if that's possible.",leave_balance,leave_balance_by_type,"{""leave_type"": ""vacation""}",employee
Is there a way to see my leave balance summary for last year?,leave_balance,leave_balance_summary,"{""year"": ""2024""}",employee
What’s my balance for personal leave?,leave_balance,leave_balance_by_type,"{""leave_type"": ""personal""}",employee
I’d like to know how much vacation leave I have left.,leave_balance,leave_balance_by_type,"{""leave_type"": ""vacation""}",employee
Could you remind me how many sick days I have left?,leave_balance,leave_balance_by_type,"{""leave_type"": ""sick""}",employee
Can you check my leave balance summary for the last quarter?,leave_balance,leave_balance_summary,"{""year"": ""2025""}",employee
I think I might have some personal leave left; can you verify?,leave_balance,leave_balance_by_type,"{""leave_type"": ""personal""}",employee
What’s the status of my approved leaves for the next month?,leave_balance,upcoming_approved_leaves,"{""month"": ""November"", ""year"": ""2025""}",employee
What’s my balance for vacation days as of now?,leave_balance,leave_balance_by_type,"{""leave_type"": ""vacation""}",employee
Could you check if I have any upcoming approved leaves?,leave_balance,upcoming_approved_leaves,{},employee
Can I get a summary of my sick leave balance for this year?,leave_balance,leave_balance_summary,"{""year"": ""2025""}",employee
What’s my leave history for the past six months?,leave_balance,leave_history,{},employee
I’d like to know if I have any approved leaves coming up.,leave_balance,upcoming_approved_leaves,{},employee
Can you provide my leave balance summary for the last month?,leave_balance,leave_balance_summary,"{""month"": ""September"", ""year"": ""2025""}",employee
Could you check my leave history for the last two years?,leave_balance,leave_history,{},employee
Can I see my upcoming approved leaves for the next quarter?,leave_balance,upcoming_approved_leaves,{},employee
What’s my balance for vacation leave as of now?,leave_balance,leave_balance_by_type,"{""leave_type"": ""vacation""}",employee
Can you remind me of my leave balance summary for this month?,leave_balance,leave_balance_summary,"{""month"": ""October"", ""year"": ""2025""}",employee
What’s my leave history for the last month?,leave_balance,leave_history,{},employee
I need to check my sick leave balance for the current year.,leave_balance,leave_balance_by_type,"{""leave_type"": ""sick""}",employee
Could you provide a summary of my personal leave balance?,leave_balance,leave_balance_by_type,"{""leave_type"": ""personal""}",employee
What’s my leave balance summary for the past year?,leave_balance,leave_balance_summary,"{""year"": ""2024""}",employee
What are my upcoming approved leaves for this year?,leave_balance,upcoming_approved_leaves,"{""year"": ""2025""}",employee
Can you provide my sick leave balance summary for the last quarter?,leave_balance,leave_balance_summary,"{""year"": ""2025""}",employee
Could you check if I have any personal leave days left?,leave_balance,leave_balance_by_type,"{""leave_type"": ""personal""}",employee
Can you remind me of my upcoming approved leaves for next month?,leave_balance,upcoming_approved_leaves,"{""month"": ""November"", ""year"": ""2025""}",employee
Could you tell me my total leave balance?,leave_balance,leave_balance_summary,"{""month"": ""August"", ""year"": ""2025"", ""leave_type"": ""vacation""}",employee
How many personal days do I still have available?,leave_balance,leave_balance_by_type,"{""month"": ""August"", ""year"": ""2025"", ""leave_type"": ""personal""}",employee
"I think I have some leave left, can you confirm?",leave_balance,leave_balance_summary,"{""month"": ""August"", ""year"": ""2025"", ""leave_type"": ""vacation""}",employee
What’s the history of my leave usage?,leave_balance,leave_history,"{""month"": ""August"", ""year"": ""2025"", ""leave_type"": ""vacation""}",employee
I’d like to know how many sick days I’ve taken this year.,leave_balance,leave_history,"{""month"": ""August"", ""year"": ""2025"", ""leave_type"": ""sick""}",employee
Could you check my leave balance for the last quarter?,leave_balance,leave_balance_summary,"{""month"": ""August"", ""year"": ""2025"", ""leave_type"": ""vacation""}",employee
What’s the balance for my maternity leave?,leave_balance,leave_balance_by_type,"{""month"": ""August"", ""year"": ""2025"", ""leave_type"": ""maternity""}",employee
Can I see how many vacation days I have left?,leave_balance,leave_balance_by_type,"{""month"": ""August"", ""year"": ""2025"", ""leave_type"": ""vacation""}",employee
"I think I used some leave last month, what’s left?",leave_balance,leave_balance_summary,"{""month"": ""August"", ""year"": ""2025"", ""leave_type"": ""vacation""}",employee
What’s my leave balance for this month?,leave_balance,leave_balance_summary,"{""month"": ""August"", ""year"": ""2025"", ""leave_type"": ""vacation""}",employee
Can you remind me of my leave history?,leave_balance,leave_history,"{""month"": ""August"", ""year"": ""2025"", ""leave_type"": ""vacation""}",employee
I need to find out how many sick days I have left.,leave_balance,leave_balance_by_type,"{""month"": ""August"", ""year"": ""2025"", ""leave_type"": ""sick""}",employee
Can you provide details on my approved leaves?,leave_balance,upcoming_approved_leaves,"{""month"": ""August"", ""year"": ""2025"", ""leave_type"": ""vacation""}",employee
Can you check my leave balance for the year?,leave_balance,leave_balance_summary,"{""month"": ""August"", ""year"": ""2025"", ""leave_type"": ""vacation""}",employee
I’d like to know my leave history for the past year.,leave_balance,leave_history,"{""month"": ""August"", ""year"": ""2025"", ""leave_type"": ""vacation""}",employee
What’s the status of my upcoming leave requests?,leave_balance,upcoming_approved_leaves,"{""month"": ""August"", ""year"": ""2025"", ""leave_type"": ""vacation""}",employee
Can you tell me how many vacation days I have used?,leave_balance,leave_history,"{""month"": ""August"", ""year"": ""2025"", ""leave_type"": ""vacation""}",employee
What’s my balance for this month’s sick leave?,leave_balance,leave_balance_by_type,"{""month"": ""August"", ""year"": ""2025"", ""leave_type"": ""sick""}",employee
Could you summarize my leave balance for me?,leave_balance,leave_balance_summary,"{""month"": ""August"", ""year"": ""2025"", ""leave_type"": ""vacation""}",employee
I need to know how many sick days I have left.,leave_balance,leave_balance_by_type,"{""month"": ""August"", ""year"": ""2025"", ""leave_type"": ""sick""}",employee
Can you provide my leave history for the last few months?,leave_balance,leave_history,"{""month"": ""August"", ""year"": ""2025"", ""leave_type"": ""vacation""}",employee
What’s the balance for my leave days this year?,leave_balance,leave_balance_summary,"{""month"": ""August"", ""year"": ""2025"", ""leave_type"": ""vacation""}",employee
Can you check my approved leave days for the next month?,leave_balance,upcoming_approved_leaves,"{""month"": ""August"", ""year"": ""2025"", ""leave_type"": ""vacation""}",hr
What’s the leave balance for employee XYZ?,leave_balance,leave_balance_summary,"{""month"": ""August"", ""year"": ""2025"", ""leave_type"": ""vacation""}",hr
Can you provide the leave history for employee ABC?,leave_balance,leave_history,"{""month"": ""August"", ""year"": ""2025"", ""leave_type"": ""vacation""}",hr
How many sick days does employee DEF have left?,leave_balance,leave_balance_by_type,"{""month"": ""August"", ""year"": ""2025"", ""leave_type"": ""sick""}",hr
What’s the upcoming leave status for employee GHI?,leave_balance,upcoming_approved_leaves,"{""month"": ""August"", ""year"": ""2025"", ""leave_type"": ""vacation""}",hr
Can you summarize the leave balance for employee JKL?,leave_balance,leave_balance_summary,"{""month"": ""August"", ""year"": ""2025"", ""leave_type"": ""vacation""}",hr
What’s the leave history for employee MNO?,leave_balance,leave_history,"{""month"": ""August"", ""year"": ""2025"", ""leave_type"": ""vacation""}",hr
How many vacation days does employee PQR have remaining?,leave_balance,leave_balance_by_type,"{""month"": ""August"", ""year"": ""2025"", ""leave_type"": ""vacation""}",hr
Can you check the leave balance for employee STU?,leave_balance,leave_balance_summary,"{""month"": ""August"", ""year"": ""2025"", ""leave_type"": ""vacation""}",hr
What’s the sick leave balance for employee VWX?,leave_balance,leave_balance_by_type,"{""month"": ""August"", ""year"": ""2025"", ""leave_type"": ""sick""}",hr
Could you let me know my current leave balance?,leave_balance,leave_balance_summary,"{""month"": ""August"", ""year"": ""2025"", ""leave_type"": ""annual""}",employee
What is my vacation leave balance looking like?,leave_balance,leave_balance_by_type,"{""month"": ""August"", ""year"": ""2025"", ""leave_type"": ""vacation""}",employee
Can you tell me how many sick days I have left?,leave_balance,leave_balance_by_type,"{""month"": ""August"", ""year"": ""2025"", ""leave_type"": ""sick""}",employee
I think I should have some leave days remaining; can you check?,leave_balance,leave_balance_summary,"{""month"": ""August"", ""year"": ""2025"", ""leave_type"": ""annual""}",employee
What’s my leave history for the past year?,leave_balance,leave_history,"{""month"": ""August"", ""year"": ""2025"", ""leave_type"": ""annual""}",employee
I need to see how many personal leave days I have left.,leave_balance,leave_balance_by_type,"{""month"": ""August"", ""year"": ""2025"", ""leave_type"": ""personal""}",employee
Can you remind me of my leave balance for this month?,leave_balance,leave_balance_summary,"{""month"": ""August"", ""year"": ""2025"", ""leave_type"": ""annual""}",employee
I’d like to know if I have any vacation days left.,leave_balance,leave_balance_by_type,"{""month"": ""August"", ""year"": ""2025"", ""leave_type"": ""vacation""}",employee
Could you check my sick leave balance for me?,leave_balance,leave_balance_by_type,"{""month"": ""August"", ""year"": ""2025"", ""leave_type"": ""sick""}",employee
How many leave days have I taken this year?,leave_balance,leave_history,"{""month"": ""August"", ""year"": ""2025"", ""leave_type"": ""annual""}",employee
What are my upcoming leaves?,leave_balance,upcoming_approved_leaves,"{""month"": ""August"", ""year"": ""2025"", ""leave_type"": ""annual""}",employee
Can I see my leave history for the last few months?,leave_balance,leave_history,"{""month"": ""August"", ""year"": ""2025"", ""leave_type"": ""annual""}",employee
I think I have some personal leave days left; can you confirm?,leave_balance,leave_balance_by_type,"{""month"": ""August"", ""year"": ""2025"", ""leave_type"": ""personal""}",employee
What’s the vacation leave balance for employee Jane Doe?,leave_balance,leave_balance_by_type,"{""month"": ""August"", ""year"": ""2025"", ""leave_type"": ""vacation""}",hr
How many sick days does employee John Smith have left?,leave_balance,leave_balance_by_type,"{""month"": ""August"", ""year"": ""2025"", ""leave_type"": ""sick""}",hr
What are the upcoming approved leaves for employee Jane Doe?,leave_balance,upcoming_approved_leaves,"{""month"": ""August"", ""year"": ""2025"", ""leave_type"": ""annual""}",hr
I need to check the leave balance for employee ID 54321.,leave_balance,leave_balance_summary,"{""month"": ""August"", ""year"": ""2025"", ""leave_type"": ""annual""}",hr
Can you tell me the sick leave balance for employee John Smith?,leave_balance,leave_balance_by_type,"{""month"": ""August"", ""year"": ""2025"", ""leave_type"": ""sick""}",hr
What’s the maternity leave balance for employee Jane Doe?,leave_balance,leave_balance_by_type,"{""month"": ""August"", ""year"": ""2025"", ""leave_type"": ""maternity""}",hr
Can you show me the leave history for employee ID 12345?,leave_balance,leave_history,"{""month"": ""August"", ""year"": ""2025"", ""leave_type"": ""annual""}",hr
How many vacation days does employee ID 67890 have left?,leave_balance,leave_balance_by_type,"{""month"": ""August"", ""year"": ""2025"", ""leave_type"": ""vacation""}",hr
I need to see the upcoming leaves for employee John Smith.,leave_balance,upcoming_approved_leaves,"{""month"": ""August"", ""year"": ""2025"", ""leave_type"": ""annual""}",hr
What’s the leave balance for employee Jane Doe?,leave_balance,leave_balance_summary,"{""month"": ""August"", ""year"": ""2025"", ""leave_type"": ""annual""}",hr
Can you provide the leave history for employee ID 54321?,leave_balance,leave_history,"{""month"": ""August"", ""year"": ""2025"", ""leave_type"": ""annual""}",hr
How many personal leave days does employee John Smith have left?,leave_balance,leave_balance_by_type,"{""month"": ""August"", ""year"": ""2025"", ""leave_type"": ""personal""}",hr
What’s the sick leave balance for employee ID 67890?,leave_balance,leave_balance_by_type,"{""month"": ""August"", ""year"": ""2025"", ""leave_type"": ""sick""}",hr
Can you check the vacation leave balance for employee Jane Doe?,leave_balance,leave_balance_by_type,"{""month"": ""August"", ""year"": ""2025"", ""leave_type"": ""vacation""}",hr
I need to see the leave history for employee John Smith.,leave_balance,leave_history,"{""month"": ""August"", ""year"": ""2025"", ""leave_type"": ""annual""}",hr
What are the upcoming approved leaves for employee ID 12345?,leave_balance,upcoming_approved_leaves,"{""month"": ""August"", ""year"": ""2025"", ""leave_type"": ""annual""}",hr
Can you tell me the leave balance for employee ID 54321?,leave_balance,leave_balance_summary,"{""month"": ""August"", ""year"": ""2025"", ""leave_type"": ""annual""}",hr
How many sick days does employee Jane Doe have left?,leave_balance,leave_balance_by_type,"{""month"": ""August"", ""year"": ""2025"", ""leave_type"": ""sick""}",hr
Could you let me know my current leave balance for vacation days?,leave_balance,leave_balance_by_type,"{""leave_type"": ""vacation""}",employee
I’m curious about how many sick leave days I have left. Can you help?,leave_balance,leave_balance_by_type,"{""leave_type"": ""sick""}",employee
Can you provide me with a summary of my leave balance for the year 2025?,leave_balance,leave_balance_summary,"{""year"": ""2025""}",employee
I think I might have some upcoming approved leaves. Can you check that for me?,leave_balance,upcoming_approved_leaves,{},employee
Can you tell me how many vacation days I've taken this year?,leave_balance,leave_history,"{""year"": ""2025"", ""leave_type"": ""vacation""}",employee
"I’d like to see my leave history for sick days, if possible. What do you have?",leave_balance,leave_history,"{""year"": ""2025"", ""leave_type"": ""sick""}",employee
Could you check if there are any approved leaves for employee ID 12345?,leave_balance,upcoming_approved_leaves,"{""employee_id"": ""12345""}",hr
Can you provide the leave history for John Smith for the year 2025?,leave_balance,leave_history,"{""employee_name"": ""John Smith"", ""year"": ""2025""}",hr
I need to know how many vacation days are left for employee ID 67890.,leave_balance,leave_balance_by_type,"{""employee_id"": ""67890"", ""leave_type"": ""vacation""}",hr
What’s the sick leave balance for the team member with ID 54321?,leave_balance,leave_balance_by_type,"{""employee_id"": ""54321"", ""leave_type"": ""sick""}",hr
Can you summarize the leave balances for all employees for this month?,leave_balance,leave_balance_summary,"{""month"": ""August""}",hr
I’d like to see the upcoming approved leaves for the department. Any info?,leave_balance,upcoming_approved_leaves,{},hr
What’s the leave history for all employees for the year 2025?,leave_balance,leave_history,"{""year"": ""2025""}",hr
Can you provide the leave balance for all employees for vacation days?,leave_balance,leave_balance_by_type,"{""leave_type"": ""vacation""}",hr
I need to check the leave balance for all team members for sick leave. Can you help?,leave_balance,leave_balance_by_type,"{""leave_type"": ""sick""}",hr
Could you summarize the leave balances for the entire department?,leave_balance,leave_balance_summary,{},hr
Could you let me know my vacation leave balance for this year?,leave_balance,leave_balance_by_type,"{""year"": ""2025"", ""leave_type"": ""vacation""}",employee
I was wondering if you could provide the summary of my leave balance?,leave_balance,leave_balance_summary,{},employee
Could you tell me about the travel policy for international trips?,policy_query,policy_travel,"{""trip_type"": ""international""}",employee
What are the reimbursement policies for work-related expenses?,policy_query,policy_reimbursement,{},employee
I need to know the leave policy for maternity leave. Can you help?,policy_query,policy_leave,"{""leave_type"": ""maternity""}",employee
Is there a specific format for submitting travel expense reports?,policy_query,policy_reimbursement,{},employee
Where can I find the details about our vacation leave policy?,policy_query,policy_leave,"{""leave_type"": ""vacation""}",employee
What is the maximum number of vacation days I can take in a year?,policy_query,policy_leave,"{""year"": ""2025"", ""leave_type"": ""vacation""}",employee
Can you remind me of the reimbursement policy for meals during travel?,policy_query,policy_reimbursement,{},employee
I think I need to check the policy on sick leave. What does it say?,policy_query,policy_leave,"{""leave_type"": ""sick""}",employee
What are the guidelines for submitting a travel request?,policy_query,policy_travel,{},employee
Could you clarify the policy regarding unpaid leave?,policy_query,policy_leave,"{""leave_type"": ""unpaid""}",employee
I heard there's a new travel policy. Can you provide the details?,policy_query,policy_travel,{},employee
What is the process for getting reimbursed for office supplies?,policy_query,policy_reimbursement,{},employee
Can I get a summary of the leave policy for parental leave?,policy_query,policy_leave,"{""leave_type"": ""parental""}",employee
What are the limits on reimbursement for travel accommodations?,policy_query,policy_reimbursement,{},employee
Could you tell me how many sick days I have left this year?,policy_query,policy_leave,"{""year"": ""2025"", ""leave_type"": ""sick""}",employee
I need to know the policy for business travel. What should I follow?,policy_query,policy_travel,{},employee
Is there a specific form for reimbursement requests?,policy_query,policy_reimbursement,{},employee
What does the policy say about leave for bereavement?,policy_query,policy_leave,"{""leave_type"": ""bereavement""}",employee
Can you provide the details on the travel policy for domestic trips?,policy_query,policy_travel,"{""trip_type"": ""domestic""}",employee
What is the cutoff date for submitting reimbursement claims?,policy_query,policy_reimbursement,{},employee
I think I need to check the leave policy for personal days. What does it say?,policy_query,policy_leave,"{""leave_type"": ""personal""}",employee
Can you clarify the policy on overtime reimbursement?,policy_query,policy_reimbursement,{},employee
What are the rules regarding leave for jury duty?,policy_query,policy_leave,"{""leave_type"": ""jury_duty""}",employee
Could you provide information on the travel policy for conferences?,policy_query,policy_travel,{},employee
What is the policy for reimbursement of training expenses?,policy_query,policy_reimbursement,{},employee
Can you tell me how to apply for a leave of absence?,policy_query,policy_leave,{},employee
What are the guidelines for travel bookings?,policy_query,policy_travel,{},employee
Could you explain the reimbursement policy for transportation costs?,policy_query,policy_reimbursement,{},employee
What does the leave policy say about extended leave?,policy_query,policy_leave,"{""leave_type"": ""extended""}",employee
Can you provide the travel policy for international conferences?,policy_query,policy_travel,{},employee
What are the reimbursement limits for travel meals?,policy_query,policy_reimbursement,{},employee
I need to know the policy for taking leave during holidays. What should I do?,policy_query,policy_leave,"{""leave_type"": ""holiday""}",employee
What are the requirements for travel insurance under our policy?,policy_query,policy_travel,{},employee
Can you clarify the reimbursement policy for equipment purchases?,policy_query,policy_reimbursement,{},employee
What does the leave policy say about part-time employees?,policy_query,policy_leave,{},employee
Could you provide the travel policy for team-building events?,policy_query,policy_travel,{},employee
What are the guidelines for submitting a reimbursement for travel?,policy_query,policy_reimbursement,{},employee
Can you tell me about the policy for taking sick leave?,policy_query,policy_leave,"{""leave_type"": ""sick""}",employee
What is the policy for reimbursement of internet expenses while working from home?,policy_query,policy_reimbursement,{},employee
Could you explain the travel policy for remote employees?,policy_query,policy_travel,{},employee
What are the limits on reimbursement for business meals?,policy_query,policy_reimbursement,{},employee
Can you provide the details on the leave policy for medical appointments?,policy_query,policy_leave,"{""leave_type"": ""medical_appointment""}",employee
What does the travel policy say about booking flights?,policy_query,policy_travel,{},employee
Is there a specific deadline for reimbursement submissions?,policy_query,policy_reimbursement,{},employee
What are the rules for taking leave during peak business periods?,policy_query,policy_leave,{},employee
I need to understand the reimbursement policy for meals during travel.,policy_query,policy_reimbursement,"{""expense_type"": ""meals""}",employee
What does our leave policy say about vacation days?,policy_query,policy_leave,"{""leave_type"": ""vacation""}",employee
Is there a specific policy for emergency leave?,policy_query,policy_leave,"{""leave_type"": ""emergency""}",employee
Can you remind me what the policy is for reimbursing travel expenses?,policy_query,policy_reimbursement,"{""expense_type"": ""travel""}",employee
I think I need to check the policy regarding sick leave.,policy_query,policy_leave,"{""leave_type"": ""sick""}",employee
What are the guidelines for reimbursement of hotel stays?,policy_query,policy_reimbursement,"{""expense_type"": ""hotel""}",employee
Could you clarify the policy on parental leave?,policy_query,policy_leave,"{""leave_type"": ""parental""}",employee
I was wondering about the policy for business travel. Any specifics?,policy_query,policy_travel,"{""travel_type"": ""business""}",employee
What does the reimbursement policy cover for transportation?,policy_query,policy_reimbursement,"{""expense_type"": ""transportation""}",employee
Can you provide details on the leave policy for bereavement?,policy_query,policy_leave,"{""leave_type"": ""bereavement""}",employee
I need to know the travel policy for domestic flights.,policy_query,policy_travel,"{""travel_type"": ""domestic""}",employee
What is the policy for reimbursing conference fees?,policy_query,policy_reimbursement,"{""expense_type"": ""conference_fees""}",employee
Could you explain the policy on unpaid leave?,policy_query,policy_leave,"{""leave_type"": ""unpaid""}",employee
Is there a policy for reimbursement of internet expenses while working from home?,policy_query,policy_reimbursement,"{""expense_type"": ""internet""}",employee
What are the rules for taking personal leave?,policy_query,policy_leave,"{""leave_type"": ""personal""}",employee
Can you tell me how to submit a travel reimbursement request?,policy_query,policy_reimbursement,"{""expense_type"": ""travel""}",employee
What does the leave policy say about maternity leave?,policy_query,policy_leave,"{""leave_type"": ""maternity""}",employee
I think I need to review the travel policy for team outings.,policy_query,policy_travel,"{""travel_type"": ""team_outing""}",employee
Could you let me know if there's a policy for reimbursement of training costs?,policy_query,policy_reimbursement,"{""expense_type"": ""training""}",employee
What is the policy regarding leave for jury duty?,policy_query,policy_leave,"{""leave_type"": ""jury_duty""}",employee
Can you clarify the reimbursement policy for mileage?,policy_query,policy_reimbursement,"{""expense_type"": ""mileage""}",employee
What are the guidelines for taking sick leave?,policy_query,policy_leave,"{""leave_type"": ""sick""}",employee
I need to check the policy for travel insurance during business trips.,policy_query,policy_travel,"{""travel_type"": ""business""}",employee
What does the policy say about leave for medical appointments?,policy_query,policy_leave,"{""leave_type"": ""medical_appointments""}",employee
Can you tell me if there's a reimbursement policy for work-from-home expenses?,policy_query,policy_reimbursement,"{""expense_type"": ""work_from_home""}",employee
What is the policy for taking leave during holidays?,policy_query,policy_leave,"{""leave_type"": ""holiday""}",employee
Could you provide information on the travel policy for remote workers?,policy_query,policy_travel,"{""travel_type"": ""remote_worker""}",employee
What does the reimbursement policy include for office supplies?,policy_query,policy_reimbursement,"{""expense_type"": ""office_supplies""}",employee
Can you explain the policy for taking leave for volunteering?,policy_query,policy_leave,"{""leave_type"": ""volunteering""}",employee
Is there a travel policy for attending trade shows?,policy_query,policy_travel,"{""travel_type"": ""trade_show""}",employee
What are the reimbursement guidelines for business meals?,policy_query,policy_reimbursement,"{""expense_type"": ""business_meals""}",employee
Can you clarify the policy for leave during peak seasons?,policy_query,policy_leave,"{""leave_type"": ""peak_season""}",employee
Could you let me know if there's a policy for reimbursement of gym memberships?,policy_query,policy_reimbursement,"{""expense_type"": ""gym_membership""}",employee
What is the policy for taking leave for personal development?,policy_query,policy_leave,"{""leave_type"": ""personal_development""}",employee
Can you provide details on the travel policy for client visits?,policy_query,policy_travel,"{""travel_type"": ""client_visit""}",employee
What does the reimbursement policy cover for work-related travel?,policy_query,policy_reimbursement,"{""expense_type"": ""work_related_travel""}",employee
Could you explain the policy for taking leave for family emergencies?,policy_query,policy_leave,"{""leave_type"": ""family_emergency""}",employee
What are the guidelines for travel expenses when attending conferences?,policy_query,policy_travel,"{""travel_type"": ""conference""}",employee
Can you tell me about the reimbursement policy for relocation expenses?,policy_query,policy_reimbursement,"{""expense_type"": ""relocation""}",employee
Could you clarify the travel policy for team retreats?,policy_query,policy_travel,"{""travel_type"": ""team_retreat""}",employee
Could you tell me about the travel policy for employees?,policy_query,policy_travel,{},employee
What are the guidelines for reimbursement of expenses?,policy_query,policy_reimbursement,{},employee
Is there a specific leave policy for vacation days?,policy_query,policy_leave,{},employee
"I think I need to check the travel policy again, where can I find it?",policy_query,policy_travel,{},employee
What does the reimbursement policy say about meals during travel?,policy_query,policy_reimbursement,{},employee
Can you remind me what types of leave are available?,policy_query,policy_leave,{},employee
"I heard there are updates to the travel policy, can you confirm?",policy_query,policy_travel,{},employee
Where can I find the reimbursement policy for business expenses?,policy_query,policy_reimbursement,{},employee
What is the process for taking sick leave?,policy_query,policy_leave,{},employee
Could you provide details on the travel policy for international trips?,policy_query,policy_travel,{},employee
"I think I need to review the reimbursement policy for travel expenses, any tips?",policy_query,policy_reimbursement,{},employee
What are the rules regarding unpaid leave?,policy_query,policy_leave,{},employee
"I need to know the policy for reimbursement of travel tickets, please.",policy_query,policy_reimbursement,{},employee
What should I do if I want to take a leave of absence?,policy_query,policy_leave,{},employee
Can you clarify the travel policy regarding personal travel during business trips?,policy_query,policy_travel,{},employee
What is the policy on reimbursement for conference fees?,policy_query,policy_reimbursement,{},employee
How do I apply for parental leave?,policy_query,policy_leave,{},employee
Could you check if the travel policy has changed recently?,policy_query,policy_travel,{},employee
What are the limits on meal reimbursements while traveling?,policy_query,policy_reimbursement,{},employee
Is there a specific form I need to fill out for leave requests?,policy_query,policy_leave,{},employee
Can you tell me if there are any restrictions on travel during holidays?,policy_query,policy_travel,{},employee
What does the reimbursement policy say about transportation costs?,policy_query,policy_reimbursement,{},employee
How do I find out about my leave balance?,policy_query,policy_leave,{},employee
Can you provide the travel policy for remote employees?,policy_query,policy_travel,{},employee
What is the process for getting reimbursed for work-related travel?,policy_query,policy_reimbursement,{},employee
Are there any special considerations for taking leave during peak seasons?,policy_query,policy_leave,{},employee
Can you help me understand the travel policy for team outings?,policy_query,policy_travel,{},employee
What does the reimbursement policy cover for lodging expenses?,policy_query,policy_reimbursement,{},employee
Is there a specific notice period required for leave requests?,policy_query,policy_leave,{},employee
Can you tell me about the travel policy for employees working from home?,policy_query,policy_travel,{},employee
What should I know about the reimbursement policy for client dinners?,policy_query,policy_reimbursement,{},employee
How do I check my leave history?,policy_query,policy_leave,{},employee
Can you clarify the travel policy regarding booking flights?,policy_query,policy_travel,{},employee
What is the reimbursement policy for using personal vehicles for work?,policy_query,policy_reimbursement,{},employee
Can you provide information on the leave policy for bereavement?,policy_query,policy_leave,{},employee
I need to know if there are any updates to the travel policy for 2025.,policy_query,policy_travel,{},employee
What are the guidelines for reimbursement of travel-related internet costs?,policy_query,policy_reimbursement,{},employee
Can you tell me how to check my upcoming leave requests?,policy_query,policy_leave,{},employee
Could you provide the travel policy for employees attending conferences?,policy_query,policy_travel,{},employee
What does the reimbursement policy say about tips for service providers?,policy_query,policy_reimbursement,{},employee
How do I find out about the leave policy for maternity leave?,policy_query,policy_leave,{},employee
Can you check if there are any changes to the travel policy for 2025?,policy_query,policy_travel,{},employee
What are the limits on reimbursement for meals while traveling?,policy_query,policy_reimbursement,{},employee
Can you tell me if I have any upcoming leave requests?,policy_query,policy_leave,{},employee
What is the policy for travel expenses when attending training sessions?,policy_query,policy_travel,{},employee
Can you clarify the reimbursement policy for travel-related phone calls?,policy_query,policy_reimbursement,{},employee
What is the process for submitting a leave request for personal reasons?,policy_query,policy_leave,{},employee
Can you provide the travel policy for employees who work remotely?,policy_query,policy_travel,{},employee
What does the reimbursement policy cover for travel-related supplies?,policy_query,policy_reimbursement,{},employee
How do I check my leave balance for the upcoming year?,policy_query,policy_leave,{},employee
Can you tell me if there are any restrictions on travel during the holidays?,policy_query,policy_travel,{},employee
What does the reimbursement policy say about travel insurance?,policy_query,policy_reimbursement,{},employee
Can you provide information on the leave policy for mental health days?,policy_query,policy_leave,{},employee
I was wondering what the reimbursement policy looks like?,policy_query,policy_reimbursement,{},employee
Can you explain the leave policy for vacation days?,policy_query,policy_leave,{},employee
What are the guidelines for business travel expenses?,policy_query,policy_travel,{},employee
Is there a specific process for submitting reimbursement requests?,policy_query,policy_reimbursement,{},employee
Could you clarify the rules around sick leave?,policy_query,policy_leave,{},employee
What do I need to know about travel insurance for work trips?,policy_query,policy_travel,{},employee
Where can I find details on the reimbursement limits?,policy_query,policy_reimbursement,{},employee
Can you provide information on maternity leave policies?,policy_query,policy_leave,{},employee
What is the policy on using personal vehicles for business travel?,policy_query,policy_travel,{},employee
How do I check my leave balance for this month?,policy_query,policy_leave,{},employee
What are the requirements for submitting a travel reimbursement?,policy_query,policy_reimbursement,{},employee
Could you remind me about the policy for unpaid leave?,policy_query,policy_leave,{},employee
Is there a specific format for travel expense reports?,policy_query,policy_travel,{},employee
What happens if I exceed my reimbursement limit?,policy_query,policy_reimbursement,{},employee
What are the steps to apply for a leave of absence?,policy_query,policy_leave,{},employee
Could you share the travel policy for international trips?,policy_query,policy_travel,{},employee
How do I know if my reimbursement request was approved?,policy_query,policy_reimbursement,{},employee
What types of leave are available to employees?,policy_query,policy_leave,{},employee
Can you tell me about the policy for business travel accommodations?,policy_query,policy_travel,{},employee
What is the process for requesting reimbursement for meals?,policy_query,policy_reimbursement,{},employee
How can I find out about my upcoming leave requests?,policy_query,policy_leave,{},employee
What is the policy on travel cancellations?,policy_query,policy_travel,{},employee
Can you provide details on the reimbursement for training expenses?,policy_query,policy_reimbursement,{},employee
What are the rules for taking leave during peak seasons?,policy_query,policy_leave,{},employee
Could you explain the policy for travel advances?,policy_query,policy_travel,{},employee
What should I do if my reimbursement is delayed?,policy_query,policy_reimbursement,{},employee
How do I check the status of my leave application?,policy_query,policy_leave,{},employee
Can you clarify the policy for travel per diems?,policy_query,policy_travel,{},employee
What is the reimbursement policy for conference fees?,policy_query,policy_reimbursement,{},employee
How do I find out about my sick leave balance?,policy_query,policy_leave,{},employee
What are the guidelines for travel safety?,policy_query,policy_travel,{},employee
Can you tell me about the reimbursement process for office supplies?,policy_query,policy_reimbursement,{},employee
What types of leave can I take for personal reasons?,policy_query,policy_leave,{},employee
Could you provide the travel policy for remote employees?,policy_query,policy_travel,{},employee
What is the policy for reimbursement of internet expenses?,policy_query,policy_reimbursement,{},employee
How do I check my leave balance for next year?,policy_query,policy_leave,{},employee
Can you explain the policy for travel bookings?,policy_query,policy_travel,{},employee
What are the reimbursement guidelines for work-related travel?,policy_query,policy_reimbursement,{},employee
Could you tell me about the policy for taking leave during holidays?,policy_query,policy_leave,{},employee
What are the rules for travel expenses when attending a conference?,policy_query,policy_travel,{},employee
Can you provide information on the reimbursement policy for relocation?,policy_query,policy_reimbursement,{},employee
How do I find out about my leave history?,policy_query,policy_leave,{},employee
What is the policy for travel reimbursements for remote work?,policy_query,policy_travel,{},hr
Can you clarify the reimbursement policy for team events?,policy_query,policy_reimbursement,{},hr
What types of leave can I authorize for my team?,policy_query,policy_leave,{},hr
Could you provide the travel policy for new hires?,policy_query,policy_travel,{},hr
What are the reimbursement guidelines for employee training?,policy_query,policy_reimbursement,{},hr
How do I check the leave balances for my team members?,policy_query,policy_leave,{},hr
Can you tell me about the travel policy for interns?,policy_query,policy_travel,{},hr
What is the process for approving reimbursement requests?,policy_query,policy_reimbursement,{},hr
What types of leave can I grant to employees?,policy_query,policy_leave,{},hr
Could you explain the travel policy for contractors?,policy_query,policy_travel,{},hr
What are the reimbursement policies for client meetings?,policy_query,policy_reimbursement,{},hr
How do I find out about the leave policies for my department?,policy_query,policy_leave,{},hr
Could you clarify the travel policy regarding international trips?,policy_query,policy_travel,"{""travel_type"": ""international""}",employee
I need to know the reimbursement policy for work-related expenses.,policy_query,policy_reimbursement,"{""expense_type"": ""work-related""}",employee
What are the guidelines for taking vacation leave in December?,policy_query,policy_leave,"{""month"": ""December"", ""year"": ""2025"", ""leave_type"": ""vacation""}",employee
Is there a specific policy for reimbursing meals during business trips?,policy_query,policy_reimbursement,"{""expense_type"": ""meals""}",employee
Can you tell me how many sick days I have left this year?,policy_query,policy_leave,"{""year"": ""2025"", ""leave_type"": ""sick""}",employee
What’s the process for requesting a leave of absence?,policy_query,policy_leave,"{""leave_type"": ""absence""}",employee
I think I read something about travel expenses being capped. Can you confirm?,policy_query,policy_travel,"{""travel_type"": ""expenses""}",employee
Where can I find the policy on maternity leave?,policy_query,policy_leave,"{""leave_type"": ""maternity""}",employee
What’s the reimbursement policy for using personal vehicles for work?,policy_query,policy_reimbursement,"{""expense_type"": ""personal_vehicle""}",employee
Could you remind me about the deadlines for submitting travel reimbursements?,policy_query,policy_reimbursement,"{""travel_type"": ""reimbursement""}",employee
I heard there are changes to the leave policy. Can you provide details?,policy_query,policy_leave,"{""leave_type"": ""general""}",employee
What’s the policy on unpaid leave?,policy_query,policy_leave,"{""leave_type"": ""unpaid""}",employee
Can you explain how to claim reimbursement for training expenses?,policy_query,policy_reimbursement,"{""expense_type"": ""training""}",employee
What’s the maximum number of vacation days allowed in a year?,policy_query,policy_leave,"{""year"": ""2025"", ""leave_type"": ""vacation""}",employee
Is there a policy for reimbursing internet costs while working from home?,policy_query,policy_reimbursement,"{""expense_type"": ""internet""}",employee
Could you tell me about the travel policy for domestic flights?,policy_query,policy_travel,"{""travel_type"": ""domestic""}",employee
What’s the procedure for reporting an emergency contact?,policy_query,policy_leave,"{""contact_type"": ""emergency""}",employee
Can HR provide a summary of the reimbursement policy for office supplies?,policy_query,policy_reimbursement,"{""expense_type"": ""office_supplies""}",hr
What’s the policy on taking leave for personal reasons?,policy_query,policy_leave,"{""leave_type"": ""personal""}",employee
Can you confirm if there’s a cap on travel reimbursement for meals?,policy_query,policy_reimbursement,"{""expense_type"": ""meals""}",employee
What are the rules for taking unpaid leave during the summer?,policy_query,policy_leave,"{""month"": ""July"", ""year"": ""2025"", ""leave_type"": ""unpaid""}",employee
Could you provide details on the reimbursement process for travel expenses?,policy_query,policy_reimbursement,"{""expense_type"": ""travel""}",employee
Is there a specific policy for reimbursing hotel stays during business trips?,policy_query,policy_reimbursement,"{""expense_type"": ""hotel""}",employee
What’s the policy regarding sick leave for part-time employees?,policy_query,policy_leave,"{""leave_type"": ""sick""}",employee
Can you explain the travel policy for international conferences?,policy_query,policy_travel,"{""travel_type"": ""international_conference""}",employee
What’s the reimbursement policy for attending workshops?,policy_query,policy_reimbursement,"{""expense_type"": ""workshops""}",employee
Can HR share the policy on leave for bereavement?,policy_query,policy_leave,"{""leave_type"": ""bereavement""}",hr
What’s the policy for reimbursing costs related to remote work?,policy_query,policy_reimbursement,"{""expense_type"": ""remote_work""}",employee
Can you tell me how to find the policy on parental leave?,policy_query,policy_leave,"{""leave_type"": ""parental""}",employee
What’s the process for submitting a travel reimbursement request?,policy_query,policy_reimbursement,"{""expense_type"": ""travel""}",employee
Could you clarify the policy on leave for jury duty?,policy_query,policy_leave,"{""leave_type"": ""jury_duty""}",employee
What’s the reimbursement policy for work-related travel?,policy_query,policy_reimbursement,"{""expense_type"": ""work_related_travel""}",employee
Can HR provide the latest updates on the leave policy?,policy_query,policy_leave,"{""leave_type"": ""general""}",hr
What’s the policy on reimbursement for professional memberships?,policy_query,policy_reimbursement,"{""expense_type"": ""professional_memberships""}",employee
Can you explain the policy for taking leave during the holiday season?,policy_query,policy_leave,"{""month"": ""December"", ""year"": ""2025"", ""leave_type"": ""holiday""}",employee
What’s the policy for reimbursing travel expenses for client meetings?,policy_query,policy_reimbursement,"{""expense_type"": ""client_meetings""}",employee
Can HR provide the details on the policy for vacation leave?,policy_query,policy_leave,"{""leave_type"": ""vacation""}",hr
Could you clarify the travel policy for international trips?,policy_query,policy_travel,"{""travel_type"": ""international""}",employee
What are the reimbursement guidelines for business expenses?,policy_query,policy_reimbursement,"{""expense_type"": ""business""}",employee
I'm curious about the vacation leave policy. Can you help?,policy_query,policy_leave,"{""leave_type"": ""vacation""}",employee
Is there a specific format for submitting travel expenses?,policy_query,policy_reimbursement,"{""expense_type"": ""travel""}",employee
What happens if I need to cancel my vacation leave?,policy_query,policy_leave,"{""leave_type"": ""vacation""}",employee
Can you tell me the maximum reimbursement amount for meals?,policy_query,policy_reimbursement,"{""expense_type"": ""meals""}",employee
I think I need to check the sick leave policy again. Any details?,policy_query,policy_leave,"{""leave_type"": ""sick""}",employee
What are the rules for travel during holidays?,policy_query,policy_travel,"{""holiday"": ""Christmas""}",employee
Could you remind me about the reimbursement process for travel?,policy_query,policy_reimbursement,"{""expense_type"": ""travel""}",employee
I'm looking for information on parental leave policies. Any insights?,policy_query,policy_leave,"{""leave_type"": ""parental""}",employee
What is the policy for overtime reimbursement?,policy_query,policy_reimbursement,"{""expense_type"": ""overtime""}",employee
Can you explain the leave balance for sick days?,policy_query,policy_leave,"{""leave_type"": ""sick""}",employee
I need to know how to submit a travel reimbursement request. Can you help?,policy_query,policy_reimbursement,"{""expense_type"": ""travel""}",employee
What are the guidelines for taking unpaid leave?,policy_query,policy_leave,"{""leave_type"": ""unpaid""}",employee
Can you provide details on the reimbursement policy for training?,policy_query,policy_reimbursement,"{""expense_type"": ""training""}",employee
What is the policy regarding leave for personal reasons?,policy_query,policy_leave,"{""leave_type"": ""personal""}",employee
Could you share the travel policy for domestic trips?,policy_query,policy_travel,"{""travel_type"": ""domestic""}",employee
What are the requirements for submitting a reimbursement for supplies?,policy_query,policy_reimbursement,"{""expense_type"": ""supplies""}",employee
I think I need to review the leave policy for bereavement. Can you assist?,policy_query,policy_leave,"{""leave_type"": ""bereavement""}",employee
What is the process for requesting a leave of absence?,policy_query,policy_leave,"{""leave_type"": ""absence""}",employee
Can you tell me about the reimbursement limits for travel?,policy_query,policy_reimbursement,"{""expense_type"": ""travel""}",employee
I need to know the policy for taking leave during peak seasons. Any info?,policy_query,policy_leave,"{""leave_type"": ""vacation""}",employee
What are the rules for travel expenses when attending conferences?,policy_query,policy_travel,"{""event_type"": ""conference""}",employee
Can you clarify the policy for reimbursement of internet expenses?,policy_query,policy_reimbursement,"{""expense_type"": ""internet""}",employee
What is the sick leave policy for part-time employees?,policy_query,policy_leave,"{""leave_type"": ""sick""}",employee
Could you explain the process for submitting travel requests?,policy_query,policy_travel,"{""travel_type"": ""business""}",employee
What are the guidelines for reimbursement of equipment purchases?,policy_query,policy_reimbursement,"{""expense_type"": ""equipment""}",employee
Can you provide information on the leave policy for jury duty?,policy_query,policy_leave,"{""leave_type"": ""jury_duty""}",employee
What is the policy for travel expenses related to client meetings?,policy_query,policy_travel,"{""event_type"": ""client_meeting""}",employee
Can you remind me about the reimbursement process for travel-related meals?,policy_query,policy_reimbursement,"{""expense_type"": ""meals""}",employee
What are the rules for taking vacation leave in the summer?,policy_query,policy_leave,"{""leave_type"": ""vacation""}",employee
Could you clarify the travel policy for remote employees?,policy_query,policy_travel,"{""travel_type"": ""remote""}",employee
What is the reimbursement policy for work-from-home expenses?,policy_query,policy_reimbursement,"{""expense_type"": ""work_from_home""}",employee
Can you explain the policy for taking extended leave?,policy_query,policy_leave,"{""leave_type"": ""extended""}",employee
What are the guidelines for travel when using personal vehicles?,policy_query,policy_travel,"{""travel_type"": ""personal_vehicle""}",employee
Can you provide details on the reimbursement policy for relocation expenses?,policy_query,policy_reimbursement,"{""expense_type"": ""relocation""}",employee
What is the policy for taking leave during the holiday season?,policy_query,policy_leave,"{""leave_type"": ""holiday""}",employee
Can you remind me of the reimbursement limits for travel to conferences?,policy_query,policy_reimbursement,"{""expense_type"": ""conference""}",employee
What are the rules for taking sick leave when working remotely?,policy_query,policy_leave,"{""leave_type"": ""sick""}",employee
Could you clarify the travel policy for team-building events?,policy_query,policy_travel,"{""event_type"": ""team_building""}",employee
What is the reimbursement policy for attending workshops?,policy_query,policy_reimbursement,"{""expense_type"": ""workshop""}",employee
Can you explain the leave policy for employees on probation?,policy_query,policy_leave,"{""leave_type"": ""probation""}",employee
What are the guidelines for reimbursement of travel expenses?,policy_query,policy_reimbursement,"{""expense_type"": ""travel""}",employee
I need to know the leave policy for sick leave. Can you help?,policy_query,policy_leave,"{""leave_type"": ""sick""}",employee
Is there a specific policy for reimbursement of meals during travel?,policy_query,policy_reimbursement,"{""expense_type"": ""meals""}",employee
What is the policy for taking unpaid leave?,policy_query,policy_leave,"{""leave_type"": ""unpaid""}",employee
I think I need to check the travel policy for domestic flights. Any details?,policy_query,policy_travel,"{""travel_type"": ""domestic""}",employee
Could you provide the reimbursement policy for work-related phone bills?,policy_query,policy_reimbursement,"{""expense_type"": ""phone""}",employee
What are the rules for carrying over unused vacation days?,policy_query,policy_leave,"{""leave_type"": ""vacation""}",employee
Can you remind me about the policy for business class travel?,policy_query,policy_travel,"{""travel_type"": ""business_class""}",employee
What is the process for submitting a reimbursement request?,policy_query,policy_reimbursement,"{""expense_type"": ""general""}",employee
How do I find out about the leave policy for parental leave?,policy_query,policy_leave,"{""leave_type"": ""parental""}",employee
I need to know the policy on travel insurance for business trips. Can you help?,policy_query,policy_travel,"{""travel_type"": ""business""}",employee
What is the policy regarding reimbursement for conference fees?,policy_query,policy_reimbursement,"{""expense_type"": ""conference_fees""}",employee
Can you explain the sick leave policy? I might need it soon.,policy_query,policy_leave,"{""leave_type"": ""sick""}",employee
What are the guidelines for travel expenses when using a personal vehicle?,policy_query,policy_travel,"{""travel_type"": ""personal_vehicle""}",employee
Could you tell me about the policy for reimbursement of internet expenses?,policy_query,policy_reimbursement,"{""expense_type"": ""internet""}",employee
I think I need to check the travel policy for group trips. Any insights?,policy_query,policy_travel,"{""travel_type"": ""group""}",employee
Can you provide details on the reimbursement policy for training costs?,policy_query,policy_reimbursement,"{""expense_type"": ""training""}",employee
What is the policy for vacation leave requests?,policy_query,policy_leave,"{""leave_type"": ""vacation""}",employee
Can you clarify the policy on travel expenses for remote work?,policy_query,policy_travel,"{""travel_type"": ""remote_work""}",employee
Could you explain the leave policy for bereavement?,policy_query,policy_leave,"{""leave_type"": ""bereavement""}",employee
What are the rules for travel expenses related to client meetings?,policy_query,policy_travel,"{""travel_type"": ""client_meetings""}",employee
Can you tell me about the reimbursement process for travel-related expenses?,policy_query,policy_reimbursement,"{""expense_type"": ""travel""}",employee
What is the policy for taking leave for jury duty?,policy_query,policy_leave,"{""leave_type"": ""jury_duty""}",employee
Can you provide information on the travel policy for international conferences?,policy_query,policy_travel,"{""travel_type"": ""international_conference""}",employee
What are the guidelines for reimbursement of work-related subscriptions?,policy_query,policy_reimbursement,"{""expense_type"": ""subscriptions""}",employee
How do I find out about the leave policy for medical appointments?,policy_query,policy_leave,"{""leave_type"": ""medical""}",employee
Can you clarify the policy on travel expenses for training events?,policy_query,policy_travel,"{""travel_type"": ""training_events""}",employee
What is the reimbursement policy for travel expenses incurred during overtime?,policy_query,policy_reimbursement,"{""expense_type"": ""overtime""}",employee
Could you explain the vacation leave policy for part-time employees?,policy_query,policy_leave,"{""leave_type"": ""vacation""}",hr
What are the guidelines for reimbursement of relocation expenses?,policy_query,policy_reimbursement,"{""expense_type"": ""relocation""}",hr
Can you tell me about the sick leave policy for employees on probation?,policy_query,policy_leave,"{""leave_type"": ""sick""}",hr
What is the policy for travel expenses for employees working from home?,policy_query,policy_travel,"{""travel_type"": ""work_from_home""}",hr
Could you clarify the reimbursement policy for employee training programs?,policy_query,policy_reimbursement,"{""expense_type"": ""training""}",hr
What are the rules for vacation leave for employees with less than a year of service?,policy_query,policy_leave,"{""leave_type"": ""vacation""}",hr
Can you provide details on the policy for reimbursing travel expenses for interviews?,policy_query,policy_reimbursement,"{""expense_type"": ""interviews""}",hr
What is the policy for taking leave for personal reasons?,policy_query,policy_leave,"{""leave_type"": ""personal""}",hr
Can you explain the travel policy for employees attending external workshops?,policy_query,policy_travel,"{""travel_type"": ""external_workshops""}",hr
What are the guidelines for reimbursement of expenses related to team-building activities?,policy_query,policy_reimbursement,"{""expense_type"": ""team_building""}",hr
I need to understand the leave policy for sick days. Can you help?,policy_query,policy_leave,"{""leave_type"": ""sick""}",employee
Is there a specific policy regarding travel during holidays?,policy_query,policy_travel,"{""holiday_type"": ""national""}",employee
What’s the reimbursement process for meals while traveling?,policy_query,policy_reimbursement,{},employee
Can you clarify the leave policy for maternity leave?,policy_query,policy_leave,"{""leave_type"": ""maternity""}",employee
What’s the procedure for getting reimbursed for office supplies?,policy_query,policy_reimbursement,{},employee
Could you confirm the sick leave policy? I’m a bit confused.,policy_query,policy_leave,"{""leave_type"": ""sick""}",employee
What are the guidelines for travel expenses during conferences?,policy_query,policy_travel,"{""event_type"": ""conference""}",employee
I need to know how to submit a reimbursement request for travel. Any tips?,policy_query,policy_reimbursement,{},employee
What’s the policy on taking unpaid leave?,policy_query,policy_leave,"{""leave_type"": ""unpaid""}",employee
Can you provide details on the travel policy for team-building events?,policy_query,policy_travel,"{""event_type"": ""team-building""}",employee
What’s the maximum reimbursement amount for travel meals?,policy_query,policy_reimbursement,{},employee
I’m looking for the travel policy regarding personal vehicles. Any insights?,policy_query,policy_travel,{},employee
What’s the reimbursement policy for training-related expenses?,policy_query,policy_reimbursement,{},employee
What’s the policy for travel insurance during business trips?,policy_query,policy_travel,{},employee
I need to know the reimbursement policy for internet expenses while working from home.,policy_query,policy_reimbursement,{},employee
Could you clarify the annual leave policy?,policy_query,policy_leave,"{""leave_type"": ""annual""}",employee
What’s the policy for travel bookings made through external agencies?,policy_query,policy_travel,{},employee
Can you provide the details on how to get reimbursed for parking fees?,policy_query,policy_reimbursement,{},employee
What’s the policy for taking leave during peak seasons?,policy_query,policy_leave,{},employee
Can you tell me about the travel policy for international conferences?,policy_query,policy_travel,"{""event_type"": ""international conference""}",employee
What’s the reimbursement policy for travel-related phone calls?,policy_query,policy_reimbursement,{},employee
Could you explain the leave policy for personal reasons?,policy_query,policy_leave,"{""leave_type"": ""personal""}",employee
What’s the policy for travel expenses when using a company credit card?,policy_query,policy_travel,{},employee
Can you confirm the reimbursement process for business lunches?,policy_query,policy_reimbursement,{},employee
What’s the policy for taking leave for jury duty?,policy_query,policy_leave,"{""leave_type"": ""jury duty""}",employee
Could you provide the travel policy for remote work situations?,policy_query,policy_travel,{},employee
What’s the reimbursement policy for travel cancellations?,policy_query,policy_reimbursement,{},employee
Can you tell me how to check my leave balance?,policy_query,policy_leave,{},employee
What’s the policy for travel expenses related to client meetings?,policy_query,policy_travel,{},employee
Could you explain the reimbursement policy for work-from-home expenses?,policy_query,policy_reimbursement,{},employee
What’s the policy for taking leave for medical appointments?,policy_query,policy_leave,"{""leave_type"": ""medical""}",employee
Can you provide information on the travel policy for long-distance trips?,policy_query,policy_travel,{},employee
What’s the reimbursement policy for travel upgrades?,policy_query,policy_reimbursement,{},employee
Can you clarify the leave policy for volunteering?,policy_query,policy_leave,"{""leave_type"": ""volunteering""}",employee
What’s the policy for travel expenses when attending trade shows?,policy_query,policy_travel,{},employee
Could you explain the reimbursement policy for travel-related gifts?,policy_query,policy_reimbursement,{},employee
What’s the policy for taking leave during holidays?,policy_query,policy_leave,{},employee
Can you provide details on the travel policy for employee relocations?,policy_query,policy_travel,{},employee
What’s the reimbursement policy for travel-related subscriptions?,policy_query,policy_reimbursement,{},employee
Can you tell me about the leave policy for family emergencies?,policy_query,policy_leave,"{""leave_type"": ""family emergency""}",employee
Could you tell me about the travel policy?,policy_query,policy_travel,{},employee
What does the reimbursement policy say regarding receipts?,policy_query,policy_reimbursement,{},employee
I was wondering about the leave policy for vacation days. Can you help?,policy_query,policy_leave,"{""leave_type"": ""vacation""}",employee
Can you remind me of the reimbursement limits for meals?,policy_query,policy_reimbursement,{},employee
I think I need to check the travel policy regarding international trips.,policy_query,policy_travel,{},employee
Where can I find the reimbursement policy for work-related expenses?,policy_query,policy_reimbursement,{},employee
Could you clarify the sick leave policy for me?,policy_query,policy_leave,"{""leave_type"": ""sick""}",employee
What is the process for requesting vacation leave?,policy_query,policy_leave,"{""leave_type"": ""vacation""}",employee
I heard there are changes to the travel policy. Is that true?,policy_query,policy_travel,{},employee
Can you tell me how to submit a reimbursement request?,policy_query,policy_reimbursement,{},employee
I need to know the policy on travel bookings. Can you help?,policy_query,policy_travel,{},employee
Is there a deadline for submitting reimbursement claims?,policy_query,policy_reimbursement,{},employee
Could you provide details on the travel policy for conferences?,policy_query,policy_travel,{},employee
What do I need to know about the reimbursement policy for travel?,policy_query,policy_reimbursement,{},employee
Can you explain the leave policy for parental leave?,policy_query,policy_leave,"{""leave_type"": ""parental""}",employee
I think I need to review the travel policy for domestic trips.,policy_query,policy_travel,{},employee
What is the reimbursement policy for mileage?,policy_query,policy_reimbursement,{},employee
Can you tell me if there are any updates to the travel policy?,policy_query,policy_travel,{},employee
What is the policy for reimbursing travel expenses?,policy_query,policy_reimbursement,{},employee
I need to understand the leave policy for bereavement leave.,policy_query,policy_leave,"{""leave_type"": ""bereavement""}",employee
Can you provide the details on the travel policy for team outings?,policy_query,policy_travel,{},employee
What are the guidelines for submitting reimbursement for supplies?,policy_query,policy_reimbursement,{},employee
I need to know how to apply for long-term leave. Can you help?,policy_query,policy_leave,{},employee
Could you clarify the policy on travel advances?,policy_query,policy_travel,{},employee
What should I know about the reimbursement policy for training expenses?,policy_query,policy_reimbursement,{},employee
I think I need to check the policy for business travel. Where can I find it?,policy_query,policy_travel,{},employee
What is the reimbursement policy for internet expenses while working from home?,policy_query,policy_reimbursement,{},employee
Can you explain the leave policy for medical appointments?,policy_query,policy_leave,"{""leave_type"": ""medical""}",employee
What are the travel policy guidelines for booking flights?,policy_query,policy_travel,{},employee
Is there a specific timeframe for submitting reimbursement requests?,policy_query,policy_reimbursement,{},employee
Could you provide the travel policy for international conferences?,policy_query,policy_travel,{},employee
What is the reimbursement policy for meals during travel?,policy_query,policy_reimbursement,{},employee
Can you tell me about the leave policy for personal days?,policy_query,policy_leave,"{""leave_type"": ""personal""}",employee
I need to check the travel policy for car rentals. Where can I find that?,policy_query,policy_travel,{},employee
What are the reimbursement limits for travel expenses?,policy_query,policy_reimbursement,{},employee
Can you tell me how to check my leave balance for next month?,policy_query,policy_leave,"{""month"": ""September""}",employee
What is the policy regarding travel for remote employees?,policy_query,policy_travel,{},employee
Is there a cap on reimbursement for training expenses?,policy_query,policy_reimbursement,{},employee
How do I find out about upcoming leave requests?,policy_query,policy_leave,{},employee
What are the reimbursement guidelines for team lunches?,policy_query,policy_reimbursement,"{""expense_type"": ""team lunch""}",employee
Where can I find the policy on vacation leave?,policy_query,policy_leave,"{""leave_type"": ""vacation""}",employee
What are the rules regarding reimbursement for training sessions?,policy_query,policy_reimbursement,"{""expense_type"": ""training""}",employee
Can you clarify the travel policy for domestic flights?,policy_query,policy_travel,"{""travel_type"": ""domestic""}",employee
I think I need to check the leave policy for sick leave. Any details?,policy_query,policy_leave,"{""leave_type"": ""sick""}",employee
What is the process for submitting a travel reimbursement request?,policy_query,policy_reimbursement,"{""expense_type"": ""travel""}",employee
Could you remind me about the leave balance I have left?,policy_query,policy_leave,"{""leave_type"": ""all""}",employee
What happens if I need to cancel a business trip?,policy_query,policy_travel,"{""travel_type"": ""business""}",employee
Is there a cap on the amount I can claim for meals during travel?,policy_query,policy_reimbursement,"{""expense_type"": ""meals""}",employee
Can I find the leave policy for personal days somewhere?,policy_query,policy_leave,"{""leave_type"": ""personal""}",employee
What is the policy regarding reimbursement for work-from-home expenses?,policy_query,policy_reimbursement,"{""expense_type"": ""work-from-home""}",employee
I need to understand the travel policy for conferences. Any insights?,policy_query,policy_travel,"{""travel_type"": ""conference""}",employee
Can you provide the details on the leave policy for bereavement?,policy_query,policy_leave,"{""leave_type"": ""bereavement""}",employee
What is the maximum reimbursement for hotel stays during travel?,policy_query,policy_reimbursement,"{""expense_type"": ""hotel""}",employee
Could you let me know how to check my leave history?,policy_query,policy_leave,"{""leave_type"": ""all""}",employee
Is there a specific form for travel reimbursement?,policy_query,policy_reimbursement,"{""expense_type"": ""travel""}",employee
Can I get a summary of the travel policy for team outings?,policy_query,policy_travel,"{""travel_type"": ""team outing""}",employee
What is the leave policy for new parents?,policy_query,policy_leave,"{""leave_type"": ""parental""}",employee
Could you remind me about the reimbursement policy for office supplies?,policy_query,policy_reimbursement,"{""expense_type"": ""office supplies""}",employee
Can you tell me how to access the travel policy document?,policy_query,policy_travel,"{""travel_type"": ""all""}",employee
What is the policy for reimbursing internet expenses while working remotely?,policy_query,policy_reimbursement,"{""expense_type"": ""internet""}",employee
Can I find the leave policy for volunteering somewhere?,policy_query,policy_leave,"{""leave_type"": ""volunteering""}",employee
What are the reimbursement limits for transportation during business trips?,policy_query,policy_reimbursement,"{""expense_type"": ""transportation""}",employee
I think I need to check the policy for leave requests. Any guidance?,policy_query,policy_leave,"{""leave_type"": ""all""}",employee
Can you clarify the travel policy for international conferences?,policy_query,policy_travel,"{""travel_type"": ""international conference""}",employee
What is the process for submitting a leave request for vacation?,policy_query,policy_leave,"{""leave_type"": ""vacation""}",employee
Could you provide information on the reimbursement policy for client dinners?,policy_query,policy_reimbursement,"{""expense_type"": ""client dinner""}",employee
What are the guidelines for taking leave for medical appointments?,policy_query,policy_leave,"{""leave_type"": ""medical""}",employee
Can I get details on the travel policy for remote work assignments?,policy_query,policy_travel,"{""travel_type"": ""remote work""}",employee
What is the policy for reimbursing expenses related to team-building activities?,policy_query,policy_reimbursement,"{""expense_type"": ""team-building""}",employee
Could you let me know the leave policy for jury duty?,policy_query,policy_leave,"{""leave_type"": ""jury duty""}",employee
What are the reimbursement policies for business meals?,policy_query,policy_reimbursement,"{""expense_type"": ""business meals""}",employee
Can you tell me about the travel policy for employee relocations?,policy_query,policy_travel,"{""travel_type"": ""relocation""}",employee
What is the policy for reimbursing expenses incurred during training?,policy_query,policy_reimbursement,"{""expense_type"": ""training""}",employee
Could you provide the leave policy for taking a sabbatical?,policy_query,policy_leave,"{""leave_type"": ""sabbatical""}",employee
What are the guidelines for reimbursement of travel expenses for interns?,policy_query,policy_reimbursement,"{""expense_type"": ""intern travel""}",hr
Can you tell me the leave policy for part-time employees?,policy_query,policy_leave,"{""leave_type"": ""part-time""}",hr
What is the policy for reimbursing expenses for employee wellness programs?,policy_query,policy_reimbursement,"{""expense_type"": ""wellness programs""}",hr
Could you clarify the travel policy for employees attending workshops?,policy_query,policy_travel,"{""travel_type"": ""workshops""}",hr
What are the reimbursement guidelines for employee referral programs?,policy_query,policy_reimbursement,"{""expense_type"": ""referral programs""}",hr
Can you provide information on the leave policy for employees on probation?,policy_query,policy_leave,"{""leave_type"": ""probation""}",hr
What is the process for reimbursing expenses for employee recognition events?,policy_query,policy_reimbursement,"{""expense_type"": ""recognition events""}",hr
Could you let me know the travel policy for employees attending industry conferences?,policy_query,policy_travel,"{""travel_type"": ""industry conferences""}",hr
What are the guidelines for leave requests during holiday seasons?,policy_query,policy_leave,"{""leave_type"": ""holiday""}",hr
Can you clarify the reimbursement policy for expenses related to remote work setups?,policy_query,policy_reimbursement,"{""expense_type"": ""remote work setup""}",hr
Can you tell me about the travel policy for employees?,policy_query,policy_travel,{},employee
I think I need to check the reimbursement policy for business expenses.,policy_query,policy_reimbursement,{},employee
What are the details of the leave policy regarding vacation days?,policy_query,policy_leave,{},employee
Could you remind me what the policy is for business travel?,policy_query,policy_travel,{},employee
Where can I find information on reimbursement for travel expenses?,policy_query,policy_reimbursement,{},employee
Is there a specific policy for taking sick leave?,policy_query,policy_leave,{},employee
I need to know the travel policy for international trips.,policy_query,policy_travel,{},employee
What are the guidelines for claiming travel expenses?,policy_query,policy_travel,{},employee
"I think I might have missed the reimbursement policy update, can you help?",policy_query,policy_reimbursement,{},employee
Could you provide the details on the leave policy for bereavement?,policy_query,policy_leave,{},employee
What is the policy regarding travel bookings for conferences?,policy_query,policy_travel,{},employee
Where can I find the reimbursement policy for office supplies?,policy_query,policy_reimbursement,{},employee
Can you explain the leave policy for personal days?,policy_query,policy_leave,{},employee
I need to check the travel policy for local commuting.,policy_query,policy_travel,{},employee
What does the reimbursement policy say about receipts?,policy_query,policy_reimbursement,{},employee
Could you tell me about the leave policy for jury duty?,policy_query,policy_leave,{},employee
Where can I find the reimbursement policy for training expenses?,policy_query,policy_reimbursement,{},employee
Can you clarify the leave policy for unpaid leave?,policy_query,policy_leave,{},employee
What are the requirements for travel expense reimbursement?,policy_query,policy_travel,{},employee
I think I need to check the reimbursement policy for travel cancellations.,policy_query,policy_reimbursement,{},employee
What does the leave policy say about holiday pay?,policy_query,policy_leave,{},employee
Can you help me find the travel policy for remote workers?,policy_query,policy_travel,{},employee
What are the guidelines for reimbursement of internet expenses?,policy_query,policy_reimbursement,{},employee
Could you provide details on the leave policy for family emergencies?,policy_query,policy_leave,{},employee
What is the travel policy for using personal vehicles?,policy_query,policy_travel,{},employee
Where can I find the reimbursement policy for relocation expenses?,policy_query,policy_reimbursement,{},employee
Can you explain the leave policy for sabbaticals?,policy_query,policy_leave,{},employee
I need to check the travel policy for booking hotels.,policy_query,policy_travel,{},employee
Could you tell me about the leave policy for long-term illness?,policy_query,policy_leave,{},employee
What are the travel policy guidelines for international conferences?,policy_query,policy_travel,{},employee
Where can I find the reimbursement policy for work-related travel?,policy_query,policy_reimbursement,{},employee
Can you clarify the leave policy for part-time employees?,policy_query,policy_leave,{},employee
What is the travel policy regarding advance bookings?,policy_query,policy_travel,{},employee
I think I need to check the reimbursement policy for business meals.,policy_query,policy_reimbursement,{},employee
What does the leave policy say about accrued leave balances?,policy_query,policy_leave,{},employee
Can you help me understand the travel policy for team retreats?,policy_query,policy_travel,{},employee
Where can I find the reimbursement policy for travel upgrades?,policy_query,policy_reimbursement,{},employee
Could you provide details on the leave policy for parental leave?,policy_query,policy_leave,{},employee
What are the travel policy requirements for booking flights?,policy_query,policy_travel,{},employee
What does the reimbursement policy say about travel per diems?,policy_query,policy_reimbursement,{},employee
Can you clarify the leave policy for volunteer work?,policy_query,policy_leave,{},employee
What is the travel policy for attending workshops?,policy_query,policy_travel,{},employee
Where can I find the reimbursement policy for business travel?,policy_query,policy_reimbursement,{},employee
Could you tell me about the leave policy for mental health days?,policy_query,policy_leave,{},employee
What are the guidelines for travel policy compliance?,policy_query,policy_travel,{},employee
I think I need to check the reimbursement policy for travel-related expenses.,policy_query,policy_reimbursement,{},employee
What does the leave policy say about leave requests?,policy_query,policy_leave,{},employee
Can you help me find the travel policy for team-building activities?,policy_query,policy_travel,{},employee
Where can I find the reimbursement policy for travel expenses?,policy_query,policy_reimbursement,{},employee
Could you provide details on the leave policy for unexpected absences?,policy_query,policy_leave,{},employee
I was wondering about the reimbursement policy for work-related expenses.,policy_query,policy_reimbursement,"{""expense_type"": ""work-related""}",employee
What is the policy for taking vacation leave during peak seasons?,policy_query,policy_leave,"{""leave_type"": ""vacation"", ""season"": ""peak""}",employee
Is there a specific format for submitting travel reimbursement requests?,policy_query,policy_reimbursement,"{""request_type"": ""travel reimbursement""}",employee
What are the guidelines for emergency contact updates?,policy_query,policy_leave,"{""contact_type"": ""emergency""}",employee
I think I need to check the leave policy for parental leave. Can you help?,policy_query,policy_leave,"{""leave_type"": ""parental""}",employee
Could you remind me when the last update to the reimbursement policy was?,policy_query,policy_reimbursement,"{""update_type"": ""last update""}",employee
What is the process for requesting unpaid leave?,policy_query,policy_leave,"{""leave_type"": ""unpaid""}",employee
I heard about a change in the sick leave policy; can you confirm?,policy_query,policy_leave,"{""leave_type"": ""sick""}",employee
What are the requirements for submitting a reimbursement for training expenses?,policy_query,policy_reimbursement,"{""expense_type"": ""training""}",employee
Could you let me know the leave policy for bereavement?,policy_query,policy_leave,"{""leave_type"": ""bereavement""}",employee
What is the policy on travel expenses for remote employees?,policy_query,policy_travel,"{""employee_type"": ""remote""}",employee
Can you tell me how to access the leave balance report?,policy_query,policy_leave,"{""report_type"": ""leave balance""}",employee
I need to find out about the reimbursement policy for meals during travel.,policy_query,policy_reimbursement,"{""expense_type"": ""meals""}",employee
Can you explain the travel policy for team-building events?,policy_query,policy_travel,"{""event_type"": ""team-building""}",employee
I think my email was updated recently; when was that?,policy_query,policy_leave,"{""update_type"": ""email""}",employee
What are the guidelines for requesting leave during holidays?,policy_query,policy_leave,"{""leave_type"": ""holiday""}",employee
Can you provide the reimbursement policy for conference attendance?,policy_query,policy_reimbursement,"{""expense_type"": ""conference""}",employee
What is the policy for taking leave in case of personal emergencies?,policy_query,policy_leave,"{""leave_type"": ""personal emergency""}",employee
Could you clarify the headcount reporting process for our department?,policy_query,policy_leave,"{""department"": ""HR""}",hr
What is the current headcount in the marketing team?,policy_query,policy_leave,"{""team"": ""marketing""}",hr
Can you provide the latest headcount report for the company?,policy_query,policy_leave,"{""report_type"": ""latest""}",hr
What is the procedure for exporting headcount data?,policy_query,policy_leave,"{""data_type"": ""headcount""}",hr
Can you tell me how to access the leave report for last month?,policy_query,policy_leave,"{""month"": ""September"", ""year"": ""2025""}",hr
What filters can I apply when generating leave reports?,policy_query,policy_leave,"{""report_type"": ""leave"", ""filters"": ""various""}",hr
I need to check the leave balance for employee ID 12345; how can I do that?,policy_query,policy_leave,"{""employee_id"": ""12345""}",hr
What is the policy on performance reviews for remote employees?,policy_query,policy_leave,"{""employee_type"": ""remote""}",hr
Can you provide the latest performance metrics for the sales team?,policy_query,policy_leave,"{""team"": ""sales""}",hr
What are the access controls for employee performance data?,policy_query,policy_leave,"{""data_type"": ""performance""}",hr
Can you tell me about the security measures in place for employee records?,policy_query,policy_leave,"{""record_type"": ""employee""}",hr
What is the process for logging access to sensitive employee data?,policy_query,policy_leave,"{""data_type"": ""sensitive""}",hr
Is there a maintenance schedule for the HR system?,policy_query,policy_leave,"{""system_type"": ""HR""}",hr
Can you confirm if there are any errors in the leave reporting system?,policy_query,policy_leave,"{""system_type"": ""leave reporting""}",hr
What is the availability of the HR portal during maintenance?,policy_query,policy_leave,"{""portal_type"": ""HR""}",hr
What does the reimbursement policy say about meal expenses?,policy_query,policy_reimbursement,"{""expense_type"": ""meal""}",employee
I'm curious about the vacation leave policy. Can you provide details?,policy_query,policy_leave,"{""leave_type"": ""vacation""}",employee
Is there a specific guideline for reimbursement of travel expenses?,policy_query,policy_reimbursement,"{""expense_type"": ""travel""}",employee
Can you remind me what the sick leave policy entails?,policy_query,policy_leave,"{""leave_type"": ""sick""}",employee
I think I need to check the travel policy for domestic flights. Any info?,policy_query,policy_travel,"{""travel_type"": ""domestic""}",employee
What are the rules regarding reimbursement for office supplies?,policy_query,policy_reimbursement,"{""expense_type"": ""office supplies""}",employee
Could you clarify the maternity leave policy for me?,policy_query,policy_leave,"{""leave_type"": ""maternity""}",employee
Where can I find the latest travel policy updates?,policy_query,policy_travel,{},employee
Can I see the policy on parental leave?,policy_query,policy_leave,"{""leave_type"": ""parental""}",employee
What are the guidelines for travel reimbursements?,policy_query,policy_reimbursement,{},employee
Could you provide details on the leave balance I have?,policy_query,policy_leave,{},employee
What does the policy say about leave requests during holidays?,policy_query,policy_leave,{},employee
What is the policy for reimbursement of travel-related expenses?,policy_query,policy_reimbursement,{},employee
I need to know the policy on unpaid leave. Can you help?,policy_query,policy_leave,"{""leave_type"": ""unpaid""}",employee
Can you tell me about the leave policy for bereavement?,policy_query,policy_leave,"{""leave_type"": ""bereavement""}",employee
Could you clarify the reimbursement policy for training expenses?,policy_query,policy_reimbursement,"{""expense_type"": ""training""}",employee
Can I get a summary of the travel policy for local trips?,policy_query,policy_travel,"{""travel_type"": ""local""}",employee
What are the details of the reimbursement policy for medical expenses?,policy_query,policy_reimbursement,"{""expense_type"": ""medical""}",employee
Can you provide the latest updates on the vacation leave policy?,policy_query,policy_leave,"{""leave_type"": ""vacation""}",employee
Could you tell me how many vacation days I have left?,policy_query,policy_leave,{},employee
What does the policy say about reimbursement for transportation costs?,policy_query,policy_reimbursement,"{""expense_type"": ""transportation""}",employee
Can you explain the policy for leave during the probation period?,policy_query,policy_leave,{},employee
Can I see the policy on leave for personal reasons?,policy_query,policy_leave,"{""leave_type"": ""personal""}",employee
What is the process for reimbursement of travel expenses for remote work?,policy_query,policy_reimbursement,{},employee
Can you provide information on the leave policy for medical appointments?,policy_query,policy_leave,"{""leave_type"": ""medical appointment""}",employee
What does the travel policy say about accommodations?,policy_query,policy_travel,{},employee
Could you clarify the reimbursement policy for work-related travel?,policy_query,policy_reimbursement,{},employee
What is the policy for leave during the holiday season?,policy_query,policy_leave,{},employee
Can you tell me about the travel policy for team-building events?,policy_query,policy_travel,{},employee
What are the requirements for reimbursement of business meals?,policy_query,policy_reimbursement,"{""expense_type"": ""business meals""}",employee
Can I get details on the leave policy for family emergencies?,policy_query,policy_leave,"{""leave_type"": ""family emergency""}",employee
What does the travel policy say about travel insurance?,policy_query,policy_travel,{},employee
Could you provide the reimbursement policy for relocation expenses?,policy_query,policy_reimbursement,"{""expense_type"": ""relocation""}",employee
What is the policy for leave requests during peak seasons?,policy_query,policy_leave,{},employee
Can you tell me how to find the travel policy on the intranet?,policy_query,policy_travel,{},employee
What are the guidelines for reimbursement of educational expenses?,policy_query,policy_reimbursement,"{""expense_type"": ""educational""}",employee
Can I get a summary of the leave policy for long-term illness?,policy_query,policy_leave,"{""leave_type"": ""long-term illness""}",employee
What are the reimbursement guidelines for meals during business trips?,policy_query,policy_reimbursement,"{""expense_type"": ""meals"", ""trip_type"": ""business""}",employee
I'm curious about how many vacation days I have left this year.,policy_query,policy_leave,"{""year"": ""2025"", ""leave_type"": ""vacation""}",employee
Where can I find the policy on sick leave?,policy_query,policy_leave,"{""leave_type"": ""sick""}",employee
Is there a limit on the number of personal days I can take?,policy_query,policy_leave,"{""leave_type"": ""personal""}",employee
Can you tell me the reimbursement policy for travel expenses?,policy_query,policy_reimbursement,"{""expense_type"": ""travel"", ""policy_type"": ""reimbursement""}",employee
I think I need to check the policy on remote work. Any details?,policy_query,policy_travel,"{""policy_type"": ""remote work""}",employee
How often can I take unpaid leave according to company policy?,policy_query,policy_leave,"{""leave_type"": ""unpaid""}",employee
Could you remind me how many sick days I have remaining?,policy_query,policy_leave,"{""year"": ""2025"", ""leave_type"": ""sick""}",employee
What’s the policy on taking leave during peak business periods?,policy_query,policy_leave,"{""leave_type"": ""any"", ""period"": ""peak business""}",employee
Can you provide the details on the reimbursement process for travel?,policy_query,policy_reimbursement,"{""expense_type"": ""travel"", ""policy_type"": ""reimbursement""}",employee
I need to know the policy for taking maternity leave.,policy_query,policy_leave,"{""leave_type"": ""maternity""}",employee
What are the rules regarding overtime reimbursement?,policy_query,policy_reimbursement,"{""expense_type"": ""overtime"", ""policy_type"": ""rules""}",employee
Can you tell me how to access the leave policy document?,policy_query,policy_leave,"{""leave_type"": ""any""}",employee
What is the maximum amount I can claim for travel reimbursements?,policy_query,policy_reimbursement,"{""expense_type"": ""travel"", ""policy_type"": ""maximum claim""}",employee
I think I need to check on the leave balance for my team members.,policy_query,policy_leave,"{""year"": ""2025"", ""leave_type"": ""all""}",hr
Could you provide the headcount report for this quarter?,policy_query,policy_travel,"{""quarter"": ""Q1"", ""year"": ""2025""}",hr
Can you confirm the reimbursement policy for travel outside the country?,policy_query,policy_reimbursement,"{""expense_type"": ""international travel"", ""policy_type"": ""reimbursement""}",employee
I need to know the policy on taking bereavement leave.,policy_query,policy_leave,"{""leave_type"": ""bereavement""}",employee
Can you tell me the leave balance for employee ID 12345?,policy_query,policy_leave,"{""employee_id"": ""12345"", ""year"": ""2025"", ""leave_type"": ""all""}",hr
Could you clarify the reimbursement limits for meals during travel?,policy_query,policy_reimbursement,"{""expense_type"": ""meals"", ""policy_type"": ""limits""}",employee
Can you provide the headcount report for the last fiscal year?,policy_query,policy_travel,"{""year"": ""2024""}",hr
What’s the policy regarding travel for training purposes?,policy_query,policy_travel,"{""policy_type"": ""training travel""}",employee
Can you tell me how to access the leave policy for parental leave?,policy_query,policy_leave,"{""leave_type"": ""parental""}",employee
What are the rules for reimbursement of travel expenses?,policy_query,policy_reimbursement,"{""expense_type"": ""travel"", ""policy_type"": ""rules""}",employee
What’s the policy on taking leave for medical appointments?,policy_query,policy_leave,"{""leave_type"": ""medical""}",employee
Can you tell me the reimbursement policy for transportation costs?,policy_query,policy_reimbursement,"{""expense_type"": ""transportation"", ""policy_type"": ""reimbursement""}",employee
What’s the policy for taking leave during the summer months?,policy_query,policy_leave,"{""leave_type"": ""any"", ""period"": ""summer""}",employee
Can you provide the leave report for the last quarter?,policy_query,policy_leave,"{""quarter"": ""Q4"", ""year"": ""2024""}",hr
What’s the policy on travel expenses for remote employees?,policy_query,policy_travel,"{""policy_type"": ""remote employee travel""}",employee
Can you confirm the reimbursement process for lodging during business trips?,policy_query,policy_reimbursement,"{""expense_type"": ""lodging"", ""policy_type"": ""business trips""}",employee
I need to understand the reimbursement policy for expenses. Where can I find that?,policy_query,policy_reimbursement,{},employee
What are the details of the leave policy for vacation days?,policy_query,policy_leave,{},employee
Can you remind me what the travel policy states regarding international trips?,policy_query,policy_travel,{},employee
Is there a specific format for submitting reimbursement requests?,policy_query,policy_reimbursement,{},employee
I think I need to check the leave policy for sick days. Can you help?,policy_query,policy_leave,{},employee
What does the company policy say about travel expenses for conferences?,policy_query,policy_travel,{},employee
Could you clarify the reimbursement policy for meals during business trips?,policy_query,policy_reimbursement,{},employee
I was wondering about the leave policy for parental leave. Any insights?,policy_query,policy_leave,{},employee
Can you provide the travel policy for domestic trips?,policy_query,policy_travel,{},employee
What are the reimbursement limits for travel expenses according to the policy?,policy_query,policy_reimbursement,{},employee
Could you check the leave policy for bereavement leave?,policy_query,policy_leave,{},employee
Can you tell me if there are any updates to the leave policy for holidays?,policy_query,policy_leave,{},employee
I need to verify the travel policy for remote work situations. Can you assist?,policy_query,policy_travel,{},employee
What are the guidelines for reimbursement of travel expenses for a colleague?,policy_query,policy_reimbursement,{},hr
Could you provide the leave policy details for an employee on long-term leave?,policy_query,policy_leave,{},hr
Could you clarify the travel policy for employees?,policy_query,policy_travel,{},employee
I'm trying to understand the reimbursement policy for expenses incurred in August 2025. Any details would help!,policy_query,policy_reimbursement,"{""month"": ""August"", ""year"": ""2025""}",hr
Can you provide the headcount by department for this month?,headcount_report,headcount_by_department,"{""month"": ""August"", ""year"": ""2025""}",employee
What is the current headcount in the sales department?,headcount_report,headcount_by_department,"{""month"": ""August"", ""year"": ""2025""}",hr
"I'd like to see the headcount by location for last year, please.",headcount_report,headcount_by_location,"{""month"": ""August"", ""year"": ""2024""}",employee
Can you tell me how many employees we have in the New York office?,headcount_report,headcount_by_location,"{""month"": ""August"", ""year"": ""2025""}",hr
What’s the headcount by role for the IT department right now?,headcount_report,headcount_by_role,"{""month"": ""August"", ""year"": ""2025""}",employee
Could you give me the headcount for all roles in the company?,headcount_report,headcount_by_role,"{""month"": ""August"", ""year"": ""2025""}",hr
How many people are in the marketing department this quarter?,headcount_report,headcount_by_department,"{""month"": ""August"", ""year"": ""2025""}",employee
Is there a report available for headcount by location for the last quarter?,headcount_report,headcount_by_location,"{""month"": ""August"", ""year"": ""2025""}",hr
Can I get the headcount by role for the engineering team?,headcount_report,headcount_by_role,"{""month"": ""August"", ""year"": ""2025""}",employee
What’s the total headcount across all departments as of now?,headcount_report,headcount_by_department,"{""month"": ""August"", ""year"": ""2025""}",hr
I need to check the headcount by location for our offices in Europe.,headcount_report,headcount_by_location,"{""month"": ""August"", ""year"": ""2025""}",employee
Can you summarize the headcount by role for the finance department?,headcount_report,headcount_by_role,"{""month"": ""August"", ""year"": ""2025""}",hr
What’s the headcount trend for the last few months in HR?,headcount_report,headcount_by_department,"{""month"": ""August"", ""year"": ""2025""}",employee
How many employees are currently in the customer support team?,headcount_report,headcount_by_department,"{""month"": ""August"", ""year"": ""2025""}",hr
Can you provide the headcount by location for Asia-Pacific?,headcount_report,headcount_by_location,"{""month"": ""August"", ""year"": ""2025""}",employee
What is the headcount by role for all departments combined?,headcount_report,headcount_by_role,"{""month"": ""August"", ""year"": ""2025""}",hr
I’d like to know the headcount for the product team this month.,headcount_report,headcount_by_department,"{""month"": ""August"", ""year"": ""2025""}",employee
Can you show me the headcount by location for North America?,headcount_report,headcount_by_location,"{""month"": ""August"", ""year"": ""2025""}",hr
What’s the current headcount by role in the research department?,headcount_report,headcount_by_role,"{""month"": ""August"", ""year"": ""2025""}",employee
Could you provide a report on headcount by department for the last year?,headcount_report,headcount_by_department,"{""month"": ""August"", ""year"": ""2024""}",hr
How many employees are there in the London office right now?,headcount_report,headcount_by_location,"{""month"": ""August"", ""year"": ""2025""}",employee
Can I see the headcount by role for the entire organization?,headcount_report,headcount_by_role,"{""month"": ""August"", ""year"": ""2025""}",hr
What’s the headcount in the engineering department for this month?,headcount_report,headcount_by_department,"{""month"": ""August"", ""year"": ""2025""}",employee
Could you tell me the headcount by location for the last quarter?,headcount_report,headcount_by_location,"{""month"": ""August"", ""year"": ""2025""}",hr
"I need the headcount by role for the sales team, if possible.",headcount_report,headcount_by_role,"{""month"": ""August"", ""year"": ""2025""}",employee
Can you provide the headcount for the marketing department this year?,headcount_report,headcount_by_department,"{""month"": ""August"", ""year"": ""2025""}",hr
What’s the headcount by location for our offices in Canada?,headcount_report,headcount_by_location,"{""month"": ""August"", ""year"": ""2025""}",employee
Could you summarize the headcount by role for the tech department?,headcount_report,headcount_by_role,"{""month"": ""August"", ""year"": ""2025""}",hr
How many employees are in the operations department currently?,headcount_report,headcount_by_department,"{""month"": ""August"", ""year"": ""2025""}",employee
Can you give me the headcount by location for the last month?,headcount_report,headcount_by_location,"{""month"": ""August"", ""year"": ""2025""}",hr
What’s the headcount by role for the entire company as of now?,headcount_report,headcount_by_role,"{""month"": ""August"", ""year"": ""2025""}",employee
Could you provide a detailed headcount report by department for this year?,headcount_report,headcount_by_department,"{""month"": ""August"", ""year"": ""2025""}",hr
How many employees are currently working in the Asia office?,headcount_report,headcount_by_location,"{""month"": ""August"", ""year"": ""2025""}",employee
Can I see the headcount by role for the last two years?,headcount_report,headcount_by_role,"{""month"": ""August"", ""year"": ""2024""}",hr
What’s the headcount in the legal department this month?,headcount_report,headcount_by_department,"{""month"": ""August"", ""year"": ""2025""}",employee
Could you provide the headcount report by department for this month?,headcount_report,headcount_by_department,"{""month"": ""October"", ""year"": ""2023""}",employee
"I need to see the headcount by location for last year, if possible.",headcount_report,headcount_by_location,"{""month"": ""October"", ""year"": ""2022""}",employee
Can I get the headcount report by role for the current quarter?,headcount_report,headcount_by_role,"{""month"": ""October"", ""year"": ""2023""}",hr
What was the headcount by department for August?,headcount_report,headcount_by_department,"{""month"": ""August"", ""year"": ""2023""}",employee
Is there a way to check the headcount by location for this quarter?,headcount_report,headcount_by_location,"{""month"": ""October"", ""year"": ""2023""}",hr
"I think I need the headcount by role for last month, can you help?",headcount_report,headcount_by_role,"{""month"": ""September"", ""year"": ""2023""}",employee
Could you send me the headcount report by department for the last fiscal year?,headcount_report,headcount_by_department,"{""month"": ""October"", ""year"": ""2022""}",hr
What’s the current headcount by location?,headcount_report,headcount_by_location,"{""month"": ""October"", ""year"": ""2023""}",employee
Can I view the headcount by role for the upcoming month?,headcount_report,headcount_by_role,"{""month"": ""November"", ""year"": ""2023""}",hr
"I need the headcount report by department for the last two months, please.",headcount_report,headcount_by_department,"{""month"": ""September"", ""year"": ""2023""}",employee
What was the headcount by location for the last quarter?,headcount_report,headcount_by_location,"{""month"": ""July"", ""year"": ""2023""}",hr
Can you provide the headcount by role for this month?,headcount_report,headcount_by_role,"{""month"": ""October"", ""year"": ""2023""}",employee
I’m looking for the headcount report by department for the last month.,headcount_report,headcount_by_department,"{""month"": ""September"", ""year"": ""2023""}",hr
Could you help me find the headcount by location for this year?,headcount_report,headcount_by_location,"{""month"": ""October"", ""year"": ""2023""}",employee
What’s the headcount by role for the previous year?,headcount_report,headcount_by_role,"{""month"": ""October"", ""year"": ""2022""}",hr
Can I see the headcount report by department for the current year?,headcount_report,headcount_by_department,"{""month"": ""October"", ""year"": ""2023""}",employee
"I think I need the headcount by location for the last month, is that available?",headcount_report,headcount_by_location,"{""month"": ""September"", ""year"": ""2023""}",hr
Could you provide the headcount by role for the last two quarters?,headcount_report,headcount_by_role,"{""month"": ""October"", ""year"": ""2023""}",employee
What’s the headcount report by department for the last fiscal quarter?,headcount_report,headcount_by_department,"{""month"": ""July"", ""year"": ""2023""}",hr
Can I get the headcount by location for this month?,headcount_report,headcount_by_location,"{""month"": ""October"", ""year"": ""2023""}",employee
"I need the headcount by role for the last quarter, if that’s possible.",headcount_report,headcount_by_role,"{""month"": ""July"", ""year"": ""2023""}",hr
Could you share the headcount report by department for the upcoming year?,headcount_report,headcount_by_department,"{""month"": ""October"", ""year"": ""2024""}",employee
What was the headcount by location for the last month?,headcount_report,headcount_by_location,"{""month"": ""September"", ""year"": ""2023""}",hr
I think I need the headcount report by department for this quarter.,headcount_report,headcount_by_department,"{""month"": ""October"", ""year"": ""2023""}",hr
Could you help me with the headcount by location for last year?,headcount_report,headcount_by_location,"{""month"": ""October"", ""year"": ""2022""}",employee
What’s the headcount by role for this month?,headcount_report,headcount_by_role,"{""month"": ""October"", ""year"": ""2023""}",hr
Can I get the headcount report by department for the last two months?,headcount_report,headcount_by_department,"{""month"": ""September"", ""year"": ""2023""}",employee
What was the headcount by location for the current year?,headcount_report,headcount_by_location,"{""month"": ""October"", ""year"": ""2023""}",hr
Could you provide the headcount by role for the last month?,headcount_report,headcount_by_role,"{""month"": ""September"", ""year"": ""2023""}",employee
"I need the headcount report by department for the last quarter, please.",headcount_report,headcount_by_department,"{""month"": ""July"", ""year"": ""2023""}",hr
Can I see the headcount by location for the upcoming month?,headcount_report,headcount_by_location,"{""month"": ""November"", ""year"": ""2023""}",employee
Can you provide the headcount by department for August 2025?,headcount_report,headcount_by_department,"{""month"": ""August"", ""year"": ""2025""}",employee
Could you provide the headcount by department for this month?,headcount_report,headcount_by_department,"{""month"": ""October"", ""year"": ""2023""}",employee
"I need to see the current headcount for the marketing department, please.",headcount_report,headcount_by_department,"{""month"": ""October"", ""year"": ""2023""}",hr
What’s the headcount by location for the last quarter?,headcount_report,headcount_by_location,"{""month"": ""July"", ""year"": ""2023""}",employee
Can you show me the headcount by role for this year?,headcount_report,headcount_by_role,"{""month"": ""October"", ""year"": ""2023""}",hr
"I think I need the headcount for the sales team, can you help?",headcount_report,headcount_by_department,"{""month"": ""October"", ""year"": ""2023""}",employee
What’s the current headcount in our New York office?,headcount_report,headcount_by_location,"{""month"": ""October"", ""year"": ""2023""}",hr
Could you tell me how many software engineers we have right now?,headcount_report,headcount_by_role,"{""month"": ""October"", ""year"": ""2023""}",employee
I’d like to know the headcount for the HR department this month.,headcount_report,headcount_by_department,"{""month"": ""October"", ""year"": ""2023""}",hr
Is there a report available for headcount by location for this year?,headcount_report,headcount_by_location,"{""month"": ""October"", ""year"": ""2023""}",employee
Can I see the headcount by role for the finance department?,headcount_report,headcount_by_role,"{""month"": ""October"", ""year"": ""2023""}",hr
What’s the total headcount in the engineering department as of now?,headcount_report,headcount_by_department,"{""month"": ""October"", ""year"": ""2023""}",employee
Could you provide the headcount for all locations combined?,headcount_report,headcount_by_location,"{""month"": ""October"", ""year"": ""2023""}",hr
"I need the headcount for project managers this month, if possible.",headcount_report,headcount_by_role,"{""month"": ""October"", ""year"": ""2023""}",employee
Can you give me a breakdown of headcount by department for this year?,headcount_report,headcount_by_department,"{""month"": ""October"", ""year"": ""2023""}",hr
What’s the headcount in our London office currently?,headcount_report,headcount_by_location,"{""month"": ""October"", ""year"": ""2023""}",employee
I’d like to see the headcount for all roles in the company.,headcount_report,headcount_by_role,"{""month"": ""October"", ""year"": ""2023""}",hr
Could you check the headcount for the customer support team?,headcount_report,headcount_by_department,"{""month"": ""October"", ""year"": ""2023""}",employee
What’s the headcount by location for the last month?,headcount_report,headcount_by_location,"{""month"": ""September"", ""year"": ""2023""}",hr
Can you provide the headcount for the interns this year?,headcount_report,headcount_by_role,"{""month"": ""October"", ""year"": ""2023""}",employee
"I think I need the headcount for the legal department, can you help?",headcount_report,headcount_by_department,"{""month"": ""October"", ""year"": ""2023""}",hr
What’s the current headcount in our remote teams?,headcount_report,headcount_by_location,"{""month"": ""October"", ""year"": ""2023""}",employee
Could you tell me how many data analysts we have right now?,headcount_report,headcount_by_role,"{""month"": ""October"", ""year"": ""2023""}",hr
I’d like to know the headcount for the operations department this month.,headcount_report,headcount_by_department,"{""month"": ""October"", ""year"": ""2023""}",employee
Is there a report available for headcount by location for this month?,headcount_report,headcount_by_location,"{""month"": ""October"", ""year"": ""2023""}",hr
Can I see the headcount by role for the marketing team?,headcount_report,headcount_by_role,"{""month"": ""October"", ""year"": ""2023""}",employee
What’s the total headcount in the research department as of now?,headcount_report,headcount_by_department,"{""month"": ""October"", ""year"": ""2023""}",hr
Could you provide the headcount for all locations combined this year?,headcount_report,headcount_by_location,"{""month"": ""October"", ""year"": ""2023""}",employee
"I need the headcount for team leads this month, if possible.",headcount_report,headcount_by_role,"{""month"": ""October"", ""year"": ""2023""}",hr
Can you give me a breakdown of headcount by department for the last quarter?,headcount_report,headcount_by_department,"{""month"": ""July"", ""year"": ""2023""}",employee
What’s the headcount in our Sydney office currently?,headcount_report,headcount_by_location,"{""month"": ""October"", ""year"": ""2023""}",hr
I’d like to see the headcount for all roles in the company this year.,headcount_report,headcount_by_role,"{""month"": ""October"", ""year"": ""2023""}",employee
Could you check the headcount for the training department?,headcount_report,headcount_by_department,"{""month"": ""October"", ""year"": ""2023""}",hr
Can you provide the headcount for the executives this year?,headcount_report,headcount_by_role,"{""month"": ""October"", ""year"": ""2023""}",hr
I'm curious about the headcount in the sales department for last year.,headcount_report,headcount_by_department,"{""month"": ""August"", ""year"": ""2024""}",employee
Can you tell me how many employees we have in the marketing department?,headcount_report,headcount_by_department,"{""month"": ""August"", ""year"": ""2025""}",employee
What is the current headcount by location for our offices?,headcount_report,headcount_by_location,"{""month"": ""August"", ""year"": ""2025""}",employee
I need to see the headcount in the New York office for this quarter.,headcount_report,headcount_by_location,"{""month"": ""August"", ""year"": ""2025""}",employee
Could you share the headcount by role for the IT department?,headcount_report,headcount_by_role,"{""month"": ""August"", ""year"": ""2025""}",employee
How many software engineers are currently employed?,headcount_report,headcount_by_role,"{""month"": ""August"", ""year"": ""2025""}",employee
What’s the headcount by department for the last fiscal year?,headcount_report,headcount_by_department,"{""month"": ""August"", ""year"": ""2024""}",employee
Can you provide the total headcount for the HR department?,headcount_report,headcount_by_department,"{""month"": ""August"", ""year"": ""2025""}",employee
I’d like to know the headcount in our London office.,headcount_report,headcount_by_location,"{""month"": ""August"", ""year"": ""2025""}",employee
What’s the current headcount by role in the company?,headcount_report,headcount_by_role,"{""month"": ""August"", ""year"": ""2025""}",employee
Can you tell me how many employees we have in total right now?,headcount_report,headcount_by_department,"{""month"": ""August"", ""year"": ""2025""}",employee
I think I need the headcount by location for the last quarter.,headcount_report,headcount_by_location,"{""month"": ""August"", ""year"": ""2025""}",employee
What’s the headcount for the engineering team as of this month?,headcount_report,headcount_by_department,"{""month"": ""August"", ""year"": ""2025""}",employee
Can you provide a report on the headcount by role for last year?,headcount_report,headcount_by_role,"{""month"": ""August"", ""year"": ""2024""}",employee
I’m looking for the headcount in the customer service department.,headcount_report,headcount_by_department,"{""month"": ""August"", ""year"": ""2025""}",employee
Could you give me the headcount by location for our offices in Asia?,headcount_report,headcount_by_location,"{""month"": ""August"", ""year"": ""2025""}",employee
What’s the headcount by role for the finance department?,headcount_report,headcount_by_role,"{""month"": ""August"", ""year"": ""2025""}",employee
Can you share the headcount for the entire company as of now?,headcount_report,headcount_by_department,"{""month"": ""August"", ""year"": ""2025""}",employee
I’d like to see the headcount by location for the last month.,headcount_report,headcount_by_location,"{""month"": ""July"", ""year"": ""2025""}",employee
What’s the headcount by role for the marketing team?,headcount_report,headcount_by_role,"{""month"": ""August"", ""year"": ""2025""}",employee
Can you provide the headcount for the operations department?,headcount_report,headcount_by_department,"{""month"": ""August"", ""year"": ""2025""}",employee
How many employees are working remotely this month?,headcount_report,headcount_by_location,"{""month"": ""August"", ""year"": ""2025""}",employee
What’s the headcount in the legal department for this year?,headcount_report,headcount_by_department,"{""month"": ""August"", ""year"": ""2025""}",employee
Can you tell me the headcount by role for the entire organization?,headcount_report,headcount_by_role,"{""month"": ""August"", ""year"": ""2025""}",employee
I think I need the headcount by department for the last quarter.,headcount_report,headcount_by_department,"{""month"": ""August"", ""year"": ""2025""}",employee
Could you provide the headcount by location for the last fiscal year?,headcount_report,headcount_by_location,"{""month"": ""August"", ""year"": ""2024""}",employee
What’s the headcount for the tech team as of this month?,headcount_report,headcount_by_department,"{""month"": ""August"", ""year"": ""2025""}",employee
Can you share the headcount by role for the sales department?,headcount_report,headcount_by_role,"{""month"": ""August"", ""year"": ""2025""}",employee
I’d like to know the headcount in our Chicago office.,headcount_report,headcount_by_location,"{""month"": ""August"", ""year"": ""2025""}",employee
What’s the headcount by department for this month?,headcount_report,headcount_by_department,"{""month"": ""August"", ""year"": ""2025""}",employee
Can you provide the headcount for the entire company for last year?,headcount_report,headcount_by_department,"{""month"": ""August"", ""year"": ""2024""}",employee
How many people are in the HR department right now?,headcount_report,headcount_by_department,"{""month"": ""August"", ""year"": ""2025""}",employee
Can you tell me the headcount by role for the engineering team?,headcount_report,headcount_by_role,"{""month"": ""August"", ""year"": ""2025""}",employee
I need the headcount for the entire organization as of now.,headcount_report,headcount_by_department,"{""month"": ""August"", ""year"": ""2025""}",employee
What’s the headcount in the finance department for this month?,headcount_report,headcount_by_department,"{""month"": ""August"", ""year"": ""2025""}",employee
Can you provide the headcount report by department for August 2025?,headcount_report,headcount_by_department,"{""month"": ""August"", ""year"": ""2025""}",employee
I'm curious about the headcount in our New York office. Can you help?,headcount_report,headcount_by_location,"{""location"": ""New York"", ""month"": ""October"", ""year"": ""2023""}",employee
Can I see the headcount report for the engineering role?,headcount_report,headcount_by_role,"{""role"": ""engineering"", ""month"": ""October"", ""year"": ""2023""}",employee
What’s the current headcount in the sales department?,headcount_report,headcount_by_department,"{""month"": ""October"", ""year"": ""2023""}",employee
Is there a way to get a headcount report for all locations?,headcount_report,headcount_by_location,"{""month"": ""October"", ""year"": ""2023""}",employee
"I need the headcount for the marketing team, can you assist?",headcount_report,headcount_by_department,"{""month"": ""October"", ""year"": ""2023""}",employee
Could you tell me how many people are in the IT department right now?,headcount_report,headcount_by_department,"{""month"": ""October"", ""year"": ""2023""}",employee
What’s the headcount for all roles in the company?,headcount_report,headcount_by_role,"{""month"": ""October"", ""year"": ""2023""}",employee
Can I get a report on the headcount by location for this quarter?,headcount_report,headcount_by_location,"{""month"": ""October"", ""year"": ""2023""}",employee
Please provide the headcount for the finance department.,headcount_report,headcount_by_department,"{""month"": ""October"", ""year"": ""2023""}",employee
How many employees are currently in the HR department?,headcount_report,headcount_by_department,"{""month"": ""October"", ""year"": ""2023""}",employee
Can I see the headcount for the customer support role?,headcount_report,headcount_by_role,"{""role"": ""customer support"", ""month"": ""October"", ""year"": ""2023""}",employee
What’s the headcount in the London office?,headcount_report,headcount_by_location,"{""location"": ""London"", ""month"": ""October"", ""year"": ""2023""}",employee
Could you check the headcount for the operations team?,headcount_report,headcount_by_department,"{""month"": ""October"", ""year"": ""2023""}",employee
I’d like to know the total headcount for all departments this month.,headcount_report,headcount_by_department,"{""month"": ""October"", ""year"": ""2023""}",employee
Can you provide a headcount report for the sales role?,headcount_report,headcount_by_role,"{""role"": ""sales"", ""month"": ""October"", ""year"": ""2023""}",employee
What’s the current headcount in the engineering department?,headcount_report,headcount_by_department,"{""month"": ""October"", ""year"": ""2023""}",employee
How many people are in the marketing team right now?,headcount_report,headcount_by_department,"{""month"": ""October"", ""year"": ""2023""}",employee
Can I get the headcount for the finance department this month?,headcount_report,headcount_by_department,"{""month"": ""October"", ""year"": ""2023""}",employee
What’s the headcount for the product management role?,headcount_report,headcount_by_role,"{""role"": ""product management"", ""month"": ""October"", ""year"": ""2023""}",employee
Could you tell me the headcount in the Chicago office?,headcount_report,headcount_by_location,"{""location"": ""Chicago"", ""month"": ""October"", ""year"": ""2023""}",employee
I need to see the headcount report for the entire organization.,headcount_report,headcount_by_department,"{""month"": ""October"", ""year"": ""2023""}",employee
What’s the current headcount for the research and development team?,headcount_report,headcount_by_department,"{""month"": ""October"", ""year"": ""2023""}",employee
Can you provide the headcount for all roles in the New York office?,headcount_report,headcount_by_location,"{""location"": ""New York"", ""month"": ""October"", ""year"": ""2023""}",employee
How many employees are there in the customer service department?,headcount_report,headcount_by_department,"{""month"": ""October"", ""year"": ""2023""}",employee
Can I get a report on the headcount for the tech roles?,headcount_report,headcount_by_role,"{""role"": ""tech"", ""month"": ""October"", ""year"": ""2023""}",employee
What’s the headcount in the HR department for this month?,headcount_report,headcount_by_department,"{""month"": ""October"", ""year"": ""2023""}",employee
Could you check the headcount for the sales team in the London office?,headcount_report,headcount_by_location,"{""location"": ""London"", ""month"": ""October"", ""year"": ""2023""}",employee
Can I see the headcount for the engineering roles this month?,headcount_report,headcount_by_role,"{""role"": ""engineering"", ""month"": ""October"", ""year"": ""2023""}",employee
What’s the total headcount in the organization right now?,headcount_report,headcount_by_department,"{""month"": ""October"", ""year"": ""2023""}",employee
Can you provide a headcount report for the marketing role?,headcount_report,headcount_by_role,"{""role"": ""marketing"", ""month"": ""October"", ""year"": ""2023""}",employee
How many employees are in the finance department as of this month?,headcount_report,headcount_by_department,"{""month"": ""October"", ""year"": ""2023""}",employee
Could you tell me the headcount for the operations role?,headcount_report,headcount_by_role,"{""role"": ""operations"", ""month"": ""October"", ""year"": ""2023""}",employee
What’s the headcount in the San Francisco office?,headcount_report,headcount_by_location,"{""location"": ""San Francisco"", ""month"": ""October"", ""year"": ""2023""}",employee
Can I get a report on the headcount for the HR team?,headcount_report,headcount_by_department,"{""month"": ""October"", ""year"": ""2023""}",employee
How many people are currently in the product development department?,headcount_report,headcount_by_department,"{""month"": ""October"", ""year"": ""2023""}",employee
Can you provide the headcount for all roles in the Chicago office?,headcount_report,headcount_by_location,"{""location"": ""Chicago"", ""month"": ""October"", ""year"": ""2023""}",employee
"I need to see the headcount in our New York office, please.",headcount_report,headcount_by_location,"{""location"": ""New York"", ""month"": ""October"", ""year"": ""2023""}",employee
What’s the current headcount for software engineers?,headcount_report,headcount_by_role,"{""role"": ""software engineer"", ""month"": ""October"", ""year"": ""2023""}",employee
Could you tell me how many people are in the marketing department right now?,headcount_report,headcount_by_department,"{""department"": ""marketing"", ""month"": ""October"", ""year"": ""2023""}",employee
I think I need the headcount for the sales team this quarter.,headcount_report,headcount_by_department,"{""department"": ""sales"", ""month"": ""October"", ""year"": ""2023""}",hr
What’s the total headcount in the London office as of now?,headcount_report,headcount_by_location,"{""location"": ""London"", ""month"": ""October"", ""year"": ""2023""}",employee
Can I get a report on the number of project managers we have?,headcount_report,headcount_by_role,"{""role"": ""project manager"", ""month"": ""October"", ""year"": ""2023""}",hr
How many employees are currently working in the HR department?,headcount_report,headcount_by_department,"{""department"": ""HR"", ""month"": ""October"", ""year"": ""2023""}",employee
"I’d like to know the headcount for all roles in our Chicago office, if possible.",headcount_report,headcount_by_location,"{""location"": ""Chicago"", ""month"": ""October"", ""year"": ""2023""}",hr
What’s the headcount of our IT staff at the moment?,headcount_report,headcount_by_role,"{""role"": ""IT staff"", ""month"": ""October"", ""year"": ""2023""}",employee
Can you show me the headcount by department for last month?,headcount_report,headcount_by_department,"{""month"": ""September"", ""year"": ""2023""}",hr
"I need the headcount for all locations combined, please.",headcount_report,headcount_by_location,"{""month"": ""October"", ""year"": ""2023""}",employee
What’s the current headcount for customer support roles?,headcount_report,headcount_by_role,"{""role"": ""customer support"", ""month"": ""October"", ""year"": ""2023""}",hr
Could you provide the headcount for the finance department?,headcount_report,headcount_by_department,"{""department"": ""finance"", ""month"": ""October"", ""year"": ""2023""}",employee
I’m looking for the headcount in the San Francisco office right now.,headcount_report,headcount_by_location,"{""location"": ""San Francisco"", ""month"": ""October"", ""year"": ""2023""}",employee
What’s the headcount of our design team this month?,headcount_report,headcount_by_role,"{""role"": ""design team"", ""month"": ""October"", ""year"": ""2023""}",hr
Can I have the headcount by department for the last quarter?,headcount_report,headcount_by_department,"{""month"": ""July"", ""year"": ""2023""}",hr
How many employees are currently in the engineering department?,headcount_report,headcount_by_department,"{""department"": ""engineering"", ""month"": ""October"", ""year"": ""2023""}",employee
What’s the total headcount for all roles in the Boston office?,headcount_report,headcount_by_location,"{""location"": ""Boston"", ""month"": ""October"", ""year"": ""2023""}",hr
Can you tell me the headcount for our legal team?,headcount_report,headcount_by_role,"{""role"": ""legal team"", ""month"": ""October"", ""year"": ""2023""}",employee
I’d like to see the headcount by department for this year.,headcount_report,headcount_by_department,"{""month"": ""October"", ""year"": ""2023""}",hr
What’s the headcount for our remote employees?,headcount_report,headcount_by_location,"{""location"": ""remote"", ""month"": ""October"", ""year"": ""2023""}",employee
Can I get the headcount for all roles in the company?,headcount_report,headcount_by_role,"{""month"": ""October"", ""year"": ""2023""}",hr
How many people are in the operations department currently?,headcount_report,headcount_by_department,"{""department"": ""operations"", ""month"": ""October"", ""year"": ""2023""}",employee
What’s the current headcount for our tech support team?,headcount_report,headcount_by_role,"{""role"": ""tech support"", ""month"": ""October"", ""year"": ""2023""}",hr
Could you provide the headcount for the product management department?,headcount_report,headcount_by_department,"{""department"": ""product management"", ""month"": ""October"", ""year"": ""2023""}",employee
I need to know the headcount in the Seattle office right now.,headcount_report,headcount_by_location,"{""location"": ""Seattle"", ""month"": ""October"", ""year"": ""2023""}",employee
What’s the headcount for our research team this month?,headcount_report,headcount_by_role,"{""role"": ""research team"", ""month"": ""October"", ""year"": ""2023""}",hr
Can I see the headcount by department for the last month?,headcount_report,headcount_by_department,"{""month"": ""September"", ""year"": ""2023""}",hr
How many employees are in the training department currently?,headcount_report,headcount_by_department,"{""department"": ""training"", ""month"": ""October"", ""year"": ""2023""}",employee
What’s the total headcount for our international offices?,headcount_report,headcount_by_location,"{""month"": ""October"", ""year"": ""2023""}",hr
Can you tell me the headcount for our analytics team?,headcount_report,headcount_by_role,"{""role"": ""analytics team"", ""month"": ""October"", ""year"": ""2023""}",employee
I’d like to know the headcount by department for the current year.,headcount_report,headcount_by_department,"{""month"": ""October"", ""year"": ""2023""}",hr
Can you show me the headcount by department for this year?,headcount_report,headcount_by_department,"{""year"": ""2025""}",employee
"I need the headcount report for the marketing department, please.",headcount_report,headcount_by_department,"{""year"": ""2025"", ""department"": ""marketing""}",hr
Could you provide the headcount by location for this month?,headcount_report,headcount_by_location,"{""month"": ""August"", ""year"": ""2025""}",employee
How many employees do we have in the IT department right now?,headcount_report,headcount_by_department,"{""year"": ""2025"", ""department"": ""IT""}",employee
What’s the headcount by location for last quarter?,headcount_report,headcount_by_location,"{""month"": ""July"", ""year"": ""2025""}",hr
Can you tell me the total headcount for the engineering roles?,headcount_report,headcount_by_role,"{""year"": ""2025"", ""role"": ""engineering""}",employee
"I think I need the headcount report for the finance department, if possible.",headcount_report,headcount_by_department,"{""year"": ""2025"", ""department"": ""finance""}",hr
Could you provide the headcount for remote employees?,headcount_report,headcount_by_location,"{""year"": ""2025"", ""location"": ""remote""}",hr
How many employees are currently in the customer service role?,headcount_report,headcount_by_role,"{""year"": ""2025"", ""role"": ""customer service""}",employee
Can I get the headcount report for the last fiscal year?,headcount_report,headcount_by_department,"{""year"": ""2024""}",hr
I’d like to know the total headcount for all departments combined.,headcount_report,headcount_by_department,"{""year"": ""2025""}",hr
Could you share the headcount for the operations team?,headcount_report,headcount_by_department,"{""year"": ""2025"", ""department"": ""operations""}",employee
What’s the headcount by role for the last year?,headcount_report,headcount_by_role,"{""year"": ""2024""}",hr
Can you tell me how many employees we have in the legal department?,headcount_report,headcount_by_department,"{""year"": ""2025"", ""department"": ""legal""}",employee
I need the headcount report for all locations this year.,headcount_report,headcount_by_location,"{""year"": ""2025""}",hr
What’s the current headcount for the project management roles?,headcount_report,headcount_by_role,"{""year"": ""2025"", ""role"": ""project management""}",employee
How many employees are in the research and development department?,headcount_report,headcount_by_department,"{""year"": ""2025"", ""department"": ""R&D""}",employee
What’s the headcount for the sales team in the last quarter?,headcount_report,headcount_by_department,"{""month"": ""July"", ""year"": ""2025"", ""department"": ""sales""}",hr
Could you tell me the headcount by location for the engineering department?,headcount_report,headcount_by_location,"{""year"": ""2025"", ""department"": ""engineering""}",employee
I think I need the headcount for the entire organization.,headcount_report,headcount_by_department,"{""year"": ""2025""}",hr
What’s the current headcount for the marketing roles?,headcount_report,headcount_by_role,"{""year"": ""2025"", ""role"": ""marketing""}",employee
Can you provide the headcount by department for the last month?,headcount_report,headcount_by_department,"{""month"": ""July"", ""year"": ""2025""}",hr
How many employees are in the finance department as of now?,headcount_report,headcount_by_department,"{""year"": ""2025"", ""department"": ""finance""}",employee
What’s the headcount for the IT roles for this year?,headcount_report,headcount_by_role,"{""year"": ""2025"", ""role"": ""IT""}",hr
Could you tell me the headcount by location for the HR department?,headcount_report,headcount_by_location,"{""year"": ""2025"", ""department"": ""HR""}",employee
I need the headcount report for the last fiscal quarter.,headcount_report,headcount_by_department,"{""month"": ""July"", ""year"": ""2025""}",hr
What’s the headcount for the operations roles this month?,headcount_report,headcount_by_role,"{""month"": ""August"", ""year"": ""2025"", ""role"": ""operations""}",employee
Can you provide the headcount by department for remote employees?,headcount_report,headcount_by_department,"{""year"": ""2025"", ""location"": ""remote""}",hr
Could you provide the headcount report by department for this year?,headcount_report,headcount_by_department,"{""year"": ""2025""}",employee
"I'm curious about the current headcount in our marketing department, can you help?",headcount_report,headcount_by_department,"{""year"": ""2025""}",employee
What is the headcount by location for the last quarter?,headcount_report,headcount_by_location,"{""month"": ""October"", ""year"": ""2025""}",employee
Can I see the headcount report for all roles in the company?,headcount_report,headcount_by_role,{},employee
"I think I need the headcount by role for our tech team, is that available?",headcount_report,headcount_by_role,{},employee
Could you tell me how many employees we have in the sales department?,headcount_report,headcount_by_department,{},hr
What’s the headcount by location for the current month?,headcount_report,headcount_by_location,"{""month"": ""November"", ""year"": ""2025""}",hr
Can I get a report on the headcount by department for last year?,headcount_report,headcount_by_department,"{""year"": ""2024""}",hr
Is there a way to check the headcount by role for the last six months?,headcount_report,headcount_by_role,"{""month"": ""October"", ""year"": ""2025""}",hr
What’s the total headcount in our office located in New York?,headcount_report,headcount_by_location,{},employee
Can you provide the headcount by department for the upcoming year?,headcount_report,headcount_by_department,"{""year"": ""2026""}",hr
"I need to know the headcount by location for the last month, please.",headcount_report,headcount_by_location,"{""month"": ""October"", ""year"": ""2025""}",employee
Could you share the headcount report for all roles in the company?,headcount_report,headcount_by_role,{},hr
What’s the headcount in the finance department as of this month?,headcount_report,headcount_by_department,"{""month"": ""November"", ""year"": ""2025""}",employee
Can I see the headcount by location for the last fiscal year?,headcount_report,headcount_by_location,"{""year"": ""2024""}",hr
How many employees do we have in the customer service department?,headcount_report,headcount_by_department,{},employee
Can you tell me the headcount by role for the current year?,headcount_report,headcount_by_role,"{""year"": ""2025""}",hr
I’m looking for the headcount report by department for the last quarter.,headcount_report,headcount_by_department,"{""month"": ""October"", ""year"": ""2025""}",employee
What’s the current headcount by location for our offices?,headcount_report,headcount_by_location,{},hr
Could you provide the headcount by role for the last two years?,headcount_report,headcount_by_role,"{""year"": ""2024""}",hr
Can I get a headcount report for the HR department?,headcount_report,headcount_by_department,{},employee
What’s the headcount by location for our international offices?,headcount_report,headcount_by_location,{},hr
"I’d like to see the headcount by role for the tech department, if possible.",headcount_report,headcount_by_role,{},employee
Could you tell me the headcount by department for the last month?,headcount_report,headcount_by_department,"{""month"": ""October"", ""year"": ""2025""}",hr
What’s the headcount in our London office right now?,headcount_report,headcount_by_location,{},employee
Can I have the headcount report by role for the last three months?,headcount_report,headcount_by_role,"{""month"": ""November"", ""year"": ""2025""}",hr
Can you provide the headcount by location for the upcoming quarter?,headcount_report,headcount_by_location,"{""month"": ""January"", ""year"": ""2026""}",employee
I need the headcount report for the IT department for this year.,headcount_report,headcount_by_department,"{""year"": ""2025""}",employee
Could you tell me the headcount by location for the last year?,headcount_report,headcount_by_location,"{""year"": ""2024""}",hr
What’s the headcount by role for the last month?,headcount_report,headcount_by_role,"{""month"": ""October"", ""year"": ""2025""}",employee
Can I see the headcount report for the sales department for this year?,headcount_report,headcount_by_department,"{""year"": ""2025""}",hr
"I need the headcount by location for the last quarter, please.",headcount_report,headcount_by_location,"{""month"": ""July"", ""year"": ""2023""}",employee
What’s the current headcount by role in our team?,headcount_report,headcount_by_role,"{""month"": ""October"", ""year"": ""2023""}",employee
Can you show me the headcount report for each department this year?,headcount_report,headcount_by_department,"{""month"": ""October"", ""year"": ""2023""}",hr
I’m looking for the headcount by location for the upcoming month.,headcount_report,headcount_by_location,"{""month"": ""November"", ""year"": ""2023""}",hr
What’s the headcount by role for the last fiscal year?,headcount_report,headcount_by_role,"{""month"": ""October"", ""year"": ""2022""}",hr
Could you get me the headcount report by department for last month?,headcount_report,headcount_by_department,"{""month"": ""September"", ""year"": ""2023""}",employee
"I think I need the headcount by location for the current year, right?",headcount_report,headcount_by_location,"{""month"": ""October"", ""year"": ""2023""}",employee
What’s the headcount by role for our new hires this year?,headcount_report,headcount_by_role,"{""month"": ""October"", ""year"": ""2023""}",hr
Can you tell me the headcount report by department for the last month?,headcount_report,headcount_by_department,"{""month"": ""September"", ""year"": ""2023""}",hr
"I’d like to see the headcount by location for the last month, if possible.",headcount_report,headcount_by_location,"{""month"": ""September"", ""year"": ""2023""}",employee
What’s the headcount by role for the current month?,headcount_report,headcount_by_role,"{""month"": ""October"", ""year"": ""2023""}",employee
Can you provide the headcount report by department for the last quarter?,headcount_report,headcount_by_department,"{""month"": ""July"", ""year"": ""2023""}",hr
"I need the headcount by location for the last year, please.",headcount_report,headcount_by_location,"{""month"": ""October"", ""year"": ""2022""}",hr
What’s the current headcount by role in the marketing team?,headcount_report,headcount_by_role,"{""month"": ""October"", ""year"": ""2023""}",employee
Can you show me the headcount report by department for the current month?,headcount_report,headcount_by_department,"{""month"": ""October"", ""year"": ""2023""}",employee
I’m looking for the headcount by location for the upcoming quarter.,headcount_report,headcount_by_location,"{""month"": ""January"", ""year"": ""2024""}",hr
What’s the headcount by role for the last quarter?,headcount_report,headcount_by_role,"{""month"": ""July"", ""year"": ""2023""}",hr
Could you get me the headcount report by department for the upcoming year?,headcount_report,headcount_by_department,"{""month"": ""October"", ""year"": ""2024""}",employee
"I think I need the headcount by location for the last month, right?",headcount_report,headcount_by_location,"{""month"": ""September"", ""year"": ""2023""}",employee
What’s the headcount by role for our team this month?,headcount_report,headcount_by_role,"{""month"": ""October"", ""year"": ""2023""}",hr
Can you tell me the headcount report by department for the last year?,headcount_report,headcount_by_department,"{""month"": ""October"", ""year"": ""2022""}",hr
"I’d like to see the headcount by location for this month, if possible.",headcount_report,headcount_by_location,"{""month"": ""October"", ""year"": ""2023""}",employee
Can you provide the headcount report by department for the upcoming quarter?,headcount_report,headcount_by_department,"{""month"": ""January"", ""year"": ""2024""}",hr
"I need the headcount by location for this month, please.",headcount_report,headcount_by_location,"{""month"": ""October"", ""year"": ""2023""}",employee
What’s the current headcount by role in the sales team?,headcount_report,headcount_by_role,"{""month"": ""October"", ""year"": ""2023""}",employee
Can you show me the headcount report by department for the last quarter?,headcount_report,headcount_by_department,"{""month"": ""July"", ""year"": ""2023""}",hr
"I’m looking for the headcount by location for the last quarter, if possible.",headcount_report,headcount_by_location,"{""month"": ""July"", ""year"": ""2023""}",hr
Could you get me the headcount report by department for the current month?,headcount_report,headcount_by_department,"{""month"": ""October"", ""year"": ""2023""}",employee
"I think I need the headcount by location for the upcoming year, right?",headcount_report,headcount_by_location,"{""month"": ""October"", ""year"": ""2024""}",employee
What’s the headcount by role for our new hires this month?,headcount_report,headcount_by_role,"{""month"": ""October"", ""year"": ""2023""}",hr
"I need to see the headcount in the marketing department, if possible.",headcount_report,headcount_by_department,"{""month"": ""October"", ""year"": ""2023""}",hr
Can you share the headcount figures for the New York office?,headcount_report,headcount_by_location,"{""month"": ""October"", ""year"": ""2023""}",hr
Is there a way to check the headcount by role for our team?,headcount_report,headcount_by_role,"{""month"": ""October"", ""year"": ""2023""}",employee
I’d like to know the headcount for software engineers in our department.,headcount_report,headcount_by_role,"{""month"": ""October"", ""year"": ""2023""}",hr
Can you tell me how many people are in the sales department right now?,headcount_report,headcount_by_department,"{""month"": ""October"", ""year"": ""2023""}",employee
What’s the total headcount for the London office this month?,headcount_report,headcount_by_location,"{""month"": ""October"", ""year"": ""2023""}",hr
"I think I need the headcount for all roles in the company, please.",headcount_report,headcount_by_role,"{""month"": ""October"", ""year"": ""2023""}",employee
Could you provide the headcount by department for the last quarter?,headcount_report,headcount_by_department,"{""month"": ""July"", ""year"": ""2023""}",hr
What’s the headcount by location for the upcoming month?,headcount_report,headcount_by_location,"{""month"": ""November"", ""year"": ""2023""}",employee
Can you give me the headcount for the IT department as of this month?,headcount_report,headcount_by_department,"{""month"": ""October"", ""year"": ""2023""}",hr
"I’d like to see the headcount for all roles in our office, if you can.",headcount_report,headcount_by_role,"{""month"": ""October"", ""year"": ""2023""}",employee
What’s the headcount for the remote employees this month?,headcount_report,headcount_by_location,"{""month"": ""October"", ""year"": ""2023""}",hr
Can you tell me how many employees we have in the finance department?,headcount_report,headcount_by_department,"{""month"": ""October"", ""year"": ""2023""}",employee
"I need the headcount by role for the last month, please.",headcount_report,headcount_by_role,"{""month"": ""September"", ""year"": ""2023""}",hr
Could you check the headcount for the engineering team this month?,headcount_report,headcount_by_department,"{""month"": ""October"", ""year"": ""2023""}",employee
What’s the headcount for all locations combined as of now?,headcount_report,headcount_by_location,"{""month"": ""October"", ""year"": ""2023""}",hr
Can I see the headcount by role for the previous year?,headcount_report,headcount_by_role,"{""month"": ""October"", ""year"": ""2022""}",employee
What’s the current headcount for our remote workers?,headcount_report,headcount_by_location,"{""month"": ""October"", ""year"": ""2023""}",employee
Can you provide the headcount by department for the last fiscal year?,headcount_report,headcount_by_department,"{""month"": ""October"", ""year"": ""2022""}",hr
"I think I need the headcount for the customer service team, if possible.",headcount_report,headcount_by_department,"{""month"": ""October"", ""year"": ""2023""}",employee
Can you tell me the headcount for the operations department this month?,headcount_report,headcount_by_department,"{""month"": ""October"", ""year"": ""2023""}",employee
"I’d like to see the headcount for all departments combined, please.",headcount_report,headcount_by_department,"{""month"": ""October"", ""year"": ""2023""}",hr
What’s the headcount for the marketing team as of this month?,headcount_report,headcount_by_department,"{""month"": ""October"", ""year"": ""2023""}",employee
Can you provide the headcount by location for the last month?,headcount_report,headcount_by_location,"{""month"": ""September"", ""year"": ""2023""}",hr
I need to know the headcount for the legal department right now.,headcount_report,headcount_by_department,"{""month"": ""October"", ""year"": ""2023""}",employee
Could you check the headcount for the sales department for last month?,headcount_report,headcount_by_department,"{""month"": ""September"", ""year"": ""2023""}",employee
"I’d like to see the headcount for the entire company, if that’s possible.",headcount_report,headcount_by_department,"{""month"": ""October"", ""year"": ""2023""}",hr
What’s the current headcount for the tech department?,headcount_report,headcount_by_department,"{""month"": ""October"", ""year"": ""2023""}",employee
I think I need the headcount for the interns this month.,headcount_report,headcount_by_role,"{""month"": ""October"", ""year"": ""2023""}",employee
"I'm curious about the headcount in the sales department, can you help?",headcount_report,headcount_by_department,"{""month"": ""October"", ""year"": ""2023""}",employee
What is the current headcount by location?,headcount_report,headcount_by_location,"{""month"": ""October"", ""year"": ""2023""}",employee
Can I see the headcount for our New York office?,headcount_report,headcount_by_location,"{""month"": ""October"", ""year"": ""2023""}",employee
"I'd like to know the headcount by role for this quarter, please.",headcount_report,headcount_by_role,"{""month"": ""October"", ""year"": ""2023""}",employee
What’s the headcount for software engineers in the company?,headcount_report,headcount_by_role,"{""month"": ""October"", ""year"": ""2023""}",employee
Can you give me the headcount report for the marketing department?,headcount_report,headcount_by_department,"{""month"": ""October"", ""year"": ""2023""}",hr
I need the headcount by location for our offices in Europe.,headcount_report,headcount_by_location,"{""month"": ""October"", ""year"": ""2023""}",hr
Could you fetch the headcount by role for the last fiscal year?,headcount_report,headcount_by_role,"{""month"": ""October"", ""year"": ""2023""}",hr
What’s the total headcount in the engineering department right now?,headcount_report,headcount_by_department,"{""month"": ""October"", ""year"": ""2023""}",hr
Can you check the headcount for the remote workers?,headcount_report,headcount_by_location,"{""month"": ""October"", ""year"": ""2023""}",hr
I think I need the headcount by department for the last month.,headcount_report,headcount_by_department,"{""month"": ""September"", ""year"": ""2023""}",hr
What’s the headcount by role for the upcoming quarter?,headcount_report,headcount_by_role,"{""month"": ""October"", ""year"": ""2023""}",hr
Can you provide the headcount for the interns in our company?,headcount_report,headcount_by_role,"{""month"": ""October"", ""year"": ""2023""}",hr
"I’d like to see the headcount for the HR department, if possible.",headcount_report,headcount_by_department,"{""month"": ""October"", ""year"": ""2023""}",hr
What’s the current headcount in the finance department?,headcount_report,headcount_by_department,"{""month"": ""October"", ""year"": ""2023""}",hr
Can you tell me the headcount by location for the last year?,headcount_report,headcount_by_location,"{""month"": ""October"", ""year"": ""2023""}",hr
I need to know the headcount by role for the last quarter.,headcount_report,headcount_by_role,"{""month"": ""October"", ""year"": ""2023""}",hr
Could you share the headcount for the product team?,headcount_report,headcount_by_department,"{""month"": ""October"", ""year"": ""2023""}",hr
What’s the headcount for all locations combined?,headcount_report,headcount_by_location,"{""month"": ""October"", ""year"": ""2023""}",hr
Can you provide a breakdown of headcount by role for this month?,headcount_report,headcount_by_role,"{""month"": ""October"", ""year"": ""2023""}",hr
I’m looking for the headcount report for the last six months.,headcount_report,headcount_by_department,"{""month"": ""October"", ""year"": ""2023""}",hr
What is the headcount for part-time employees in our company?,headcount_report,headcount_by_role,"{""month"": ""October"", ""year"": ""2023""}",hr
Could you check the headcount by department for the last quarter?,headcount_report,headcount_by_department,"{""month"": ""July"", ""year"": ""2023""}",hr
I need to see the headcount by location for the past month.,headcount_report,headcount_by_location,"{""month"": ""September"", ""year"": ""2023""}",hr
Can you provide the headcount for the customer service team?,headcount_report,headcount_by_department,"{""month"": ""October"", ""year"": ""2023""}",hr
What’s the headcount in the IT department as of now?,headcount_report,headcount_by_department,"{""month"": ""October"", ""year"": ""2023""}",hr
Could you give me the headcount for all locations in Asia?,headcount_report,headcount_by_location,"{""month"": ""October"", ""year"": ""2023""}",hr
I’d like to know the headcount by role for the last month.,headcount_report,headcount_by_role,"{""month"": ""September"", ""year"": ""2023""}",hr
Can you tell me the headcount for the legal department?,headcount_report,headcount_by_department,"{""month"": ""October"", ""year"": ""2023""}",hr
What’s the total headcount for the company this month?,headcount_report,headcount_by_department,"{""month"": ""October"", ""year"": ""2023""}",hr
Could you provide the headcount for the operations team?,headcount_report,headcount_by_department,"{""month"": ""October"", ""year"": ""2023""}",hr
I need the headcount by location for the last three months.,headcount_report,headcount_by_location,"{""month"": ""October"", ""year"": ""2023""}",hr
Can you provide the headcount report by department for this month?,headcount_report,headcount_by_department,"{""month"": ""October"", ""year"": ""2023""}",employee
"I need the headcount by location for the last quarter, if possible.",headcount_report,headcount_by_location,"{""month"": ""July"", ""year"": ""2023""}",employee
Could you share the current headcount by role for our team?,headcount_report,headcount_by_role,"{""month"": ""October"", ""year"": ""2023""}",employee
What is the headcount report by department for September?,headcount_report,headcount_by_department,"{""month"": ""September"", ""year"": ""2023""}",hr
Can I see the headcount by location for this year?,headcount_report,headcount_by_location,"{""month"": ""October"", ""year"": ""2023""}",hr
Please provide the headcount by role for the engineering department.,headcount_report,headcount_by_role,"{""month"": ""October"", ""year"": ""2023""}",hr
Is there a way to get the headcount report for all departments?,headcount_report,headcount_by_department,"{""month"": ""October"", ""year"": ""2023""}",employee
"I think I need the headcount by location for the last month, can you help?",headcount_report,headcount_by_location,"{""month"": ""September"", ""year"": ""2023""}",employee
Could you let me know the headcount by role for our sales team?,headcount_report,headcount_by_role,"{""month"": ""October"", ""year"": ""2023""}",employee
What’s the headcount report by department looking like for this year?,headcount_report,headcount_by_department,"{""month"": ""October"", ""year"": ""2023""}",hr
Can I get the headcount by location for the last fiscal year?,headcount_report,headcount_by_location,"{""month"": ""October"", ""year"": ""2023""}",hr
"I would like to see the headcount by role for all employees, please.",headcount_report,headcount_by_role,"{""month"": ""October"", ""year"": ""2023""}",hr
What’s the current headcount by department for October?,headcount_report,headcount_by_department,"{""month"": ""October"", ""year"": ""2023""}",employee
Can you show me the headcount by location for the engineering team?,headcount_report,headcount_by_location,"{""month"": ""October"", ""year"": ""2023""}",employee
"I need the headcount by role for the marketing department, if available.",headcount_report,headcount_by_role,"{""month"": ""October"", ""year"": ""2023""}",employee
Could you provide the headcount report by department for the last two months?,headcount_report,headcount_by_department,"{""month"": ""September"", ""year"": ""2023""}",hr
Can I see the headcount by role for the entire company?,headcount_report,headcount_by_role,"{""month"": ""October"", ""year"": ""2023""}",hr
I think I need the headcount report by department for the last year.,headcount_report,headcount_by_department,"{""month"": ""October"", ""year"": ""2023""}",employee
Can you provide the headcount by location for the last quarter?,headcount_report,headcount_by_location,"{""month"": ""July"", ""year"": ""2023""}",employee
What’s the current headcount by role for our department?,headcount_report,headcount_by_role,"{""month"": ""October"", ""year"": ""2023""}",employee
Could you share the headcount report by department for the last month?,headcount_report,headcount_by_department,"{""month"": ""September"", ""year"": ""2023""}",hr
"I need the headcount by location for the last six months, if possible.",headcount_report,headcount_by_location,"{""month"": ""October"", ""year"": ""2023""}",hr
Can you let me know the headcount by role for the finance team?,headcount_report,headcount_by_role,"{""month"": ""October"", ""year"": ""2023""}",hr
What’s the headcount report by department for this quarter?,headcount_report,headcount_by_department,"{""month"": ""October"", ""year"": ""2023""}",employee
Could you provide the headcount by location for the last month?,headcount_report,headcount_by_location,"{""month"": ""September"", ""year"": ""2023""}",employee
Can I see the headcount by role for the IT department?,headcount_report,headcount_by_role,"{""month"": ""October"", ""year"": ""2023""}",employee
What’s the headcount report by department for the current year?,headcount_report,headcount_by_department,"{""month"": ""October"", ""year"": ""2023""}",hr
Can you share the headcount by location for the last fiscal quarter?,headcount_report,headcount_by_location,"{""month"": ""July"", ""year"": ""2023""}",hr
I would like to know the headcount by role for the HR department.,headcount_report,headcount_by_role,"{""month"": ""October"", ""year"": ""2023""}",hr
What’s the headcount report by department for the last two months?,headcount_report,headcount_by_department,"{""month"": ""September"", ""year"": ""2023""}",employee
Can you provide the headcount by location for the current month?,headcount_report,headcount_by_location,"{""month"": ""October"", ""year"": ""2023""}",employee
Could you let me know the headcount by role for the entire organization?,headcount_report,headcount_by_role,"{""month"": ""October"", ""year"": ""2023""}",hr
What was the headcount by role for the last quarter?,headcount_report,headcount_by_role,"{""month"": ""July"", ""year"": ""2023""}",employee
Could you share the current headcount by department?,headcount_report,headcount_by_department,"{""month"": ""October"", ""year"": ""2023""}",hr
I'm looking for the headcount by location for the upcoming year.,headcount_report,headcount_by_location,"{""month"": ""October"", ""year"": ""2024""}",hr
Is there a report available for headcount by role for this month?,headcount_report,headcount_by_role,"{""month"": ""October"", ""year"": ""2023""}",hr
Can I get the headcount by department for the last month?,headcount_report,headcount_by_department,"{""month"": ""September"", ""year"": ""2023""}",employee
What was the headcount by location for the first half of this year?,headcount_report,headcount_by_location,"{""month"": ""June"", ""year"": ""2023""}",employee
Could you tell me the headcount by role for the last fiscal year?,headcount_report,headcount_by_role,"{""month"": ""October"", ""year"": ""2022""}",employee
Where can I find the headcount by location for this month?,headcount_report,headcount_by_location,"{""month"": ""October"", ""year"": ""2023""}",employee
Can you help me with the headcount by role for the previous month?,headcount_report,headcount_by_role,"{""month"": ""September"", ""year"": ""2023""}",hr
I need to check the headcount by department for the upcoming month.,headcount_report,headcount_by_department,"{""month"": ""November"", ""year"": ""2023""}",employee
What is the headcount by location for the last two months?,headcount_report,headcount_by_location,"{""month"": ""September"", ""year"": ""2023""}",hr
Could you provide the headcount by role for this year?,headcount_report,headcount_by_role,"{""month"": ""October"", ""year"": ""2023""}",employee
I think I need the headcount by department for the last year.,headcount_report,headcount_by_department,"{""month"": ""October"", ""year"": ""2022""}",hr
Can I see the headcount by location for the last quarter?,headcount_report,headcount_by_location,"{""month"": ""July"", ""year"": ""2023""}",employee
What was the headcount by role for the last month?,headcount_report,headcount_by_role,"{""month"": ""September"", ""year"": ""2023""}",hr
Could you share the headcount by department for the current year?,headcount_report,headcount_by_department,"{""month"": ""October"", ""year"": ""2023""}",employee
I'm looking for the headcount by location for the past year.,headcount_report,headcount_by_location,"{""month"": ""October"", ""year"": ""2022""}",hr
Is there a way to get the headcount by role for this month?,headcount_report,headcount_by_role,"{""month"": ""October"", ""year"": ""2023""}",employee
Can you provide the headcount by department for the last two quarters?,headcount_report,headcount_by_department,"{""month"": ""July"", ""year"": ""2023""}",hr
What is the headcount by location for the last fiscal quarter?,headcount_report,headcount_by_location,"{""month"": ""July"", ""year"": ""2023""}",employee
Could you tell me the headcount by role for the upcoming quarter?,headcount_report,headcount_by_role,"{""month"": ""January"", ""year"": ""2024""}",hr
"I need the headcount by department for the last month, please.",headcount_report,headcount_by_department,"{""month"": ""September"", ""year"": ""2023""}",employee
Where can I find the headcount by location for this quarter?,headcount_report,headcount_by_location,"{""month"": ""October"", ""year"": ""2023""}",hr
Can you help me with the headcount by role for last year?,headcount_report,headcount_by_role,"{""month"": ""October"", ""year"": ""2022""}",employee
I think I need the headcount by department for the upcoming year.,headcount_report,headcount_by_department,"{""month"": ""October"", ""year"": ""2024""}",hr
What was the headcount by location for the last two years?,headcount_report,headcount_by_location,"{""month"": ""October"", ""year"": ""2022""}",employee
Could you share the headcount by role for the last quarter?,headcount_report,headcount_by_role,"{""month"": ""July"", ""year"": ""2023""}",hr
Can I see the headcount by department for the last fiscal year?,headcount_report,headcount_by_department,"{""month"": ""October"", ""year"": ""2022""}",employee
What is the headcount by location for the current month?,headcount_report,headcount_by_location,"{""month"": ""October"", ""year"": ""2023""}",hr
"I need the headcount report for our sales team, please.",headcount_report,headcount_by_department,"{""year"": ""2025"", ""department"": ""sales""}",hr
What is the current headcount in the marketing department?,headcount_report,headcount_by_department,"{""year"": ""2025"", ""department"": ""marketing""}",employee
How many employees are there in the New York office?,headcount_report,headcount_by_location,"{""year"": ""2025"", ""location"": ""New York""}",employee
I was wondering about the headcount for remote employees this quarter.,headcount_report,headcount_by_location,"{""quarter"": ""Q3"", ""year"": ""2025""}",hr
Can you tell me how many developers we have on the team?,headcount_report,headcount_by_role,"{""year"": ""2025"", ""role"": ""developer""}",employee
What’s the headcount for all roles in the company right now?,headcount_report,headcount_by_role,"{""year"": ""2025""}",hr
Is there a report available for headcount by role for last year?,headcount_report,headcount_by_role,"{""year"": ""2024""}",employee
Could you get me the headcount for the HR department for this month?,headcount_report,headcount_by_department,"{""month"": ""August"", ""year"": ""2025"", ""department"": ""HR""}",hr
What’s the total headcount for the engineering department?,headcount_report,headcount_by_department,"{""year"": ""2025"", ""department"": ""engineering""}",hr
Can you help me find the headcount by role for the last month?,headcount_report,headcount_by_role,"{""month"": ""July"", ""year"": ""2025""}",employee
How many employees are in the finance department this year?,headcount_report,headcount_by_department,"{""year"": ""2025"", ""department"": ""finance""}",hr
I need to see the headcount by location for all offices.,headcount_report,headcount_by_location,"{""year"": ""2025""}",employee
Could you provide the headcount for all roles in the company?,headcount_report,headcount_by_role,"{""year"": ""2025""}",hr
What’s the headcount in the customer service department?,headcount_report,headcount_by_department,"{""year"": ""2025"", ""department"": ""customer service""}",employee
Can I get a report on headcount by location for this year?,headcount_report,headcount_by_location,"{""year"": ""2025""}",hr
How many people are working in the IT department right now?,headcount_report,headcount_by_department,"{""year"": ""2025"", ""department"": ""IT""}",employee
What’s the headcount for our remote workers this month?,headcount_report,headcount_by_location,"{""month"": ""August"", ""year"": ""2025""}",hr
Can you tell me the headcount by role for the last year?,headcount_report,headcount_by_role,"{""year"": ""2024""}",employee
"I’d like to see the headcount for the operations team, please.",headcount_report,headcount_by_department,"{""year"": ""2025"", ""department"": ""operations""}",hr
What’s the current headcount for the legal department?,headcount_report,headcount_by_department,"{""year"": ""2025"", ""department"": ""legal""}",employee
How many employees are there in the product team this year?,headcount_report,headcount_by_department,"{""year"": ""2025"", ""department"": ""product""}",employee
Could you get me the headcount by role for the current month?,headcount_report,headcount_by_role,"{""month"": ""August"", ""year"": ""2025""}",hr
What’s the total headcount for the company as of now?,headcount_report,headcount_by_role,"{""year"": ""2025""}",employee
Can I see the headcount for the sales department for last year?,headcount_report,headcount_by_department,"{""year"": ""2024"", ""department"": ""sales""}",hr
How many employees are in the design team this month?,headcount_report,headcount_by_department,"{""month"": ""August"", ""year"": ""2025"", ""department"": ""design""}",employee
Can you provide the headcount by location for the engineering department?,headcount_report,headcount_by_location,"{""year"": ""2025"", ""department"": ""engineering""}",hr
Could you tell me the headcount by role for the finance department?,headcount_report,headcount_by_role,"{""year"": ""2025"", ""department"": ""finance""}",hr
Can you show me the headcount for all locations this year?,headcount_report,headcount_by_location,"{""year"": ""2025""}",hr
Can you share the current headcount by department?,headcount_report,headcount_by_department,"{""month"": ""October"", ""year"": ""2023""}",hr
I’m looking for the headcount report by location for this year.,headcount_report,headcount_by_location,"{""month"": ""October"", ""year"": ""2023""}",hr
What’s the headcount by role for the previous month?,headcount_report,headcount_by_role,"{""month"": ""September"", ""year"": ""2023""}",hr
Is there a way to get the headcount by department for the upcoming year?,headcount_report,headcount_by_department,"{""month"": ""October"", ""year"": ""2024""}",employee
Could you tell me the headcount by location for the last two months?,headcount_report,headcount_by_location,"{""month"": ""September"", ""year"": ""2023""}",employee
"I think I need the headcount report by role for the last month, please.",headcount_report,headcount_by_role,"{""month"": ""September"", ""year"": ""2023""}",employee
Can I get the headcount by department for the last fiscal year?,headcount_report,headcount_by_department,"{""month"": ""October"", ""year"": ""2022""}",hr
What’s the headcount by location for this quarter?,headcount_report,headcount_by_location,"{""month"": ""October"", ""year"": ""2023""}",hr
"I’d like to know the headcount by department for next month, if that’s available.",headcount_report,headcount_by_department,"{""month"": ""November"", ""year"": ""2023""}",employee
Can you show me the headcount by location for the last year?,headcount_report,headcount_by_location,"{""month"": ""October"", ""year"": ""2022""}",employee
What’s the current headcount by role?,headcount_report,headcount_by_role,"{""month"": ""October"", ""year"": ""2023""}",hr
Can I see the headcount by department for the last quarter?,headcount_report,headcount_by_department,"{""month"": ""July"", ""year"": ""2023""}",employee
"I’d like to know the headcount by location for this year, if that’s possible.",headcount_report,headcount_by_location,"{""month"": ""October"", ""year"": ""2023""}",employee
Could you share the headcount by role for the upcoming year?,headcount_report,headcount_by_role,"{""month"": ""October"", ""year"": ""2024""}",hr
What’s the headcount by department for the last two months?,headcount_report,headcount_by_department,"{""month"": ""September"", ""year"": ""2023""}",employee
Can you give me the headcount by location for the last quarter?,headcount_report,headcount_by_location,"{""month"": ""July"", ""year"": ""2023""}",hr
"I think I need the headcount by role for this month, please.",headcount_report,headcount_by_role,"{""month"": ""October"", ""year"": ""2023""}",employee
Could you provide the headcount by department for the last fiscal year?,headcount_report,headcount_by_department,"{""month"": ""October"", ""year"": ""2022""}",hr
What’s the headcount by location for the previous month?,headcount_report,headcount_by_location,"{""month"": ""September"", ""year"": ""2023""}",hr
Can I see the headcount by role for this quarter?,headcount_report,headcount_by_role,"{""month"": ""October"", ""year"": ""2023""}",employee
"I’d like to know the headcount by department for this month, if that’s available.",headcount_report,headcount_by_department,"{""month"": ""October"", ""year"": ""2023""}",employee
Could you tell me the headcount by location for next month?,headcount_report,headcount_by_location,"{""month"": ""November"", ""year"": ""2023""}",hr
What was the headcount by role for the last two months?,headcount_report,headcount_by_role,"{""month"": ""September"", ""year"": ""2023""}",hr
Can I get the headcount report by department for this month?,headcount_report,headcount_by_department,"{""month"": ""October"", ""year"": ""2023""}",employee
What’s the current headcount by location for the last quarter?,headcount_report,headcount_by_location,"{""month"": ""July"", ""year"": ""2023""}",employee
Could you provide the headcount by role for the year 2025?,headcount_report,headcount_by_role,"{""month"": ""January"", ""year"": ""2025""}",employee
I need to see the headcount report for our department. Can you help?,headcount_report,headcount_by_department,"{""month"": ""September"", ""year"": ""2023""}",hr
Is there a way to check the headcount by location for this year?,headcount_report,headcount_by_location,"{""month"": ""November"", ""year"": ""2023""}",hr
Can you share the headcount by role for the last fiscal year?,headcount_report,headcount_by_role,"{""month"": ""March"", ""year"": ""2023""}",hr
I was wondering about the headcount in our department for October. Any insights?,headcount_report,headcount_by_department,"{""month"": ""October"", ""year"": ""2023""}",employee
What’s the headcount by location looking like for this month?,headcount_report,headcount_by_location,"{""month"": ""October"", ""year"": ""2023""}",employee
Could you tell me the headcount by role for the upcoming year?,headcount_report,headcount_by_role,"{""month"": ""January"", ""year"": ""2024""}",employee
I think I need the headcount report by department for last month. Can you assist?,headcount_report,headcount_by_department,"{""month"": ""September"", ""year"": ""2023""}",hr
Is there a report available for headcount by location for the current month?,headcount_report,headcount_by_location,"{""month"": ""October"", ""year"": ""2023""}",hr
Can you provide the headcount by role for the last two years?,headcount_report,headcount_by_role,"{""month"": ""December"", ""year"": ""2023""}",hr
What’s the headcount in our department as of this month?,headcount_report,headcount_by_department,"{""month"": ""October"", ""year"": ""2023""}",employee
Could I see the headcount by location for the last quarter?,headcount_report,headcount_by_location,"{""month"": ""July"", ""year"": ""2023""}",employee
I’m curious about the headcount by role for this year. Any updates?,headcount_report,headcount_by_role,"{""month"": ""October"", ""year"": ""2023""}",employee
Can you help me find the headcount report by department for the last month?,headcount_report,headcount_by_department,"{""month"": ""September"", ""year"": ""2023""}",hr
What’s the headcount by location for the current year?,headcount_report,headcount_by_location,"{""month"": ""October"", ""year"": ""2023""}",hr
Could you provide the headcount by role for the last fiscal quarter?,headcount_report,headcount_by_role,"{""month"": ""July"", ""year"": ""2023""}",hr
I need to check the headcount in our department for the upcoming month. Can you assist?,headcount_report,headcount_by_department,"{""month"": ""November"", ""year"": ""2023""}",employee
Is there a way to get the headcount by location for the past year?,headcount_report,headcount_by_location,"{""month"": ""December"", ""year"": ""2023""}",employee
Can you share the headcount by role for the current month?,headcount_report,headcount_by_role,"{""month"": ""October"", ""year"": ""2023""}",employee
What’s the headcount report for our department looking like this month?,headcount_report,headcount_by_department,"{""month"": ""October"", ""year"": ""2023""}",hr
Could I see the headcount by location for the last month?,headcount_report,headcount_by_location,"{""month"": ""September"", ""year"": ""2023""}",hr
I think I need the headcount by role for this year. Any insights?,headcount_report,headcount_by_role,"{""month"": ""October"", ""year"": ""2023""}",hr
Can you help me find the headcount report by department for the last quarter?,headcount_report,headcount_by_department,"{""month"": ""July"", ""year"": ""2023""}",employee
I need to check the headcount in our department for the last month. Can you assist?,headcount_report,headcount_by_department,"{""month"": ""September"", ""year"": ""2023""}",hr
Can you provide the headcount by role for the last fiscal year?,headcount_report,headcount_by_role,"{""month"": ""March"", ""year"": ""2023""}",hr
What’s the headcount in our department as of last month?,headcount_report,headcount_by_department,"{""month"": ""September"", ""year"": ""2023""}",employee
I’m curious about the headcount by role for this month. Any updates?,headcount_report,headcount_by_role,"{""month"": ""October"", ""year"": ""2023""}",employee
"I need to see the headcount by location for the last quarter, please.",headcount_report,headcount_by_location,"{""month"": ""July"", ""year"": ""2023""}",hr
What is the current headcount by role in our team?,headcount_report,headcount_by_role,"{""month"": ""October"", ""year"": ""2023""}",employee
Could you get me the headcount report for the sales department?,headcount_report,headcount_by_department,"{""month"": ""October"", ""year"": ""2023""}",hr
I'm curious about the headcount by location for the engineering team.,headcount_report,headcount_by_location,"{""month"": ""October"", ""year"": ""2023""}",employee
Can you show me the headcount by role for the marketing department?,headcount_report,headcount_by_role,"{""month"": ""October"", ""year"": ""2023""}",hr
What’s the headcount report for all departments this year?,headcount_report,headcount_by_department,"{""month"": ""October"", ""year"": ""2023""}",employee
Please provide the headcount by location for the last month.,headcount_report,headcount_by_location,"{""month"": ""September"", ""year"": ""2023""}",hr
I think I need the headcount by role for the IT department.,headcount_report,headcount_by_role,"{""month"": ""October"", ""year"": ""2023""}",employee
Could you help me find the headcount report by department for the last fiscal year?,headcount_report,headcount_by_department,"{""month"": ""October"", ""year"": ""2023""}",hr
What is the headcount by location for our office in New York?,headcount_report,headcount_by_location,"{""month"": ""October"", ""year"": ""2023""}",employee
Can I get the headcount by role for the entire company?,headcount_report,headcount_by_role,"{""month"": ""October"", ""year"": ""2023""}",hr
Where can I find the headcount report for the finance department?,headcount_report,headcount_by_department,"{""month"": ""October"", ""year"": ""2023""}",employee
"I need the headcount by location for the last two months, if possible.",headcount_report,headcount_by_location,"{""month"": ""September"", ""year"": ""2023""}",hr
Can you tell me the headcount by role for the interns?,headcount_report,headcount_by_role,"{""month"": ""October"", ""year"": ""2023""}",employee
What’s the headcount report for the HR department this month?,headcount_report,headcount_by_department,"{""month"": ""October"", ""year"": ""2023""}",hr
I’d like to see the headcount by location for the last year.,headcount_report,headcount_by_location,"{""month"": ""October"", ""year"": ""2023""}",employee
Can you provide the headcount by role for the management team?,headcount_report,headcount_by_role,"{""month"": ""October"", ""year"": ""2023""}",hr
What’s the headcount report for all departments combined?,headcount_report,headcount_by_department,"{""month"": ""October"", ""year"": ""2023""}",employee
Could you get me the headcount by location for our Chicago office?,headcount_report,headcount_by_location,"{""month"": ""October"", ""year"": ""2023""}",hr
I think I need the headcount by role for the legal team.,headcount_report,headcount_by_role,"{""month"": ""October"", ""year"": ""2023""}",employee
Can you show me the headcount report for the last quarter by department?,headcount_report,headcount_by_department,"{""month"": ""October"", ""year"": ""2023""}",hr
What is the headcount by location for the last month?,headcount_report,headcount_by_location,"{""month"": ""September"", ""year"": ""2023""}",employee
Please provide the headcount by role for the entire organization.,headcount_report,headcount_by_role,"{""month"": ""October"", ""year"": ""2023""}",hr
Where can I find the headcount report for the operations department?,headcount_report,headcount_by_department,"{""month"": ""October"", ""year"": ""2023""}",employee
I need the headcount by location for the last two quarters.,headcount_report,headcount_by_location,"{""month"": ""October"", ""year"": ""2023""}",hr
Can you tell me the headcount by role for the contractors?,headcount_report,headcount_by_role,"{""month"": ""October"", ""year"": ""2023""}",employee
What’s the headcount report for the customer service department this month?,headcount_report,headcount_by_department,"{""month"": ""October"", ""year"": ""2023""}",hr
I’d like to see the headcount by location for the last fiscal year.,headcount_report,headcount_by_location,"{""month"": ""October"", ""year"": ""2023""}",employee
Can you provide the headcount by role for the full-time employees?,headcount_report,headcount_by_role,"{""month"": ""October"", ""year"": ""2023""}",hr
Could you help me find the headcount by location for the last month?,headcount_report,headcount_by_location,"{""month"": ""September"", ""year"": ""2023""}",hr
I think I need the headcount by role for the part-time staff.,headcount_report,headcount_by_role,"{""month"": ""October"", ""year"": ""2023""}",employee
Could you tell me how many employees we have in each department?,headcount_report,headcount_by_department,"{""month"": ""October"", ""year"": ""2023""}",hr
Can I get a report on headcount by role for the last fiscal year?,headcount_report,headcount_by_role,"{""month"": ""October"", ""year"": ""2022""}",hr
I think I need the headcount report by department for next month.,headcount_report,headcount_by_department,"{""month"": ""November"", ""year"": ""2023""}",employee
Could you provide the headcount by location for this quarter?,headcount_report,headcount_by_location,"{""month"": ""October"", ""year"": ""2023""}",hr
What was the headcount by role for the previous month?,headcount_report,headcount_by_role,"{""month"": ""September"", ""year"": ""2023""}",employee
Can I see the headcount report by department for the last two years?,headcount_report,headcount_by_department,"{""month"": ""October"", ""year"": ""2022""}",hr
"I need the headcount by location for the current month, please.",headcount_report,headcount_by_location,"{""month"": ""October"", ""year"": ""2023""}",employee
Could you show me the headcount by role for this year?,headcount_report,headcount_by_role,"{""month"": ""October"", ""year"": ""2023""}",hr
What is the current headcount by department?,headcount_report,headcount_by_department,"{""month"": ""October"", ""year"": ""2023""}",employee
Can I get the headcount by location for the upcoming month?,headcount_report,headcount_by_location,"{""month"": ""November"", ""year"": ""2023""}",hr
Is there a report available for headcount by role for last month?,headcount_report,headcount_by_role,"{""month"": ""September"", ""year"": ""2023""}",employee
What was the headcount by location for the last two months?,headcount_report,headcount_by_location,"{""month"": ""September"", ""year"": ""2023""}",employee
Can I see the headcount by role for the last fiscal quarter?,headcount_report,headcount_by_role,"{""month"": ""July"", ""year"": ""2023""}",hr
I need the headcount report by department for the last year.,headcount_report,headcount_by_department,"{""month"": ""October"", ""year"": ""2022""}",employee
Could you share the headcount by location for this year?,headcount_report,headcount_by_location,"{""month"": ""October"", ""year"": ""2023""}",hr
What is the headcount by role for the current month?,headcount_report,headcount_by_role,"{""month"": ""October"", ""year"": ""2023""}",employee
Can I get the headcount by department for the upcoming quarter?,headcount_report,headcount_by_department,"{""month"": ""January"", ""year"": ""2024""}",hr
Is there a way to find the headcount by location for this month?,headcount_report,headcount_by_location,"{""month"": ""October"", ""year"": ""2023""}",employee
Could you provide the headcount by role for last year?,headcount_report,headcount_by_role,"{""month"": ""October"", ""year"": ""2022""}",hr
What was the headcount by department for the last month?,headcount_report,headcount_by_department,"{""month"": ""September"", ""year"": ""2023""}",employee
I think I need the headcount report by role for this month.,headcount_report,headcount_by_role,"{""month"": ""October"", ""year"": ""2023""}",employee
Could you show me the headcount by department for this year?,headcount_report,headcount_by_department,"{""month"": ""October"", ""year"": ""2023""}",hr
What is the headcount by location for the upcoming year?,headcount_report,headcount_by_location,"{""month"": ""October"", ""year"": ""2024""}",employee
Can I get the headcount by role for the last two years?,headcount_report,headcount_by_role,"{""month"": ""October"", ""year"": ""2022""}",hr
Can you provide the headcount report by department for this year?,headcount_report,headcount_by_department,"{""year"": ""2025""}",hr
I'm curious about the current headcount in our marketing department. Can you help?,headcount_report,headcount_by_department,"{""year"": ""2025""}",employee
Could you tell me how many employees we have in the New York office?,headcount_report,headcount_by_location,"{""year"": ""2025""}",employee
I need the headcount by role for the finance team. Is that available?,headcount_report,headcount_by_role,"{""year"": ""2025""}",hr
Can you share the headcount report for all departments this month?,headcount_report,headcount_by_department,"{""month"": ""October"", ""year"": ""2025""}",hr
What’s the total headcount in the sales department as of now?,headcount_report,headcount_by_department,"{""year"": ""2025""}",employee
I think I need the headcount by location for our offices in Europe. Can you check?,headcount_report,headcount_by_location,"{""year"": ""2025""}",hr
Could you give me the headcount by role for the HR team?,headcount_report,headcount_by_role,"{""year"": ""2025""}",hr
Is there a report available for headcount by department for last year?,headcount_report,headcount_by_department,"{""year"": ""2024""}",employee
What’s the headcount by location for the Asia-Pacific region?,headcount_report,headcount_by_location,"{""year"": ""2025""}",hr
How many people are in the engineering department right now?,headcount_report,headcount_by_department,"{""year"": ""2025""}",employee
What’s the breakdown of headcount by role for the entire organization?,headcount_report,headcount_by_role,"{""year"": ""2025""}",hr
Can you tell me how many employees we have in the London office?,headcount_report,headcount_by_location,"{""year"": ""2025""}",employee
I’d like to know the headcount report for the IT department this year.,headcount_report,headcount_by_department,"{""year"": ""2025""}",hr
What’s the current headcount by role for the project management team?,headcount_report,headcount_by_role,"{""year"": ""2025""}",employee
Could you check the headcount by location for North America?,headcount_report,headcount_by_location,"{""year"": ""2025""}",hr
How many employees are there in the customer support department?,headcount_report,headcount_by_department,"{""year"": ""2025""}",employee
Can I get the headcount by role for the last fiscal year?,headcount_report,headcount_by_role,"{""year"": ""2024""}",hr
What’s the headcount report for the operations department as of now?,headcount_report,headcount_by_department,"{""year"": ""2025""}",employee
How many people are currently in the sales department?,headcount_report,headcount_by_department,"{""year"": ""2025""}",employee
Is there a way to see the headcount by role for the last quarter?,headcount_report,headcount_by_role,"{""month"": ""October"", ""year"": ""2025""}",hr
What’s the headcount by department for the current month?,headcount_report,headcount_by_department,"{""month"": ""October"", ""year"": ""2025""}",hr
Can you tell me the total headcount in the company by location?,headcount_report,headcount_by_location,"{""year"": ""2025""}",employee
I need to know the headcount by role for the marketing team. Is that possible?,headcount_report,headcount_by_role,"{""year"": ""2025""}",hr
How many employees are in the engineering department right now?,headcount_report,headcount_by_department,"{""year"": ""2025""}",employee
"I need the headcount by location for last year, if possible.",headcount_report,headcount_by_location,"{""month"": ""December"", ""year"": ""2022""}",hr
I think I need the headcount by location for the current year.,headcount_report,headcount_by_location,"{""month"": ""October"", ""year"": ""2023""}",hr
Is there a way to get the headcount by role for the finance team?,headcount_report,headcount_by_role,"{""month"": ""October"", ""year"": ""2023""}",hr
Could you share the headcount by department for last month?,headcount_report,headcount_by_department,"{""month"": ""September"", ""year"": ""2023""}",hr
I was wondering about the headcount by role for our tech department.,headcount_report,headcount_by_role,"{""month"": ""October"", ""year"": ""2023""}",hr
Can you give me the headcount by department for the upcoming year?,headcount_report,headcount_by_department,"{""month"": ""October"", ""year"": ""2024""}",hr
I need to check the headcount by location for the last six months.,headcount_report,headcount_by_location,"{""month"": ""October"", ""year"": ""2023""}",hr
What’s the headcount by role for the sales team this year?,headcount_report,headcount_by_role,"{""month"": ""October"", ""year"": ""2023""}",hr
Could you provide me with the headcount by department for the last fiscal year?,headcount_report,headcount_by_department,"{""month"": ""October"", ""year"": ""2022""}",hr
I’d like to know the headcount by location for the past month.,headcount_report,headcount_by_location,"{""month"": ""September"", ""year"": ""2023""}",hr
What’s the headcount by role for the engineering department?,headcount_report,headcount_by_role,"{""month"": ""October"", ""year"": ""2023""}",hr
Can you tell me the headcount by department for this quarter?,headcount_report,headcount_by_department,"{""month"": ""October"", ""year"": ""2023""}",hr
What’s the headcount by role for the HR department this month?,headcount_report,headcount_by_role,"{""month"": ""October"", ""year"": ""2023""}",hr
Could you share the headcount by department for the last two years?,headcount_report,headcount_by_department,"{""month"": ""October"", ""year"": ""2022""}",hr
I need to know the headcount by location for the current month.,headcount_report,headcount_by_location,"{""month"": ""October"", ""year"": ""2023""}",hr
What’s the headcount by role for the customer service team?,headcount_report,headcount_by_role,"{""month"": ""October"", ""year"": ""2023""}",hr
I’d like to see the headcount by location for the previous year.,headcount_report,headcount_by_location,"{""month"": ""October"", ""year"": ""2022""}",hr
What’s the headcount by role for the marketing department this year?,headcount_report,headcount_by_role,"{""month"": ""October"", ""year"": ""2023""}",hr
I'm curious about the current headcount in our New York office. Can you help with that?,headcount_report,headcount_by_location,"{""location"": ""New York"", ""month"": ""October"", ""year"": ""2023""}",employee
What’s the headcount for software engineers in the company right now?,headcount_report,headcount_by_role,"{""role"": ""software engineer"", ""month"": ""October"", ""year"": ""2023""}",hr
Is there a way to check how many employees we have in the marketing department?,headcount_report,headcount_by_department,"{""department"": ""marketing"", ""month"": ""October"", ""year"": ""2023""}",employee
Can I get the latest headcount figures for the sales team?,headcount_report,headcount_by_role,"{""role"": ""sales"", ""month"": ""October"", ""year"": ""2023""}",hr
"I think I need the headcount report for all locations, if that's possible?",headcount_report,headcount_by_location,"{""month"": ""October"", ""year"": ""2023""}",employee
What’s the total headcount in the engineering department as of this month?,headcount_report,headcount_by_department,"{""department"": ""engineering"", ""month"": ""October"", ""year"": ""2023""}",hr
Could you help me with the headcount report by department for this year?,headcount_report,headcount_by_department,"{""year"": ""2025""}",employee
Can you show me the holiday calendar for 2025?,holiday_calendar,holiday_list_year,"{""year"": ""2025""}",employee
What holidays do we have coming up next?,holiday_calendar,holiday_next,{},employee
"I was wondering about the holidays in 2024, could you help?",holiday_calendar,holiday_list_year,"{""year"": ""2024""}",employee
What are the upcoming holidays for this month?,holiday_calendar,holiday_next,{},employee
Could you tell me the holiday schedule for 2023?,holiday_calendar,holiday_list_year,"{""year"": ""2023""}",employee
Are there any holidays next month?,holiday_calendar,holiday_next,{},employee
I think I need to check the holiday calendar for 2026.,holiday_calendar,holiday_list_year,"{""year"": ""2026""}",employee
What holidays do we have in August?,holiday_calendar,holiday_next,{},employee
Can you remind me of the holidays in 2022?,holiday_calendar,holiday_list_year,"{""year"": ""2022""}",employee
What are the next holidays we have coming up?,holiday_calendar,holiday_next,{},employee
"I need to see the holiday list for 2025, please.",holiday_calendar,holiday_list_year,"{""year"": ""2025""}",employee
Could you provide the upcoming holidays for this year?,holiday_calendar,holiday_next,{},employee
What holidays are scheduled for September 2023?,holiday_calendar,holiday_next,{},employee
Can I find out about the holidays in 2024?,holiday_calendar,holiday_list_year,"{""year"": ""2024""}",employee
What are the holidays for the next quarter?,holiday_calendar,holiday_next,{},employee
Please show me the holiday calendar for 2023.,holiday_calendar,holiday_list_year,"{""year"": ""2023""}",employee
What holidays do we have in December?,holiday_calendar,holiday_next,{},employee
Can you tell me the holiday schedule for 2025?,holiday_calendar,holiday_list_year,"{""year"": ""2025""}",employee
What are the upcoming holidays for next month?,holiday_calendar,holiday_next,{},employee
I think I need to check the holidays for 2022.,holiday_calendar,holiday_list_year,"{""year"": ""2022""}",employee
What holidays are coming up in the next few weeks?,holiday_calendar,holiday_next,{},employee
Can you provide the holiday list for 2026?,holiday_calendar,holiday_list_year,"{""year"": ""2026""}",employee
What holidays do we have in November?,holiday_calendar,holiday_next,{},employee
Could you remind me of the holidays in 2023?,holiday_calendar,holiday_list_year,"{""year"": ""2023""}",employee
What are the holidays for the next month?,holiday_calendar,holiday_next,{},employee
Can I see the holiday calendar for 2024?,holiday_calendar,holiday_list_year,"{""year"": ""2024""}",employee
What holidays do we have in January?,holiday_calendar,holiday_next,{},employee
Can you tell me about the holidays for 2025?,holiday_calendar,holiday_list_year,"{""year"": ""2025""}",employee
"I need to check the holidays for 2023, please.",holiday_calendar,holiday_list_year,"{""year"": ""2023""}",employee
What holidays are coming up in the next few months?,holiday_calendar,holiday_next,{},employee
Can you show me the holiday list for 2022?,holiday_calendar,holiday_list_year,"{""year"": ""2022""}",employee
What holidays do we have in March?,holiday_calendar,holiday_next,{},employee
Could you remind me of the holidays for 2024?,holiday_calendar,holiday_list_year,"{""year"": ""2024""}",employee
Can I find out about the holidays in 2025?,holiday_calendar,holiday_list_year,"{""year"": ""2025""}",employee
What holidays do we have in April?,holiday_calendar,holiday_next,{},employee
Can you tell me the holiday schedule for 2026?,holiday_calendar,holiday_list_year,"{""year"": ""2026""}",employee
I think I need to check the holidays for 2023.,holiday_calendar,holiday_list_year,"{""year"": ""2023""}",employee
Could you show me the holiday calendar for 2025?,holiday_calendar,holiday_list_year,"{""year"": ""2025""}",employee
What are the upcoming holidays for this year?,holiday_calendar,holiday_next,{},employee
"I need to check the holidays for 2024, can you help?",holiday_calendar,holiday_list_year,"{""year"": ""2024""}",employee
Are there any holidays coming up next month?,holiday_calendar,holiday_next,{},employee
Can you tell me the holiday schedule for 2023?,holiday_calendar,holiday_list_year,"{""year"": ""2023""}",employee
What holidays do we have in December this year?,holiday_calendar,holiday_next,{},employee
Is there a list of holidays for 2026 available?,holiday_calendar,holiday_list_year,"{""year"": ""2026""}",employee
When is the next public holiday?,holiday_calendar,holiday_next,{},employee
Could you remind me of the holidays in 2025?,holiday_calendar,holiday_list_year,"{""year"": ""2025""}",employee
What are the holidays for this month?,holiday_calendar,holiday_next,{},employee
"I think I missed the holiday list for 2024, can you provide it?",holiday_calendar,holiday_list_year,"{""year"": ""2024""}",employee
Can you check if there are any holidays next month?,holiday_calendar,holiday_next,{},employee
What holidays are scheduled for 2023?,holiday_calendar,holiday_list_year,"{""year"": ""2023""}",employee
Are there any upcoming holidays I should know about?,holiday_calendar,holiday_next,{},employee
Could you list the holidays for 2026?,holiday_calendar,holiday_list_year,"{""year"": ""2026""}",employee
When is the next holiday on the calendar?,holiday_calendar,holiday_next,{},employee
Can you tell me the holiday dates for 2025?,holiday_calendar,holiday_list_year,"{""year"": ""2025""}",employee
What holidays do we have coming up this month?,holiday_calendar,holiday_next,{},employee
"I need the holiday list for 2024, please.",holiday_calendar,holiday_list_year,"{""year"": ""2024""}",employee
Are there any holidays next month that I should be aware of?,holiday_calendar,holiday_next,{},employee
Can you provide the holiday calendar for 2023?,holiday_calendar,holiday_list_year,"{""year"": ""2023""}",employee
Could you give me the holiday schedule for 2026?,holiday_calendar,holiday_list_year,"{""year"": ""2026""}",employee
When is the next public holiday on our calendar?,holiday_calendar,holiday_next,{},employee
What holidays are planned for December 2024?,holiday_calendar,holiday_next,{},employee
Can you tell me the holiday list for 2025?,holiday_calendar,holiday_list_year,"{""year"": ""2025""}",employee
Is there a holiday coming up next month?,holiday_calendar,holiday_next,{},employee
What are the holidays for 2024?,holiday_calendar,holiday_list_year,"{""year"": ""2024""}",employee
Can you check the upcoming holidays for me?,holiday_calendar,holiday_next,{},employee
"I need to know the holidays for 2023, can you help?",holiday_calendar,holiday_list_year,"{""year"": ""2023""}",employee
What holidays are coming up this year?,holiday_calendar,holiday_next,{},employee
Could you provide the holiday calendar for 2026?,holiday_calendar,holiday_list_year,"{""year"": ""2026""}",employee
When is the next holiday we have?,holiday_calendar,holiday_next,{},employee
Can you tell me the holiday dates for 2024?,holiday_calendar,holiday_list_year,"{""year"": ""2024""}",employee
What holidays do we have in January 2025?,holiday_calendar,holiday_next,{},employee
"I think I need the holiday list for 2023, can you assist?",holiday_calendar,holiday_list_year,"{""year"": ""2023""}",employee
Are there any holidays coming up soon?,holiday_calendar,holiday_next,{},employee
Could you share the holiday schedule for 2025?,holiday_calendar,holiday_list_year,"{""year"": ""2025""}",employee
"I think I need to check the holidays for next year, could you help?",holiday_calendar,holiday_list_year,"{""year"": ""2026""}",employee
Could you remind me of the upcoming holidays?,holiday_calendar,holiday_next,{},employee
What are the holidays listed for 2024?,holiday_calendar,holiday_list_year,"{""year"": ""2024""}",employee
Can you tell me the next holiday on our calendar?,holiday_calendar,holiday_next,{},employee
"I was wondering about the holidays for this year, any info?",holiday_calendar,holiday_list_year,"{""year"": ""2023""}",employee
What holidays do we have planned for the next month?,holiday_calendar,holiday_next,{},employee
Could you provide the holiday list for 2025?,holiday_calendar,holiday_list_year,"{""year"": ""2025""}",employee
What are the upcoming holidays in our company?,holiday_calendar,holiday_next,{},employee
Can I see the holiday calendar for next year?,holiday_calendar,holiday_list_year,"{""year"": ""2026""}",employee
What holidays are coming up soon?,holiday_calendar,holiday_next,{},employee
Could you tell me the holidays for 2023?,holiday_calendar,holiday_list_year,"{""year"": ""2023""}",employee
What holidays are scheduled for next month?,holiday_calendar,holiday_next,{},employee
"I need to know the holidays for 2024, please.",holiday_calendar,holiday_list_year,"{""year"": ""2024""}",employee
Can you remind me what holidays we have coming up?,holiday_calendar,holiday_next,{},employee
What are the holidays for this year?,holiday_calendar,holiday_list_year,"{""year"": ""2023""}",employee
Could you list the upcoming holidays?,holiday_calendar,holiday_next,{},employee
I think I need to check the holiday list for 2025.,holiday_calendar,holiday_list_year,"{""year"": ""2025""}",employee
What holidays do we have next?,holiday_calendar,holiday_next,{},employee
Can you show me the holidays for 2024?,holiday_calendar,holiday_list_year,"{""year"": ""2024""}",employee
Could you provide the holiday calendar for 2023?,holiday_calendar,holiday_list_year,"{""year"": ""2023""}",employee
What are the next holidays we have?,holiday_calendar,holiday_next,{},employee
Can I see the holidays for next year?,holiday_calendar,holiday_list_year,"{""year"": ""2026""}",employee
What holidays do we have coming up soon?,holiday_calendar,holiday_next,{},employee
Could you tell me the holiday list for 2025?,holiday_calendar,holiday_list_year,"{""year"": ""2025""}",employee
What are the upcoming holidays in the next month?,holiday_calendar,holiday_next,{},employee
Can you remind me of the holidays for 2024?,holiday_calendar,holiday_list_year,"{""year"": ""2024""}",employee
What holidays do we have scheduled for this year?,holiday_calendar,holiday_list_year,"{""year"": ""2023""}",employee
Could you let me know the next holiday?,holiday_calendar,holiday_next,{},employee
"I need to check the holiday calendar for 2025, please.",holiday_calendar,holiday_list_year,"{""year"": ""2025""}",employee
What holidays are coming up in the near future?,holiday_calendar,holiday_next,{},employee
Can you provide the holiday list for 2023?,holiday_calendar,holiday_list_year,"{""year"": ""2023""}",employee
What holidays do we have next month?,holiday_calendar,holiday_next,{},employee
Could you tell me the holidays for 2026?,holiday_calendar,holiday_list_year,"{""year"": ""2026""}",employee
What holidays do we have planned for next month?,holiday_calendar,holiday_next,{},employee
Could you tell me the holiday calendar for 2025?,holiday_calendar,holiday_list_year,"{""year"": ""2025""}",employee
"I'm curious about the holidays in 2024, can you help?",holiday_calendar,holiday_list_year,"{""year"": ""2024""}",employee
Can I see the upcoming holidays for this year?,holiday_calendar,holiday_next,{},employee
What are the public holidays for 2023?,holiday_calendar,holiday_list_year,"{""year"": ""2023""}",employee
Could you remind me of the holidays next month?,holiday_calendar,holiday_next,{},employee
"I think I need to check the holiday calendar for 2022, is that possible?",holiday_calendar,holiday_list_year,"{""year"": ""2022""}",employee
Can you provide the upcoming holidays for the next quarter?,holiday_calendar,holiday_next,{},employee
"I was wondering about the holiday schedule for 2025, any details?",holiday_calendar,holiday_list_year,"{""year"": ""2025""}",employee
What are the holidays we have next month?,holiday_calendar,holiday_next,{},employee
Could you check the holiday list for 2023 for me?,holiday_calendar,holiday_list_year,"{""year"": ""2023""}",employee
Can I find out about the holidays coming up soon?,holiday_calendar,holiday_next,{},employee
What holidays are recognized in 2024?,holiday_calendar,holiday_list_year,"{""year"": ""2024""}",employee
Are there any holidays scheduled for next month?,holiday_calendar,holiday_next,{},employee
"I need to know the holiday calendar for 2022, can you help?",holiday_calendar,holiday_list_year,"{""year"": ""2022""}",employee
Could you share the holiday list for 2026?,holiday_calendar,holiday_list_year,"{""year"": ""2026""}",employee
What holidays do we have in the next few weeks?,holiday_calendar,holiday_next,{},employee
Can I see the holiday calendar for 2023?,holiday_calendar,holiday_list_year,"{""year"": ""2023""}",employee
What holidays are coming up in the next month?,holiday_calendar,holiday_next,{},employee
Is there a holiday list for 2025 that I can check?,holiday_calendar,holiday_list_year,"{""year"": ""2025""}",employee
Can you tell me what holidays are next?,holiday_calendar,holiday_next,{},employee
"I think I need to review the holidays for 2024, can you assist?",holiday_calendar,holiday_list_year,"{""year"": ""2024""}",employee
What are the holidays we have coming up soon?,holiday_calendar,holiday_next,{},employee
Could you provide the holiday calendar for 2022?,holiday_calendar,holiday_list_year,"{""year"": ""2022""}",employee
Can I find the holiday list for 2023 somewhere?,holiday_calendar,holiday_list_year,"{""year"": ""2023""}",employee
"I need to check the holidays for 2026, any chance?",holiday_calendar,holiday_list_year,"{""year"": ""2026""}",employee
Can you tell me what holidays are next month?,holiday_calendar,holiday_next,{},employee
What holidays do we have in August 2025?,holiday_calendar,holiday_list_year,"{""year"": ""2025""}",hr
Could you provide the upcoming holidays for my team?,holiday_calendar,holiday_next,{},hr
What are the holidays for 2024 that I should be aware of?,holiday_calendar,holiday_list_year,"{""year"": ""2024""}",hr
Can I see the holiday calendar for the department in 2023?,holiday_calendar,holiday_list_year,"{""year"": ""2023""}",hr
What holidays are coming up for the staff next month?,holiday_calendar,holiday_next,{},hr
Is the holiday list for 2025 available for review?,holiday_calendar,holiday_list_year,"{""year"": ""2025""}",hr
What are the upcoming holidays for the company this year?,holiday_calendar,holiday_next,{},hr
Can you check the holiday schedule for 2026 for our team?,holiday_calendar,holiday_list_year,"{""year"": ""2026""}",hr
What holidays do we have in December for the employees?,holiday_calendar,holiday_next,{},hr
Could you provide the holiday calendar for 2023 for my team?,holiday_calendar,holiday_list_year,"{""year"": ""2023""}",hr
"I'm curious about the holidays in 2024, could you help?",holiday_calendar,holiday_list_year,"{""year"": ""2024""}",employee
Do we have any holidays scheduled for next month?,holiday_calendar,holiday_next,{},employee
What are the public holidays for this year?,holiday_calendar,holiday_list_year,"{""year"": ""2023""}",employee
Can you remind me of the holidays in August 2025?,holiday_calendar,holiday_list_year,"{""month"": ""August"", ""year"": ""2025""}",employee
"I think I missed the holiday list for 2023, can you share it?",holiday_calendar,holiday_list_year,"{""year"": ""2023""}",employee
What holidays do we have next quarter?,holiday_calendar,holiday_next,{},employee
Could you tell me the upcoming holidays for this month?,holiday_calendar,holiday_next,{},employee
Can I see the holiday calendar for the next year?,holiday_calendar,holiday_list_year,"{""year"": ""2024""}",employee
What are the holidays in December 2023?,holiday_calendar,holiday_list_year,"{""month"": ""December"", ""year"": ""2023""}",employee
Are there any holidays coming up in the next few weeks?,holiday_calendar,holiday_next,{},employee
Can you provide the holiday schedule for 2025?,holiday_calendar,holiday_list_year,"{""year"": ""2025""}",employee
What holidays do we have in July 2024?,holiday_calendar,holiday_list_year,"{""month"": ""July"", ""year"": ""2024""}",employee
Could you let me know the holidays for this year?,holiday_calendar,holiday_list_year,"{""year"": ""2023""}",employee
What are the upcoming holidays for the next month?,holiday_calendar,holiday_next,{},employee
Can I find out the holiday list for 2025?,holiday_calendar,holiday_list_year,"{""year"": ""2025""}",employee
What holidays are scheduled for February 2024?,holiday_calendar,holiday_list_year,"{""month"": ""February"", ""year"": ""2024""}",employee
Do we have any holidays in the next month?,holiday_calendar,holiday_next,{},employee
Can you tell me the holidays for 2023?,holiday_calendar,holiday_list_year,"{""year"": ""2023""}",employee
What holidays do we have in March 2025?,holiday_calendar,holiday_list_year,"{""month"": ""March"", ""year"": ""2025""}",employee
Could you share the holiday calendar for 2024?,holiday_calendar,holiday_list_year,"{""year"": ""2024""}",employee
What are the holidays coming up next month?,holiday_calendar,holiday_next,{},employee
What holidays do we have in September 2023?,holiday_calendar,holiday_list_year,"{""month"": ""September"", ""year"": ""2023""}",employee
What are the holidays in April 2025?,holiday_calendar,holiday_list_year,"{""month"": ""April"", ""year"": ""2025""}",employee
Could you tell me about the holidays for this month?,holiday_calendar,holiday_next,{},employee
Can you provide the holiday schedule for 2023?,holiday_calendar,holiday_list_year,"{""year"": ""2023""}",employee
What holidays do we have in May 2024?,holiday_calendar,holiday_list_year,"{""month"": ""May"", ""year"": ""2024""}",employee
Can you remind me of the holidays for 2025?,holiday_calendar,holiday_list_year,"{""year"": ""2025""}",employee
Could you share the holiday list for 2024?,holiday_calendar,holiday_list_year,"{""year"": ""2024""}",employee
What holidays are scheduled for June 2023?,holiday_calendar,holiday_list_year,"{""month"": ""June"", ""year"": ""2023""}",employee
Can you tell me the holidays in October 2025?,holiday_calendar,holiday_list_year,"{""month"": ""October"", ""year"": ""2025""}",employee
What holidays do we have coming up in the next month?,holiday_calendar,holiday_next,{},employee
What are the holidays in November 2024?,holiday_calendar,holiday_list_year,"{""month"": ""November"", ""year"": ""2024""}",employee
Can you remind me of the holidays for 2023?,holiday_calendar,holiday_list_year,"{""year"": ""2023""}",employee
Can you remind me of the holidays coming up soon?,holiday_calendar,holiday_next,"{""year"": ""2023""}",employee
I'm curious about the holiday schedule for next year.,holiday_calendar,holiday_list_year,"{""year"": ""2024""}",employee
What holidays are planned for December 2023?,holiday_calendar,holiday_list_year,"{""month"": ""December"", ""year"": ""2023""}",employee
Could you tell me the next public holidays?,holiday_calendar,holiday_next,"{""year"": ""2023""}",employee
What does our holiday calendar look like for 2025?,holiday_calendar,holiday_list_year,"{""year"": ""2025""}",employee
Can you provide the list of holidays for this year?,holiday_calendar,holiday_list_year,"{""year"": ""2023""}",employee
"I think I need to know the holidays for 2024, right?",holiday_calendar,holiday_list_year,"{""year"": ""2024""}",employee
What are the holidays in July 2023?,holiday_calendar,holiday_list_year,"{""month"": ""July"", ""year"": ""2023""}",employee
What does the holiday calendar look like for 2024?,holiday_calendar,holiday_list_year,"{""year"": ""2024""}",employee
Can you tell me about the holidays in March 2023?,holiday_calendar,holiday_list_year,"{""month"": ""March"", ""year"": ""2023""}",employee
Could you list the holidays for 2025?,holiday_calendar,holiday_list_year,"{""year"": ""2025""}",employee
"I need to know the holidays for the next year, please.",holiday_calendar,holiday_list_year,"{""year"": ""2024""}",employee
What holidays are there in September 2023?,holiday_calendar,holiday_list_year,"{""month"": ""September"", ""year"": ""2023""}",employee
Can you remind me of the holidays for this year?,holiday_calendar,holiday_next,"{""year"": ""2023""}",employee
What are the holidays in April 2024?,holiday_calendar,holiday_list_year,"{""month"": ""April"", ""year"": ""2024""}",employee
What are the holidays coming up in the next few months?,holiday_calendar,holiday_next,"{""year"": ""2023""}",employee
Can you tell me the holidays for May 2024?,holiday_calendar,holiday_list_year,"{""month"": ""May"", ""year"": ""2024""}",employee
What are the holidays in February 2023?,holiday_calendar,holiday_list_year,"{""month"": ""February"", ""year"": ""2023""}",employee
Could you let me know the upcoming holidays?,holiday_calendar,holiday_next,"{""year"": ""2023""}",employee
What holidays do we have in October 2025?,holiday_calendar,holiday_list_year,"{""month"": ""October"", ""year"": ""2025""}",employee
Can you check the holiday calendar for 2024?,holiday_calendar,holiday_list_year,"{""year"": ""2024""}",employee
What holidays are there in June 2023?,holiday_calendar,holiday_list_year,"{""month"": ""June"", ""year"": ""2023""}",employee
Could you tell me about the holidays for the next month?,holiday_calendar,holiday_next,"{""month"": ""November"", ""year"": ""2023""}",employee
What are the holidays in December 2024?,holiday_calendar,holiday_list_year,"{""month"": ""December"", ""year"": ""2024""}",employee
Can you provide the list of holidays for 2023?,holiday_calendar,holiday_list_year,"{""year"": ""2023""}",employee
What holidays do we have in November 2025?,holiday_calendar,holiday_list_year,"{""month"": ""November"", ""year"": ""2025""}",employee
Could you remind me of the holidays coming up next month?,holiday_calendar,holiday_next,"{""month"": ""November"", ""year"": ""2023""}",employee
What holidays are planned for February 2025?,holiday_calendar,holiday_list_year,"{""month"": ""February"", ""year"": ""2025""}",employee
Can you tell me the holidays for March 2024?,holiday_calendar,holiday_list_year,"{""month"": ""March"", ""year"": ""2024""}",employee
What are the holidays in August 2023?,holiday_calendar,holiday_list_year,"{""month"": ""August"", ""year"": ""2023""}",employee
Could you let me know the upcoming holidays for this year?,holiday_calendar,holiday_next,"{""year"": ""2023""}",employee
I was wondering if you could share the holidays for 2024?,holiday_calendar,holiday_list_year,"{""year"": ""2024""}",employee
Can I see the holiday schedule for next year?,holiday_calendar,holiday_next,"{""year"": ""2024""}",employee
What holidays do we have coming up in August?,holiday_calendar,holiday_next,"{""month"": ""August"", ""year"": ""2023""}",employee
Is there a list of holidays for 2023 available?,holiday_calendar,holiday_list_year,"{""year"": ""2023""}",employee
Could you provide the holiday dates for 2025?,holiday_calendar,holiday_list_year,"{""year"": ""2025""}",employee
What are the holidays we can expect next month?,holiday_calendar,holiday_next,"{""month"": ""September"", ""year"": ""2023""}",employee
I think I need to check the holiday calendar for 2024.,holiday_calendar,holiday_list_year,"{""year"": ""2024""}",employee
Can you remind me of the holidays in December?,holiday_calendar,holiday_next,"{""month"": ""December"", ""year"": ""2023""}",employee
What holidays are scheduled for the upcoming year?,holiday_calendar,holiday_next,"{""year"": ""2024""}",employee
Could you let me know the holidays for this month?,holiday_calendar,holiday_next,"{""month"": ""October"", ""year"": ""2023""}",employee
I need to find out the holiday list for 2025.,holiday_calendar,holiday_list_year,"{""year"": ""2025""}",employee
What are the holidays in November?,holiday_calendar,holiday_next,"{""month"": ""November"", ""year"": ""2023""}",employee
Can I get the holiday calendar for the next year?,holiday_calendar,holiday_list_year,"{""year"": ""2024""}",employee
Could you share the holiday schedule for 2023?,holiday_calendar,holiday_list_year,"{""year"": ""2023""}",employee
I think I need to check the holidays for 2024.,holiday_calendar,holiday_list_year,"{""year"": ""2024""}",employee
Can you tell me the holiday dates for this year?,holiday_calendar,holiday_next,"{""year"": ""2023""}",employee
What holidays are coming up in December?,holiday_calendar,holiday_next,"{""month"": ""December"", ""year"": ""2023""}",employee
What are the holidays in February?,holiday_calendar,holiday_next,"{""month"": ""February"", ""year"": ""2024""}",employee
Could you let me know the holidays for April?,holiday_calendar,holiday_next,"{""month"": ""April"", ""year"": ""2024""}",employee
Can you remind me of the holidays in July?,holiday_calendar,holiday_next,"{""month"": ""July"", ""year"": ""2024""}",employee
What holidays do we have in June?,holiday_calendar,holiday_next,"{""month"": ""June"", ""year"": ""2024""}",employee
Can I get the holiday calendar for next year?,holiday_calendar,holiday_list_year,"{""year"": ""2024""}",employee
What are the holidays in May?,holiday_calendar,holiday_next,"{""month"": ""May"", ""year"": ""2024""}",employee
Could you tell me the holiday list for 2023?,holiday_calendar,holiday_list_year,"{""year"": ""2023""}",employee
What holidays are coming up in October?,holiday_calendar,holiday_next,"{""month"": ""October"", ""year"": ""2023""}",employee
Can you provide the holiday dates for 2024?,holiday_calendar,holiday_list_year,"{""year"": ""2024""}",employee
What holidays do we have in September?,holiday_calendar,holiday_next,"{""month"": ""September"", ""year"": ""2023""}",employee
Could you share the holiday calendar for 2025?,holiday_calendar,holiday_list_year,"{""year"": ""2025""}",employee
"I think I need to check the holidays for next year, can you help?",holiday_calendar,holiday_list_year,"{""year"": ""2025""}",employee
Are there any holidays in August 2025?,holiday_calendar,holiday_list_year,"{""month"": ""August"", ""year"": ""2025""}",employee
Can you remind me of the holidays in 2024?,holiday_calendar,holiday_list_year,"{""year"": ""2024""}",employee
"I heard there are some holidays next month, what are they?",holiday_calendar,holiday_next,{},employee
What holidays do we have in December 2025?,holiday_calendar,holiday_list_year,"{""month"": ""December"", ""year"": ""2025""}",employee
Could you provide the holiday schedule for next year?,holiday_calendar,holiday_list_year,"{""year"": ""2025""}",employee
Can you list the holidays for 2026?,holiday_calendar,holiday_list_year,"{""year"": ""2026""}",employee
"I think I need to know the upcoming holidays, can you check?",holiday_calendar,holiday_next,{},employee
What holidays are scheduled for November 2025?,holiday_calendar,holiday_list_year,"{""month"": ""November"", ""year"": ""2025""}",employee
Can you tell me if there are any holidays in July 2025?,holiday_calendar,holiday_list_year,"{""month"": ""July"", ""year"": ""2025""}",employee
What are the holidays for 2023?,holiday_calendar,holiday_list_year,"{""year"": ""2023""}",employee
Can you remind me of the holidays coming up next month?,holiday_calendar,holiday_next,{},employee
Are there any holidays in January 2025?,holiday_calendar,holiday_list_year,"{""month"": ""January"", ""year"": ""2025""}",employee
What is the holiday schedule for 2024?,holiday_calendar,holiday_list_year,"{""year"": ""2024""}",employee
Can you provide the holiday list for 2025?,holiday_calendar,holiday_list_year,"{""year"": ""2025""}",employee
What are the holidays for this quarter?,holiday_calendar,holiday_next,{},employee
Could you check if there are holidays in March 2025?,holiday_calendar,holiday_list_year,"{""month"": ""March"", ""year"": ""2025""}",employee
What holidays do we have in April 2025?,holiday_calendar,holiday_list_year,"{""month"": ""April"", ""year"": ""2025""}",employee
Can you tell me the upcoming holidays for this year?,holiday_calendar,holiday_next,{},employee
What are the holidays for 2026?,holiday_calendar,holiday_list_year,"{""year"": ""2026""}",employee
Can you provide the holiday list for this month?,holiday_calendar,holiday_next,{},employee
What holidays are there in September 2025?,holiday_calendar,holiday_list_year,"{""month"": ""September"", ""year"": ""2025""}",employee
Could you tell me about the holidays in October 2025?,holiday_calendar,holiday_list_year,"{""month"": ""October"", ""year"": ""2025""}",employee
Are there any holidays in February 2025?,holiday_calendar,holiday_list_year,"{""month"": ""February"", ""year"": ""2025""}",employee
What is the holiday schedule for 2025?,holiday_calendar,holiday_list_year,"{""year"": ""2025""}",employee
Can you tell me if there are any holidays in May 2025?,holiday_calendar,holiday_list_year,"{""month"": ""May"", ""year"": ""2025""}",employee
What holidays do we have in June 2025?,holiday_calendar,holiday_list_year,"{""month"": ""June"", ""year"": ""2025""}",employee
Could you check the holidays for 2024?,holiday_calendar,holiday_list_year,"{""year"": ""2024""}",employee
What holidays are there in August 2025?,holiday_calendar,holiday_list_year,"{""month"": ""August"", ""year"": ""2025""}",employee
What are the holidays for December 2025?,holiday_calendar,holiday_list_year,"{""month"": ""December"", ""year"": ""2025""}",employee
"I was wondering about the holidays in 2024, can you help?",holiday_calendar,holiday_list_year,"{""year"": ""2024""}",employee
Can you remind me of the upcoming holidays?,holiday_calendar,holiday_next,{},employee
Is there a list of holidays for this year available?,holiday_calendar,holiday_list_year,"{""year"": ""2023""}",employee
Can you tell me the next holiday we have?,holiday_calendar,holiday_next,{},employee
I think I need to check the holiday schedule for 2025.,holiday_calendar,holiday_list_year,"{""year"": ""2025""}",employee
Could you provide the holiday list for 2023?,holiday_calendar,holiday_list_year,"{""year"": ""2023""}",employee
"I need to know the holidays for 2025, please.",holiday_calendar,holiday_list_year,"{""year"": ""2025""}",employee
Can you list the holidays for 2024?,holiday_calendar,holiday_list_year,"{""year"": ""2024""}",employee
What holidays do we have scheduled for next month?,holiday_calendar,holiday_next,{},employee
What are the holidays for the upcoming year?,holiday_calendar,holiday_list_year,"{""year"": ""2026""}",employee
I think I need the holiday list for 2024.,holiday_calendar,holiday_list_year,"{""year"": ""2024""}",employee
Could you provide me with the holiday calendar for 2025?,holiday_calendar,holiday_list_year,"{""year"": ""2025""}",employee
Can you tell me the next holiday on the calendar?,holiday_calendar,holiday_next,{},employee
"I need to check the holidays for 2024, if possible.",holiday_calendar,holiday_list_year,"{""year"": ""2024""}",employee
What holidays do we have left this year?,holiday_calendar,holiday_next,{},employee
Can you show me the holiday list for 2023?,holiday_calendar,holiday_list_year,"{""year"": ""2023""}",employee
Could you let me know the holidays for 2026?,holiday_calendar,holiday_list_year,"{""year"": ""2026""}",employee
What holidays are we looking at for 2025?,holiday_calendar,holiday_list_year,"{""year"": ""2025""}",employee
Can you tell me the next holiday we have coming up?,holiday_calendar,holiday_next,{},employee
I was curious about the holiday calendar for this year.,holiday_calendar,holiday_list_year,"{""year"": ""2023""}",employee
What are the holidays for next year?,holiday_calendar,holiday_list_year,"{""year"": ""2024""}",employee
Can you remind me of the next holiday?,holiday_calendar,holiday_next,{},employee
What holidays do we have in the upcoming months?,holiday_calendar,holiday_next,{},employee
What holidays do we have planned for 2026?,holiday_calendar,holiday_list_year,"{""year"": ""2026""}",employee
Can you tell me the next public holidays?,holiday_calendar,holiday_next,{},employee
What does our holiday calendar look like for this year?,holiday_calendar,holiday_list_year,"{""year"": ""2023""}",employee
"I think I need to check the upcoming holidays, any info?",holiday_calendar,holiday_next,{},employee
Is there a way to see the holidays for 2025?,holiday_calendar,holiday_list_year,"{""year"": ""2025""}",employee
Could you remind me of the next holidays?,holiday_calendar,holiday_next,{},employee
"I need to find out about the holidays in 2023, please.",holiday_calendar,holiday_list_year,"{""year"": ""2023""}",employee
What are the upcoming holidays for our team?,holiday_calendar,holiday_next,{},employee
"I think I missed the holiday calendar for this year, can you check?",holiday_calendar,holiday_list_year,"{""year"": ""2023""}",employee
What does the holiday schedule look like for 2025?,holiday_calendar,holiday_list_year,"{""year"": ""2025""}",employee
Could you provide me with the next holidays?,holiday_calendar,holiday_next,{},employee
"I need to see the holidays for 2026, is that possible?",holiday_calendar,holiday_list_year,"{""year"": ""2026""}",employee
What holidays do we have coming up?,holiday_calendar,holiday_next,{},employee
Can you show me the holiday calendar for this year?,holiday_calendar,holiday_list_year,"{""year"": ""2023""}",employee
What are the holidays for next month?,holiday_calendar,holiday_next,{},employee
"I think I need the holiday list for 2024, can you help?",holiday_calendar,holiday_list_year,"{""year"": ""2024""}",employee
Could you tell me what holidays are coming up next?,holiday_calendar,holiday_next,{},employee
Can you provide the holiday calendar for 2025?,holiday_calendar,holiday_list_year,"{""year"": ""2025""}",employee
"I need to check the holidays for 2023, any chance?",holiday_calendar,holiday_list_year,"{""year"": ""2023""}",employee
What are the upcoming holidays for our department?,holiday_calendar,holiday_next,{},employee
"I think I need to see the holiday list for 2026, can you assist?",holiday_calendar,holiday_list_year,"{""year"": ""2026""}",employee
Can you provide me with the next holidays?,holiday_calendar,holiday_next,{},employee
Could you let me know the holiday calendar for the year 2025?,holiday_calendar,holiday_list_year,"{""year"": ""2025""}",employee
I was wondering if you could share the holiday schedule for 2025?,holiday_calendar,holiday_list_year,"{""year"": ""2025""}",employee
Can you tell me which holidays are coming up next?,holiday_calendar,holiday_next,"{""year"": ""2025""}",employee
What holidays do we have planned for next year?,holiday_calendar,holiday_next,"{""year"": ""2025""}",employee
Is there a list of holidays for 2025 available?,holiday_calendar,holiday_list_year,"{""year"": ""2025""}",employee
I think I need to check the holiday calendar for next year. Can you help?,holiday_calendar,holiday_list_year,"{""year"": ""2025""}",employee
What are the holidays we have scheduled for this year?,holiday_calendar,holiday_next,"{""year"": ""2025""}",employee
Can you provide me with the holiday list for 2025?,holiday_calendar,holiday_list_year,"{""year"": ""2025""}",employee
"I’d like to see the upcoming holidays, if possible.",holiday_calendar,holiday_next,"{""year"": ""2025""}",employee
What does the holiday calendar look like for 2025?,holiday_calendar,holiday_list_year,"{""year"": ""2025""}",employee
Could you tell me what holidays are next?,holiday_calendar,holiday_next,"{""year"": ""2025""}",employee
Is there a way to view the holiday schedule for 2025?,holiday_calendar,holiday_list_year,"{""year"": ""2025""}",employee
What holidays do we have coming up this year?,holiday_calendar,holiday_next,"{""year"": ""2025""}",employee
Can you share the holiday list for next year?,holiday_calendar,holiday_list_year,"{""year"": ""2025""}",employee
"I need to know the upcoming holidays, please.",holiday_calendar,holiday_next,"{""year"": ""2025""}",employee
What are the holidays scheduled for 2025?,holiday_calendar,holiday_list_year,"{""year"": ""2025""}",employee
Could you provide the list of holidays for this year?,holiday_calendar,holiday_next,"{""year"": ""2025""}",employee
What’s the holiday calendar for next year?,holiday_calendar,holiday_list_year,"{""year"": ""2025""}",employee
Can you tell me about the upcoming holidays?,holiday_calendar,holiday_next,"{""year"": ""2025""}",employee
I think I need the holiday schedule for 2025. Can you assist?,holiday_calendar,holiday_list_year,"{""year"": ""2025""}",employee
Is there a holiday list available for 2025?,holiday_calendar,holiday_list_year,"{""year"": ""2025""}",employee
Could you remind me of the holidays we have this year?,holiday_calendar,holiday_next,"{""year"": ""2025""}",employee
What does the holiday calendar look like for this year?,holiday_calendar,holiday_next,"{""year"": ""2025""}",employee
What holidays are scheduled for next year?,holiday_calendar,holiday_next,"{""year"": ""2025""}",employee
"I’d like to check the holiday calendar for this year, if possible.",holiday_calendar,holiday_next,"{""year"": ""2025""}",employee
What are the holidays for 2025?,holiday_calendar,holiday_list_year,"{""year"": ""2025""}",employee
Is there a way to see the holiday list for next year?,holiday_calendar,holiday_list_year,"{""year"": ""2025""}",employee
Can you provide me with the holiday schedule for next year?,holiday_calendar,holiday_list_year,"{""year"": ""2025""}",employee
I think I need to check the upcoming holidays. Can you help?,holiday_calendar,holiday_next,"{""year"": ""2025""}",employee
Could you tell me about the holidays scheduled for 2025?,holiday_calendar,holiday_list_year,"{""year"": ""2025""}",employee
Could you let me know the holiday calendar for 2025?,holiday_calendar,holiday_list_year,"{""year"": ""2025""}",employee
I was wondering about the upcoming holidays next month. Any idea?,holiday_calendar,holiday_next,"{""month"": ""November""}",employee
What are the holidays we have scheduled for 2024?,holiday_calendar,holiday_list_year,"{""year"": ""2024""}",employee
Can you tell me the holidays in December?,holiday_calendar,holiday_next,"{""month"": ""December""}",employee
"I think I need to check the holiday schedule for next year, can you help?",holiday_calendar,holiday_list_year,"{""year"": ""2026""}",employee
Could you provide the list of holidays for 2023?,holiday_calendar,holiday_list_year,"{""year"": ""2023""}",employee
I’m curious about the holidays in January next year. Any info?,holiday_calendar,holiday_next,"{""month"": ""January""}",employee
Can you remind me of the holidays we have in 2025?,holiday_calendar,holiday_list_year,"{""year"": ""2025""}",employee
"I’d like to know the holiday calendar for 2026, please.",holiday_calendar,holiday_list_year,"{""year"": ""2026""}",employee
Are there any holidays in February next year?,holiday_calendar,holiday_next,"{""month"": ""February""}",employee
What holidays can we expect in March 2024?,holiday_calendar,holiday_next,"{""month"": ""March""}",employee
Can you share the holiday list for this year?,holiday_calendar,holiday_list_year,"{""year"": ""2023""}",employee
"I think I need to check the holiday calendar for 2024, can you assist?",holiday_calendar,holiday_list_year,"{""year"": ""2024""}",employee
Could you tell me about the holidays in May?,holiday_calendar,holiday_next,"{""month"": ""May""}",employee
What are the holidays scheduled for June 2025?,holiday_calendar,holiday_next,"{""month"": ""June""}",employee
"I’m looking for the holiday list for 2023, any chance you have that?",holiday_calendar,holiday_list_year,"{""year"": ""2023""}",employee
Can you give me the details of the holidays in July?,holiday_calendar,holiday_next,"{""month"": ""July""}",employee
What holidays are planned for August 2024?,holiday_calendar,holiday_next,"{""month"": ""August""}",employee
Could you provide the holiday calendar for 2025?,holiday_calendar,holiday_list_year,"{""year"": ""2025""}",employee
What are the holidays in September next year?,holiday_calendar,holiday_next,"{""month"": ""September""}",employee
"I need to know the holiday schedule for 2024, please.",holiday_calendar,holiday_list_year,"{""year"": ""2024""}",employee
What holidays do we have coming up in October?,holiday_calendar,holiday_next,"{""month"": ""October""}",employee
Can you tell me the holidays for 2026?,holiday_calendar,holiday_list_year,"{""year"": ""2026""}",employee
What holidays are we looking at for November?,holiday_calendar,holiday_next,"{""month"": ""November""}",employee
"I think I need the holiday list for 2023, can you help?",holiday_calendar,holiday_list_year,"{""year"": ""2023""}",employee
Could you share the upcoming holidays for December?,holiday_calendar,holiday_next,"{""month"": ""December""}",employee
What are the holidays scheduled for January 2025?,holiday_calendar,holiday_next,"{""month"": ""January""}",employee
Can you provide the holiday calendar for 2024?,holiday_calendar,holiday_list_year,"{""year"": ""2024""}",employee
What holidays do we have in February?,holiday_calendar,holiday_next,"{""month"": ""February""}",employee
I’m curious about the holidays in March next year. Any info?,holiday_calendar,holiday_next,"{""month"": ""March""}",employee
Are there any holidays in April next year?,holiday_calendar,holiday_next,"{""month"": ""April""}",employee
What holidays can we expect in May 2024?,holiday_calendar,holiday_next,"{""month"": ""May""}",employee
"I'm curious about the holidays scheduled for this year, could you help?",holiday_calendar,holiday_list_year,"{""year"": ""2023""}",employee
Could you remind me of the next public holidays?,holiday_calendar,holiday_next,{},employee
"I think I missed the list of upcoming holidays, can you provide that?",holiday_calendar,holiday_next,{},employee
Can you tell me what holidays we have next month?,holiday_calendar,holiday_next,{},employee
What does our holiday calendar look like for 2023?,holiday_calendar,holiday_list_year,"{""year"": ""2023""}",employee
Could you list the holidays for the next few months?,holiday_calendar,holiday_next,{},employee
"I need to check the holidays for 2026, can you help?",holiday_calendar,holiday_list_year,"{""year"": ""2026""}",employee
Is there a holiday calendar available for 2025?,holiday_calendar,holiday_list_year,"{""year"": ""2025""}",employee
Can you tell me the next holidays we have planned?,holiday_calendar,holiday_next,{},employee
What holidays are scheduled for 2024?,holiday_calendar,holiday_list_year,"{""year"": ""2024""}",employee
"I think I need to know the upcoming holidays, can you assist?",holiday_calendar,holiday_next,{},employee
What are the holidays in July 2025?,holiday_calendar,holiday_list_year,"{""month"": ""July"", ""year"": ""2025""}",employee
Can you remind me what holidays are coming up soon?,holiday_calendar,holiday_next,{},employee
What does the holiday calendar look like for 2023?,holiday_calendar,holiday_list_year,"{""year"": ""2023""}",employee
Could you tell me the holidays for the next quarter?,holiday_calendar,holiday_next,{},employee
What holidays are planned for 2026?,holiday_calendar,holiday_list_year,"{""year"": ""2026""}",employee
Can you provide the holiday list for this year?,holiday_calendar,holiday_list_year,"{""year"": ""2023""}",employee
Could you check the holiday schedule for 2024?,holiday_calendar,holiday_list_year,"{""year"": ""2024""}",employee
"I need to know the next holidays, can you help?",holiday_calendar,holiday_next,{},employee
What holidays do we have in September 2025?,holiday_calendar,holiday_list_year,"{""month"": ""September"", ""year"": ""2025""}",employee
Can you tell me about the holidays for this year?,holiday_calendar,holiday_list_year,"{""year"": ""2023""}",employee
What are the upcoming holidays for the rest of the year?,holiday_calendar,holiday_next,{},employee
What holidays are scheduled for 2025?,holiday_calendar,holiday_list_year,"{""year"": ""2025""}",employee
Can you remind me of the next holidays we have?,holiday_calendar,holiday_next,{},employee
Could you provide the upcoming holidays for this month?,holiday_calendar,holiday_next,{},employee
What holidays are planned for October 2025?,holiday_calendar,holiday_list_year,"{""month"": ""October"", ""year"": ""2025""}",employee
Can you tell me the holidays for the next year?,holiday_calendar,holiday_list_year,"{""year"": ""2024""}",employee
What are the holidays coming up in the next few weeks?,holiday_calendar,holiday_next,{},employee
What holidays are there in November 2025?,holiday_calendar,holiday_list_year,"{""month"": ""November"", ""year"": ""2025""}",employee
Can you give me the holiday schedule for 2023?,holiday_calendar,holiday_list_year,"{""year"": ""2023""}",employee
Could you tell me the holiday calendar for the year 2025?,holiday_calendar,holiday_list_year,"{""year"": ""2025""}",employee
Can you remind me of the next public holidays?,holiday_calendar,holiday_next,{},employee
Is there a list of holidays for the year 2023 available?,holiday_calendar,holiday_list_year,"{""year"": ""2023""}",employee
What are the upcoming holidays in our calendar?,holiday_calendar,holiday_next,{},employee
Could you provide the holiday schedule for 2025?,holiday_calendar,holiday_list_year,"{""year"": ""2025""}",employee
"I think I missed the list of holidays for next year, can you help?",holiday_calendar,holiday_next,{},employee
What holidays are we observing in 2024?,holiday_calendar,holiday_list_year,"{""year"": ""2024""}",employee
Can you tell me about the holidays coming up soon?,holiday_calendar,holiday_next,{},employee
"I need to check the holiday calendar for 2023, please.",holiday_calendar,holiday_list_year,"{""year"": ""2023""}",employee
What are the next holidays we have scheduled?,holiday_calendar,holiday_next,{},employee
Could you share the holiday dates for 2025?,holiday_calendar,holiday_list_year,"{""year"": ""2025""}",employee
"I’d like to know what holidays are coming up next, if possible.",holiday_calendar,holiday_next,{},employee
Can I see the holiday list for the year 2024?,holiday_calendar,holiday_list_year,"{""year"": ""2024""}",employee
What holidays are we looking forward to in the near future?,holiday_calendar,holiday_next,{},employee
Is there an updated holiday calendar for 2023?,holiday_calendar,holiday_list_year,"{""year"": ""2023""}",employee
What are the upcoming holidays in our company calendar?,holiday_calendar,holiday_next,{},employee
Could you provide me with the holiday list for 2025?,holiday_calendar,holiday_list_year,"{""year"": ""2025""}",employee
I think I need to check the next holidays we have planned.,holiday_calendar,holiday_next,{},employee
Is there a holiday calendar for 2023 I can refer to?,holiday_calendar,holiday_list_year,"{""year"": ""2023""}",employee
What are the next holidays we should be aware of?,holiday_calendar,holiday_next,{},employee
"Can I get the holiday list for 2025, please?",holiday_calendar,holiday_list_year,"{""year"": ""2025""}",employee
What holidays do we have coming up next month?,holiday_calendar,holiday_next,{},employee
Could you remind me of the holidays for the year 2024?,holiday_calendar,holiday_list_year,"{""year"": ""2024""}",employee
What are the upcoming holidays in the next few weeks?,holiday_calendar,holiday_next,{},employee
Is there a list of holidays for 2023 that I can check?,holiday_calendar,holiday_list_year,"{""year"": ""2023""}",employee
What holidays are we expecting in the near future?,holiday_calendar,holiday_next,{},employee
I need to know about the next holidays we have planned.,holiday_calendar,holiday_next,{},employee
Can you tell me the upcoming holidays in our company?,holiday_calendar,holiday_next,{},employee
"I need to check the holidays for 2024, please.",holiday_calendar,holiday_list_year,"{""year"": ""2024""}",employee
Could you remind me of the holidays in December this year?,holiday_calendar,holiday_next,{},employee
Is there a way to see the holiday calendar for next year?,holiday_calendar,holiday_list_year,"{""year"": ""2026""}",employee
What holidays are scheduled for the next quarter?,holiday_calendar,holiday_next,{},employee
Can I get the holiday list for 2022?,holiday_calendar,holiday_list_year,"{""year"": ""2022""}",employee
Can you tell me if we have any holidays in May?,holiday_calendar,holiday_next,{},employee
Could you check the holiday calendar for 2024?,holiday_calendar,holiday_list_year,"{""year"": ""2024""}",employee
What holidays do we have in September this year?,holiday_calendar,holiday_next,{},employee
What are the upcoming holidays for the rest of this year?,holiday_calendar,holiday_next,{},employee
I think I need to know the holidays in November 2025.,holiday_calendar,holiday_list_year,"{""month"": ""November"", ""year"": ""2025""}",employee
What holidays are there in January next year?,holiday_calendar,holiday_next,{},employee
What are the holidays in October this year?,holiday_calendar,holiday_next,{},employee
Can you remind me of the holidays in April 2025?,holiday_calendar,holiday_list_year,"{""month"": ""April"", ""year"": ""2025""}",employee
What holidays do we have in February 2026?,holiday_calendar,holiday_list_year,"{""month"": ""February"", ""year"": ""2026""}",employee
Can you tell me the holidays for 2024?,holiday_calendar,holiday_list_year,"{""year"": ""2024""}",hr
What are the holidays in March 2025?,holiday_calendar,holiday_list_year,"{""month"": ""March"", ""year"": ""2025""}",hr
Could you remind me of the holidays in June this year?,holiday_calendar,holiday_next,{},hr
What are the public holidays for 2022?,holiday_calendar,holiday_list_year,"{""year"": ""2022""}",hr
Can I get the holiday calendar for 2023?,holiday_calendar,holiday_list_year,"{""year"": ""2023""}",hr
What holidays do we have in December 2026?,holiday_calendar,holiday_list_year,"{""month"": ""December"", ""year"": ""2026""}",hr
Can you provide the holiday list for 2024?,holiday_calendar,holiday_list_year,"{""year"": ""2024""}",hr
What are the upcoming holidays for the next quarter?,holiday_calendar,holiday_next,{},hr
Could you let me know the holidays for 2025?,holiday_calendar,holiday_list_year,"{""year"": ""2025""}",employee
"I was wondering about the holiday schedule for 2025, can you help?",holiday_calendar,holiday_list_year,"{""year"": ""2025""}",employee
Can you tell me what holidays are coming up next?,holiday_calendar,holiday_next,"{""year"": ""2023""}",employee
Do you have the list of holidays for 2025?,holiday_calendar,holiday_list_year,"{""year"": ""2025""}",employee
What holidays do we have planned for this year?,holiday_calendar,holiday_next,"{""year"": ""2023""}",employee
"I'm curious about the holiday calendar for 2025, any details?",holiday_calendar,holiday_list_year,"{""year"": ""2025""}",employee
What are the next holidays on our calendar?,holiday_calendar,holiday_next,"{""year"": ""2023""}",employee
Can you tell me the holidays scheduled for 2025?,holiday_calendar,holiday_list_year,"{""year"": ""2025""}",employee
What holidays are we looking forward to this year?,holiday_calendar,holiday_next,"{""year"": ""2023""}",employee
"I need to check the holiday list for 2025, please.",holiday_calendar,holiday_list_year,"{""year"": ""2025""}",employee
What holidays are on the calendar for 2025?,holiday_calendar,holiday_list_year,"{""year"": ""2025""}",employee
Can you share the next holidays we have?,holiday_calendar,holiday_next,"{""year"": ""2023""}",employee
"I'm looking for the holiday schedule for 2025, any insights?",holiday_calendar,holiday_list_year,"{""year"": ""2025""}",employee
What are the holidays we have coming up?,holiday_calendar,holiday_next,"{""year"": ""2023""}",employee
What holidays do we have in 2025?,holiday_calendar,holiday_list_year,"{""year"": ""2025""}",employee
Can you provide details on the upcoming holidays?,holiday_calendar,holiday_next,"{""year"": ""2023""}",employee
"I'm interested in the holiday calendar for 2025, can you help?",holiday_calendar,holiday_list_year,"{""year"": ""2025""}",employee
"I think I need the holiday list for 2025, is it available?",holiday_calendar,holiday_list_year,"{""year"": ""2025""}",employee
Could you remind me of the upcoming holidays this year?,holiday_calendar,holiday_next,"{""year"": ""2023""}",employee
Can you tell me the holidays for 2025?,holiday_calendar,holiday_list_year,"{""year"": ""2025""}",employee
Do you have the holiday schedule for 2025?,holiday_calendar,holiday_list_year,"{""year"": ""2025""}",employee
I'm curious about the upcoming holidays this year. Can you help?,holiday_calendar,holiday_next,{},employee
What are the holidays listed for 2025?,holiday_calendar,holiday_list_year,"{""year"": ""2025""}",employee
"I think I need to check the holiday schedule for next year, any info?",holiday_calendar,holiday_list_year,"{""year"": ""2025""}",employee
What holidays do we have planned for the next few months?,holiday_calendar,holiday_next,{},employee
"I need to know the holiday calendar for this year, please.",holiday_calendar,holiday_list_year,"{""year"": ""2025""}",employee
"I was wondering about the upcoming holidays, any details?",holiday_calendar,holiday_next,{},employee
Do we have a holiday calendar for next year?,holiday_calendar,holiday_list_year,"{""year"": ""2025""}",employee
Can you show me the holidays for 2025?,holiday_calendar,holiday_list_year,"{""year"": ""2025""}",employee
"I'm looking for information on the next holidays, can you help?",holiday_calendar,holiday_next,{},employee
Could you tell me about the upcoming holidays?,holiday_calendar,holiday_next,{},employee
Is there a holiday list for 2025 that I can view?,holiday_calendar,holiday_list_year,"{""year"": ""2025""}",employee
Can I see the holiday schedule for 2025?,holiday_calendar,holiday_list_year,"{""year"": ""2025""}",employee
"I need the holiday list for next year, if possible.",holiday_calendar,holiday_list_year,"{""year"": ""2025""}",employee
What are the upcoming holidays we should be aware of?,holiday_calendar,holiday_next,{},employee
Can you provide me with the holiday calendar for 2025?,holiday_calendar,holiday_list_year,"{""year"": ""2025""}",employee
What holidays are scheduled for the next few months?,holiday_calendar,holiday_next,{},employee
Is there a way to view the holiday calendar for 2025?,holiday_calendar,holiday_list_year,"{""year"": ""2025""}",employee
Could you share the holiday list for 2025 with me?,holiday_calendar,holiday_list_year,"{""year"": ""2025""}",employee
Can you tell me the holiday schedule for next year?,holiday_calendar,holiday_list_year,"{""year"": ""2025""}",employee
What are the upcoming holidays on our calendar?,holiday_calendar,holiday_next,{},employee
What holidays do we have planned for the near future?,holiday_calendar,holiday_next,{},employee
What are the next holidays we should keep in mind?,holiday_calendar,holiday_next,{},employee
What holidays are coming up shortly?,holiday_calendar,holiday_next,{},employee
Is there a list of holidays for 2025 that I can check?,holiday_calendar,holiday_list_year,"{""year"": ""2025""}",employee
Could you tell me the holidays for the year 2025?,holiday_calendar,holiday_list_year,"{""year"": ""2025""}",employee
I was wondering about the holiday schedule for 2025. Can you help?,holiday_calendar,holiday_list_year,"{""year"": ""2025""}",employee
Can you remind me what holidays are coming up next?,holiday_calendar,holiday_next,"{""month"": ""November""}",employee
What are the official holidays for the year 2025?,holiday_calendar,holiday_list_year,"{""year"": ""2025""}",employee
I think I need to check the holiday calendar for next month.,holiday_calendar,holiday_next,"{""month"": ""November""}",employee
Could you provide the list of holidays for 2025?,holiday_calendar,holiday_list_year,"{""year"": ""2025""}",employee
What are the next holidays I should be aware of?,holiday_calendar,holiday_next,"{""month"": ""November""}",employee
I need to know the holiday schedule for the year 2025. Any info?,holiday_calendar,holiday_list_year,"{""year"": ""2025""}",employee
What are the upcoming holidays?,holiday_calendar,holiday_next,"{""month"": ""November""}",employee
"I think I missed the holiday list for 2025, could you share it?",holiday_calendar,holiday_list_year,"{""year"": ""2025""}",employee
What are the holidays coming up soon?,holiday_calendar,holiday_next,"{""month"": ""November""}",employee
"I need to check the holidays for 2025, can you help?",holiday_calendar,holiday_list_year,"{""year"": ""2025""}",employee
What holidays are next month?,holiday_calendar,holiday_next,"{""month"": ""November""}",employee
Could you list the holidays for the year 2025?,holiday_calendar,holiday_list_year,"{""year"": ""2025""}",employee
What are the upcoming holidays I should mark on my calendar?,holiday_calendar,holiday_next,"{""month"": ""November""}",employee
"I think I need the holiday list for 2025, could you provide that?",holiday_calendar,holiday_list_year,"{""year"": ""2025""}",employee
Can you share the holidays for 2025?,holiday_calendar,holiday_list_year,"{""year"": ""2025""}",employee
I need to know the holiday schedule for 2025. Any info?,holiday_calendar,holiday_list_year,"{""year"": ""2025""}",employee
"I was wondering about the holidays scheduled for next year, could you help?",holiday_calendar,holiday_list_year,"{""year"": ""2025""}",employee
Can you tell me the upcoming holidays?,holiday_calendar,holiday_next,{},employee
What are the holidays for the year 2024?,holiday_calendar,holiday_list_year,"{""year"": ""2024""}",employee
"I need to check the holiday calendar for this year, please.",holiday_calendar,holiday_list_year,"{""year"": ""2023""}",employee
Could you remind me of the holidays for 2023?,holiday_calendar,holiday_list_year,"{""year"": ""2023""}",employee
"I think I need to know the holidays for next year, can you assist?",holiday_calendar,holiday_list_year,"{""year"": ""2025""}",employee
Could you let me know the holidays for the year 2022?,holiday_calendar,holiday_list_year,"{""year"": ""2022""}",employee
"I’d like to see the holiday calendar for 2024, please.",holiday_calendar,holiday_list_year,"{""year"": ""2024""}",employee
"I’m curious about the holidays for this year, can you help?",holiday_calendar,holiday_list_year,"{""year"": ""2023""}",employee
"I need to check the upcoming holidays, can you assist?",holiday_calendar,holiday_next,{},employee
Can you remind me of the holidays for next year?,holiday_calendar,holiday_next,{},employee
Could you let me know the next holidays?,holiday_calendar,holiday_next,{},employee
"I think I need the holiday calendar for 2024, can you help?",holiday_calendar,holiday_list_year,"{""year"": ""2024""}",employee
What holidays are scheduled for this year?,holiday_calendar,holiday_list_year,"{""year"": ""2023""}",employee
Can you tell me the upcoming holidays for next month?,holiday_calendar,holiday_next,{},employee
What holidays do we have in the upcoming year?,holiday_calendar,holiday_list_year,"{""year"": ""2025""}",employee
Could you show me the holidays for 2022?,holiday_calendar,holiday_list_year,"{""year"": ""2022""}",employee
"I’d like to know the upcoming holidays, can you assist?",holiday_calendar,holiday_next,{},employee
What holidays do we have next year?,holiday_calendar,holiday_list_year,"{""year"": ""2025""}",employee
"I think I need to check the holidays for 2025, can you help?",holiday_calendar,holiday_list_year,"{""year"": ""2025""}",employee
What holidays do we have for the year 2023?,holiday_calendar,holiday_list_year,"{""year"": ""2023""}",employee
"I'd like to know the holiday schedule for 2024, please.",holiday_calendar,holiday_list_year,"{""year"": ""2024""}",employee
Could you tell me when the next holiday is?,holiday_calendar,holiday_next,{},employee
Do we have any holidays in August 2025?,holiday_calendar,holiday_list_year,"{""month"": ""August"", ""year"": ""2025""}",employee
What are the holidays for December 2023?,holiday_calendar,holiday_list_year,"{""month"": ""December"", ""year"": ""2023""}",employee
Can you remind me of the holidays in 2025?,holiday_calendar,holiday_list_year,"{""year"": ""2025""}",employee
I'd like to check the holiday calendar for 2023.,holiday_calendar,holiday_list_year,"{""year"": ""2023""}",employee
Are there any holidays in September 2024?,holiday_calendar,holiday_list_year,"{""month"": ""September"", ""year"": ""2024""}",employee
Can I find the holiday calendar for 2024 somewhere?,holiday_calendar,holiday_list_year,"{""year"": ""2024""}",employee
What holidays do we have in November 2023?,holiday_calendar,holiday_list_year,"{""month"": ""November"", ""year"": ""2023""}",employee
When is the next holiday coming up?,holiday_calendar,holiday_next,{},employee
"I'd like to see the holiday calendar for 2023, if possible.",holiday_calendar,holiday_list_year,"{""year"": ""2023""}",employee
Can I get the holiday list for 2024?,holiday_calendar,holiday_list_year,"{""year"": ""2024""}",employee
When is the next holiday after this month?,holiday_calendar,holiday_next,{},employee
What are the holidays for the upcoming months?,holiday_calendar,holiday_next,{},employee
What holidays are there in March 2024?,holiday_calendar,holiday_list_year,"{""month"": ""March"", ""year"": ""2024""}",employee
"I'd like to know the holiday calendar for 2023, please.",holiday_calendar,holiday_list_year,"{""year"": ""2023""}",employee
When is the next holiday in 2024?,holiday_calendar,holiday_next,{},employee
What holidays do we have in April 2023?,holiday_calendar,holiday_list_year,"{""month"": ""April"", ""year"": ""2023""}",employee
Could you tell me about the holidays in 2024?,holiday_calendar,holiday_list_year,"{""year"": ""2024""}",employee
What are the holidays for the next few months?,holiday_calendar,holiday_next,{},employee
What holidays do we have in July 2025?,holiday_calendar,holiday_list_year,"{""month"": ""July"", ""year"": ""2025""}",employee
When is the next holiday after this week?,holiday_calendar,holiday_next,{},employee
Can I find the holiday calendar for 2023?,holiday_calendar,holiday_list_year,"{""year"": ""2023""}",hr
Could you provide the holiday list for 2024?,holiday_calendar,holiday_list_year,"{""year"": ""2024""}",hr
I was wondering when the next public holiday is coming up?,holiday_calendar,holiday_next,{},employee
What are the holidays scheduled for the year 2024?,holiday_calendar,holiday_list_year,"{""year"": ""2024""}",employee
Could you provide the holiday schedule for 2026?,holiday_calendar,holiday_list_year,"{""year"": ""2026""}",employee
What holidays do we have coming up in the next few months?,holiday_calendar,holiday_next,{},employee
"I need to check the holiday calendar for 2022, please.",holiday_calendar,holiday_list_year,"{""year"": ""2022""}",employee
Are there any holidays in the next quarter?,holiday_calendar,holiday_next,{},employee
Can you confirm the holidays for this year?,holiday_calendar,holiday_list_year,"{""year"": ""2023""}",employee
When is the next holiday after the current month?,holiday_calendar,holiday_next,{},employee
Can I see the holiday calendar for 2021?,holiday_calendar,holiday_list_year,"{""year"": ""2021""}",employee
Is there a way to find out the next holiday?,holiday_calendar,holiday_next,{},employee
What holidays do we have planned for 2024?,holiday_calendar,holiday_list_year,"{""year"": ""2024""}",employee
Can you tell me when the next holiday is?,holiday_calendar,holiday_next,{},employee
"I would like to know the holiday schedule for 2025, if possible.",holiday_calendar,holiday_list_year,"{""year"": ""2025""}",employee
What are the upcoming holidays in the next month or so?,holiday_calendar,holiday_next,{},employee
Could you provide me with the holiday calendar for 2026?,holiday_calendar,holiday_list_year,"{""year"": ""2026""}",employee
"I need to check the holidays for 2023, can you help?",holiday_calendar,holiday_list_year,"{""year"": ""2023""}",employee
Can you confirm the holiday schedule for 2024?,holiday_calendar,holiday_list_year,"{""year"": ""2024""}",employee
"I'm looking for the upcoming holidays next month, can you help?",holiday_calendar,holiday_next,"{""month"": ""November""}",employee
What are the holidays scheduled for this year?,holiday_calendar,holiday_list_year,"{""year"": ""2023""}",employee
Do we have any holidays coming up in December?,holiday_calendar,holiday_next,"{""month"": ""December""}",employee
"I think I need to check the holiday list for 2023, is it available?",holiday_calendar,holiday_list_year,"{""year"": ""2023""}",employee
What holidays are planned for next year?,holiday_calendar,holiday_list_year,"{""year"": ""2025""}",employee
Can you remind me of the holidays in August?,holiday_calendar,holiday_next,"{""month"": ""August""}",employee
Is there a way to view the holiday schedule for 2024?,holiday_calendar,holiday_list_year,"{""year"": ""2024""}",employee
What holidays do we have in the next quarter?,holiday_calendar,holiday_next,"{""month"": ""January""}",hr
Can I get the holiday list for the current year?,holiday_calendar,holiday_list_year,"{""year"": ""2023""}",hr
What are the holidays for the month of April?,holiday_calendar,holiday_next,"{""month"": ""April""}",hr
Could you check the holiday calendar for 2024 for me?,holiday_calendar,holiday_list_year,"{""year"": ""2024""}",hr
Are there any holidays in February that I should know about?,holiday_calendar,holiday_next,"{""month"": ""February""}",hr
Can you tell me the holiday schedule for the upcoming year?,holiday_calendar,holiday_list_year,"{""year"": ""2025""}",hr
What holidays are coming up in March?,holiday_calendar,holiday_next,"{""month"": ""March""}",hr
What are the holidays scheduled for May?,holiday_calendar,holiday_next,"{""month"": ""May""}",hr
Can I see the holiday calendar for this year?,holiday_calendar,holiday_list_year,"{""year"": ""2023""}",hr
Could you let me know the holiday list for 2025?,holiday_calendar,holiday_list_year,"{""year"": ""2025""}",employee
"I was wondering about the upcoming holidays for this year, could you help?",holiday_calendar,holiday_next,{},employee
Can you tell me which holidays are scheduled for August 2025?,holiday_calendar,holiday_list_year,"{""month"": ""August"", ""year"": ""2025""}",employee
What are the next holidays coming up?,holiday_calendar,holiday_next,{},employee
I think there might be a holiday list for 2024; could you check that for me?,holiday_calendar,holiday_list_year,"{""year"": ""2024""}",employee
Could you provide the holiday schedule for next month?,holiday_calendar,holiday_next,{},employee
Could you send me my payslip for August?,payslip_request,payslip_month,"{""month"": ""August"", ""year"": ""2025""}",employee
"I think my payslip for July is missing, can you check?",payslip_request,payslip_month,"{""month"": ""July"", ""year"": ""2025""}",employee
Where can I find my latest payslip?,payslip_request,payslip_latest,{},employee
Can you help me locate my payslip for June?,payslip_request,payslip_month,"{""month"": ""June"", ""year"": ""2025""}",employee
"I need to see my payslip for May, please.",payslip_request,payslip_month,"{""month"": ""May"", ""year"": ""2025""}",employee
Is there a way to get my latest payslip?,payslip_request,payslip_latest,{},employee
Could you check if my payslip for April is available?,payslip_request,payslip_month,"{""month"": ""April"", ""year"": ""2025""}",employee
"I think my payslip for March didn't come through, can you verify?",payslip_request,payslip_month,"{""month"": ""March"", ""year"": ""2025""}",employee
Can I view my payslip for February?,payslip_request,payslip_month,"{""month"": ""February"", ""year"": ""2025""}",employee
Where do I find my payslip for January?,payslip_request,payslip_month,"{""month"": ""January"", ""year"": ""2025""}",employee
"I need my latest payslip, how do I get it?",payslip_request,payslip_latest,{},employee
Could you send me my payslip for December?,payslip_request,payslip_month,"{""month"": ""December"", ""year"": ""2025""}",employee
Can you check if my payslip for November is ready?,payslip_request,payslip_month,"{""month"": ""November"", ""year"": ""2025""}",employee
"I think I missed my payslip for October, can you help?",payslip_request,payslip_month,"{""month"": ""October"", ""year"": ""2025""}",employee
Where can I access my payslip for September?,payslip_request,payslip_month,"{""month"": ""September"", ""year"": ""2025""}",employee
Could you provide my latest payslip?,payslip_request,payslip_latest,{},employee
"I need to find my payslip for the last month, any ideas?",payslip_request,payslip_latest,{},employee
Can you help me with my payslip for the previous month?,payslip_request,payslip_month,"{""month"": ""August"", ""year"": ""2025""}",employee
Is my payslip for last month available?,payslip_request,payslip_month,"{""month"": ""July"", ""year"": ""2025""}",employee
Could you check if my payslip for this month is ready?,payslip_request,payslip_month,"{""month"": ""September"", ""year"": ""2025""}",employee
Can I see my payslip for the current month?,payslip_request,payslip_month,"{""month"": ""October"", ""year"": ""2025""}",employee
"I need to verify my payslip for last month, please.",payslip_request,payslip_month,"{""month"": ""August"", ""year"": ""2025""}",employee
Could you send my payslip for the last pay period?,payslip_request,payslip_latest,{},employee
Can you check if my payslip for the last quarter is available?,payslip_request,payslip_latest,{},employee
"I think my payslip for the last year is missing, can you help?",payslip_request,payslip_latest,{},employee
Can you find out if my payslip for the last month is ready?,payslip_request,payslip_month,"{""month"": ""August"", ""year"": ""2025""}",employee
Could you check if my colleague's payslip for July is available?,payslip_request,payslip_month,"{""month"": ""July"", ""year"": ""2025""}",hr
Can you help me locate the payslip for employee {employee_id} for June?,payslip_request,payslip_month,"{""month"": ""June"", ""year"": ""2025""}",hr
I need to see if {employee_id} received their payslip for May.,payslip_request,payslip_month,"{""month"": ""May"", ""year"": ""2025""}",hr
Can you verify if {employee_id} has their payslip for April?,payslip_request,payslip_month,"{""month"": ""April"", ""year"": ""2025""}",hr
Could you check if {employee_id}'s payslip for March is available?,payslip_request,payslip_month,"{""month"": ""March"", ""year"": ""2025""}",hr
Can you find out if {employee_id} has their payslip for February?,payslip_request,payslip_month,"{""month"": ""February"", ""year"": ""2025""}",hr
I need to see if {employee_id}'s payslip for January is ready.,payslip_request,payslip_month,"{""month"": ""January"", ""year"": ""2025""}",hr
Could you check if {employee_id} received their payslip for December?,payslip_request,payslip_month,"{""month"": ""December"", ""year"": ""2025""}",hr
Can you help me locate {employee_id}'s payslip for November?,payslip_request,payslip_month,"{""month"": ""November"", ""year"": ""2025""}",hr
"I think {employee_id}'s payslip for October is missing, can you verify?",payslip_request,payslip_month,"{""month"": ""October"", ""year"": ""2025""}",hr
Where can I find {employee_id}'s payslip for September?,payslip_request,payslip_month,"{""month"": ""September"", ""year"": ""2025""}",hr
"I think I need to check my latest payslip, can you help?",payslip_request,payslip_latest,"{""month"": ""August"", ""year"": ""2025""}",employee
Where can I find my payslip for July?,payslip_request,payslip_month,"{""month"": ""July"", ""year"": ""2025""}",employee
Can you provide my payslip for June?,payslip_request,payslip_month,"{""month"": ""June"", ""year"": ""2025""}",employee
"I need to see my latest payslip, please.",payslip_request,payslip_latest,"{""month"": ""August"", ""year"": ""2025""}",employee
Is my payslip for May available yet?,payslip_request,payslip_month,"{""month"": ""May"", ""year"": ""2025""}",employee
Could you check if my payslip for April is ready?,payslip_request,payslip_month,"{""month"": ""April"", ""year"": ""2025""}",employee
"I think my payslip for March is missing, can you verify?",payslip_request,payslip_month,"{""month"": ""March"", ""year"": ""2025""}",employee
Can I get a copy of my payslip for February?,payslip_request,payslip_month,"{""month"": ""February"", ""year"": ""2025""}",employee
"I would like to see my payslip for January, please.",payslip_request,payslip_month,"{""month"": ""January"", ""year"": ""2025""}",employee
What about my payslip for December?,payslip_request,payslip_month,"{""month"": ""December"", ""year"": ""2025""}",employee
Can you help me find my payslip for November?,payslip_request,payslip_month,"{""month"": ""November"", ""year"": ""2025""}",employee
"I need to review my latest payslip, can you assist?",payslip_request,payslip_latest,"{""month"": ""August"", ""year"": ""2025""}",employee
Could you let me know if my payslip for September is available?,payslip_request,payslip_month,"{""month"": ""September"", ""year"": ""2025""}",employee
Is there a way to access my payslip for October?,payslip_request,payslip_month,"{""month"": ""October"", ""year"": ""2025""}",employee
Can I see my payslip for the last month?,payslip_request,payslip_latest,"{""month"": ""August"", ""year"": ""2025""}",employee
"I think my payslip for the previous month is not showing up, can you check?",payslip_request,payslip_latest,"{""month"": ""July"", ""year"": ""2025""}",employee
Could you confirm if my payslip for this month is ready?,payslip_request,payslip_latest,"{""month"": ""August"", ""year"": ""2025""}",employee
Can you provide my payslip for the last pay period?,payslip_request,payslip_latest,"{""month"": ""July"", ""year"": ""2025""}",employee
"I need to check my payslip for the last quarter, is that possible?",payslip_request,payslip_month,"{""month"": ""June"", ""year"": ""2025""}",employee
Can you help me find my payslip for the last year?,payslip_request,payslip_month,"{""month"": ""December"", ""year"": ""2025""}",employee
Could you check if my payslip for the last month is available?,payslip_request,payslip_latest,"{""month"": ""July"", ""year"": ""2025""}",employee
"I think I missed my payslip for last month, can you assist?",payslip_request,payslip_latest,"{""month"": ""July"", ""year"": ""2025""}",employee
Can you provide my payslip for the last two months?,payslip_request,payslip_month,"{""month"": ""July"", ""year"": ""2025""}",employee
"I need to see my payslip for the last pay cycle, please.",payslip_request,payslip_latest,"{""month"": ""July"", ""year"": ""2025""}",employee
Can you check if my payslip for the last month is ready?,payslip_request,payslip_latest,"{""month"": ""July"", ""year"": ""2025""}",employee
Could you send me my payslip for the last month?,payslip_request,payslip_latest,"{""month"": ""July"", ""year"": ""2025""}",employee
"I need to find my payslip for the last month, can you help?",payslip_request,payslip_latest,"{""month"": ""July"", ""year"": ""2025""}",employee
Can you provide my payslip for the last month?,payslip_request,payslip_latest,"{""month"": ""July"", ""year"": ""2025""}",employee
Could you check if my payslip for last month is accessible?,payslip_request,payslip_latest,"{""month"": ""July"", ""year"": ""2025""}",employee
Can I get my payslip for the last month?,payslip_request,payslip_latest,"{""month"": ""July"", ""year"": ""2025""}",employee
"I would like to see my payslip for the previous month, please.",payslip_request,payslip_latest,"{""month"": ""July"", ""year"": ""2025""}",employee
Can you help me with my payslip for last month?,payslip_request,payslip_latest,"{""month"": ""July"", ""year"": ""2025""}",employee
Could you check if my payslip for last month is ready for viewing?,payslip_request,payslip_latest,"{""month"": ""July"", ""year"": ""2025""}",employee
"I need to check my latest payslip, please.",payslip_request,payslip_latest,{},employee
Can I find my payslip for July somewhere?,payslip_request,payslip_month,"{""month"": ""July"", ""year"": ""2025""}",employee
What about my payslip for June?,payslip_request,payslip_month,"{""month"": ""June"", ""year"": ""2025""}",employee
Is there a way to access my payslip for May?,payslip_request,payslip_month,"{""month"": ""May"", ""year"": ""2025""}",employee
I think my payslip for April is missing. Can you help?,payslip_request,payslip_month,"{""month"": ""April"", ""year"": ""2025""}",employee
Could you show me my payslip for March?,payslip_request,payslip_month,"{""month"": ""March"", ""year"": ""2025""}",employee
Can you provide my payslip for February?,payslip_request,payslip_month,"{""month"": ""February"", ""year"": ""2025""}",employee
"I need to see my payslip for January, please.",payslip_request,payslip_month,"{""month"": ""January"", ""year"": ""2025""}",employee
Could you check if my payslip for December is available?,payslip_request,payslip_month,"{""month"": ""December"", ""year"": ""2025""}",employee
I believe my payslip for November is not showing up. Can you assist?,payslip_request,payslip_month,"{""month"": ""November"", ""year"": ""2025""}",employee
Can I get a copy of my payslip for the last month?,payslip_request,payslip_latest,{},employee
I think I missed my payslip for the last pay period. Can you help?,payslip_request,payslip_latest,{},employee
Can you tell me where to find my payslip for last month?,payslip_request,payslip_latest,{},employee
I need my payslip for the last quarter. Is that possible?,payslip_request,payslip_month,"{""month"": ""October"", ""year"": ""2025""}",employee
Can I see my payslip for the previous month?,payslip_request,payslip_latest,{},employee
Could you provide my payslip for the last two months?,payslip_request,payslip_latest,{},employee
I think my payslip for the last month is incorrect. Can you check?,payslip_request,payslip_latest,{},employee
Can you help me find my payslip for the last pay cycle?,payslip_request,payslip_latest,{},employee
I need to verify my payslip for the last month. Is it available?,payslip_request,payslip_latest,{},employee
Can you check if my payslip for August is ready?,payslip_request,payslip_month,"{""month"": ""August"", ""year"": ""2025""}",hr
Could you send the payslip for employee ID 12345 for July?,payslip_request,payslip_month,"{""month"": ""July"", ""year"": ""2025""}",hr
I need to access the payslip for employee 67890 for June.,payslip_request,payslip_month,"{""month"": ""June"", ""year"": ""2025""}",hr
Can you provide the payslip for employee 23456 for May?,payslip_request,payslip_month,"{""month"": ""May"", ""year"": ""2025""}",hr
Is the payslip for employee 34567 for April available?,payslip_request,payslip_month,"{""month"": ""April"", ""year"": ""2025""}",hr
Could you check the payslip for employee 45678 for March?,payslip_request,payslip_month,"{""month"": ""March"", ""year"": ""2025""}",hr
Can I see the payslip for employee 56789 for February?,payslip_request,payslip_month,"{""month"": ""February"", ""year"": ""2025""}",hr
"I need the payslip for employee 67890 for January, please.",payslip_request,payslip_month,"{""month"": ""January"", ""year"": ""2025""}",hr
Can you provide the payslip for employee 78901 for December?,payslip_request,payslip_month,"{""month"": ""December"", ""year"": ""2025""}",hr
I need to check the payslip for employee 89012 for November.,payslip_request,payslip_month,"{""month"": ""November"", ""year"": ""2025""}",hr
Could you send the payslip for employee 90123 for October?,payslip_request,payslip_month,"{""month"": ""October"", ""year"": ""2025""}",hr
Can I view my payslip for July somewhere?,payslip_request,payslip_month,"{""month"": ""July"", ""year"": ""2025""}",employee
Where can I find my payslip for June?,payslip_request,payslip_month,"{""month"": ""June"", ""year"": ""2025""}",employee
"I think my payslip for May is missing, can you help?",payslip_request,payslip_month,"{""month"": ""May"", ""year"": ""2025""}",employee
Could you remind me how to access my latest payslip?,payslip_request,payslip_latest,{},employee
Is there a way to get my payslip for April?,payslip_request,payslip_month,"{""month"": ""April"", ""year"": ""2025""}",employee
"I need to see my payslip for March, where do I look?",payslip_request,payslip_month,"{""month"": ""March"", ""year"": ""2025""}",employee
Can I get a copy of my latest payslip?,payslip_request,payslip_latest,{},employee
What do I need to do to view my payslip for February?,payslip_request,payslip_month,"{""month"": ""February"", ""year"": ""2025""}",employee
Could you check if my payslip for January is available?,payslip_request,payslip_month,"{""month"": ""January"", ""year"": ""2025""}",employee
"I believe my payslip for December is not showing up, any ideas?",payslip_request,payslip_month,"{""month"": ""December"", ""year"": ""2025""}",employee
"I need to access my payslip for the last month, how do I do that?",payslip_request,payslip_latest,{},employee
Is my payslip for October ready to view?,payslip_request,payslip_month,"{""month"": ""October"", ""year"": ""2025""}",employee
Can I see my payslip for the last pay period?,payslip_request,payslip_latest,{},employee
Where do I go to check my payslip for the previous month?,payslip_request,payslip_month,"{""month"": ""September"", ""year"": ""2025""}",employee
Could you provide my payslip for the last quarter?,payslip_request,payslip_latest,{},employee
"I think I misplaced my payslip for last year, can you assist?",payslip_request,payslip_month,"{""month"": ""December"", ""year"": ""2024""}",employee
Can HR send me my latest payslip?,payslip_request,payslip_latest,{},hr
Could you check if my colleague's payslip for August is available?,payslip_request,payslip_month,"{""month"": ""August"", ""year"": ""2025""}",hr
I need to find out if my team's payslips for July have been issued.,payslip_request,payslip_month,"{""month"": ""July"", ""year"": ""2025""}",hr
Can you verify if the payslips for June were sent out?,payslip_request,payslip_month,"{""month"": ""June"", ""year"": ""2025""}",hr
Is there a way to access the latest payslips for all employees?,payslip_request,payslip_latest,{},hr
Could you help me check if the payslips for May are ready?,payslip_request,payslip_month,"{""month"": ""May"", ""year"": ""2025""}",hr
I need to confirm if the payslips for April were distributed.,payslip_request,payslip_month,"{""month"": ""April"", ""year"": ""2025""}",hr
Can you tell me if the payslips for March have been finalized?,payslip_request,payslip_month,"{""month"": ""March"", ""year"": ""2025""}",hr
Where can I find the latest payslips for the team?,payslip_request,payslip_latest,{},hr
Could you check if the payslips for February have been processed?,payslip_request,payslip_month,"{""month"": ""February"", ""year"": ""2025""}",hr
I need to verify if the payslips for January were sent out.,payslip_request,payslip_month,"{""month"": ""January"", ""year"": ""2025""}",hr
Can you help me find out if December payslips are available?,payslip_request,payslip_month,"{""month"": ""December"", ""year"": ""2025""}",hr
Is there a way to check if November payslips have been issued?,payslip_request,payslip_month,"{""month"": ""November"", ""year"": ""2025""}",hr
Could you assist me in finding the latest payslips for the department?,payslip_request,payslip_latest,{},hr
Can you confirm if the payslips for October are ready for distribution?,payslip_request,payslip_month,"{""month"": ""October"", ""year"": ""2025""}",hr
I need to check if the payslips for the last pay period have been generated.,payslip_request,payslip_latest,{},hr
Where can I find the payslips for the previous month?,payslip_request,payslip_month,"{""month"": ""September"", ""year"": ""2025""}",hr
Could you provide me with the payslips for the last quarter?,payslip_request,payslip_latest,{},hr
"I need to check my latest payslip, can you help?",payslip_request,payslip_latest,"{""month"": ""August"", ""year"": ""2025""}",employee
"I think my payslip for May is missing, could you check?",payslip_request,payslip_month,"{""month"": ""May"", ""year"": ""2025""}",employee
What about my latest payslip?,payslip_request,payslip_latest,"{""month"": ""August"", ""year"": ""2025""}",employee
Can I see my payslip for April?,payslip_request,payslip_month,"{""month"": ""April"", ""year"": ""2025""}",employee
Could you fetch my payslip for March?,payslip_request,payslip_month,"{""month"": ""March"", ""year"": ""2025""}",employee
"I need my payslip from February, please.",payslip_request,payslip_month,"{""month"": ""February"", ""year"": ""2025""}",employee
Is my payslip for January available?,payslip_request,payslip_month,"{""month"": ""January"", ""year"": ""2025""}",employee
Can you check if my payslip for December is ready?,payslip_request,payslip_month,"{""month"": ""December"", ""year"": ""2025""}",employee
I would like to see my payslip for November.,payslip_request,payslip_month,"{""month"": ""November"", ""year"": ""2025""}",employee
Can you help me find my latest payslip?,payslip_request,payslip_latest,"{""month"": ""August"", ""year"": ""2025""}",employee
"I think I should have received my payslip for last month, can you confirm?",payslip_request,payslip_month,"{""month"": ""July"", ""year"": ""2025""}",employee
Could you let me know where to access my payslip for August?,payslip_request,payslip_month,"{""month"": ""August"", ""year"": ""2025""}",employee
"I need to review my payslip from last month, is it available?",payslip_request,payslip_month,"{""month"": ""July"", ""year"": ""2025""}",employee
I was wondering if my payslip for September is out yet?,payslip_request,payslip_month,"{""month"": ""September"", ""year"": ""2025""}",employee
Can you check if my payslip for October has been issued?,payslip_request,payslip_month,"{""month"": ""October"", ""year"": ""2025""}",employee
"I think I missed my payslip for last month, could you help?",payslip_request,payslip_month,"{""month"": ""July"", ""year"": ""2025""}",employee
Can you send me my payslip for the last month?,payslip_request,payslip_month,"{""month"": ""July"", ""year"": ""2025""}",employee
Could you assist me in retrieving my payslip for August?,payslip_request,payslip_month,"{""month"": ""August"", ""year"": ""2025""}",employee
Is there a way to access my payslip for June?,payslip_request,payslip_month,"{""month"": ""June"", ""year"": ""2025""}",employee
"I need to see my payslip for May, can you help?",payslip_request,payslip_month,"{""month"": ""May"", ""year"": ""2025""}",employee
Can I get my latest payslip sent to me?,payslip_request,payslip_latest,"{""month"": ""August"", ""year"": ""2025""}",employee
"I think my payslip for March is not showing up, can you verify?",payslip_request,payslip_month,"{""month"": ""March"", ""year"": ""2025""}",employee
"I would like to see my payslip for the last pay period, please.",payslip_request,payslip_latest,"{""month"": ""August"", ""year"": ""2025""}",employee
Could you assist me in getting my payslip for August?,payslip_request,payslip_month,"{""month"": ""August"", ""year"": ""2025""}",employee
"I need to check my payslip for September, is it available?",payslip_request,payslip_month,"{""month"": ""September"", ""year"": ""2025""}",employee
Can you confirm if my payslip for October has been issued?,payslip_request,payslip_month,"{""month"": ""October"", ""year"": ""2025""}",employee
"I think my payslip for November is missing, could you check?",payslip_request,payslip_month,"{""month"": ""November"", ""year"": ""2025""}",employee
Could you let me know where I can find my payslip for December?,payslip_request,payslip_month,"{""month"": ""December"", ""year"": ""2025""}",employee
Can you help me retrieve my payslip for January?,payslip_request,payslip_month,"{""month"": ""January"", ""year"": ""2025""}",employee
"I would like to see my payslip for February, please.",payslip_request,payslip_month,"{""month"": ""February"", ""year"": ""2025""}",employee
Can you check if my payslip for March is available?,payslip_request,payslip_month,"{""month"": ""March"", ""year"": ""2025""}",employee
"I need to review my payslip for April, is it ready?",payslip_request,payslip_month,"{""month"": ""April"", ""year"": ""2025""}",employee
Is it possible to get my latest payslip?,payslip_request,payslip_latest,{},employee
I think my payslip for March hasn't been sent yet.,payslip_request,payslip_month,"{""month"": ""March"", ""year"": ""2025""}",employee
I would like to request my payslip for January.,payslip_request,payslip_month,"{""month"": ""January"", ""year"": ""2025""}",employee
Can you provide my latest payslip?,payslip_request,payslip_latest,{},employee
"I need to find my payslip for December, any ideas?",payslip_request,payslip_month,"{""month"": ""December"", ""year"": ""2025""}",employee
Could you help me with my payslip for November?,payslip_request,payslip_month,"{""month"": ""November"", ""year"": ""2025""}",employee
Where do I check my payslip for the last month?,payslip_request,payslip_latest,{},employee
"I think I missed my payslip for last month, can you verify?",payslip_request,payslip_month,"{""month"": ""October"", ""year"": ""2025""}",employee
Could you send me my payslip for the previous month?,payslip_request,payslip_month,"{""month"": ""September"", ""year"": ""2025""}",employee
Can you check if my payslip for this month is ready?,payslip_request,payslip_latest,{},employee
I would like to know where to find my payslip for August.,payslip_request,payslip_month,"{""month"": ""August"", ""year"": ""2025""}",employee
Can you confirm if my payslip for July has been issued?,payslip_request,payslip_month,"{""month"": ""July"", ""year"": ""2025""}",employee
Is my payslip for June available for viewing?,payslip_request,payslip_month,"{""month"": ""June"", ""year"": ""2025""}",employee
"I need to check my payslip for May, any updates?",payslip_request,payslip_month,"{""month"": ""May"", ""year"": ""2025""}",employee
Could you assist me in retrieving my payslip for April?,payslip_request,payslip_month,"{""month"": ""April"", ""year"": ""2025""}",employee
"Can I get my payslip for March, please?",payslip_request,payslip_month,"{""month"": ""March"", ""year"": ""2025""}",employee
I think my payslip for February is not showing up.,payslip_request,payslip_month,"{""month"": ""February"", ""year"": ""2025""}",employee
Where can I find my January payslip?,payslip_request,payslip_month,"{""month"": ""January"", ""year"": ""2025""}",employee
Can you help me with my latest payslip?,payslip_request,payslip_latest,{},employee
"I need to see my payslip for December, can you help?",payslip_request,payslip_month,"{""month"": ""December"", ""year"": ""2025""}",employee
Could you check if my payslip for November is ready?,payslip_request,payslip_month,"{""month"": ""November"", ""year"": ""2025""}",employee
Where do I access my payslip for the last month?,payslip_request,payslip_latest,{},employee
Can I view my payslip for the last pay period?,payslip_request,payslip_latest,{},employee
"I think my payslip for July is missing, can you check that for me?",payslip_request,payslip_month,"{""month"": ""July"", ""year"": ""2025""}",employee
Is there a way to access my payslip for April?,payslip_request,payslip_month,"{""month"": ""April"", ""year"": ""2025""}",employee
Could you check if my payslip for March is available?,payslip_request,payslip_month,"{""month"": ""March"", ""year"": ""2025""}",employee
"I think I missed my payslip for February, can you verify that?",payslip_request,payslip_month,"{""month"": ""February"", ""year"": ""2025""}",employee
Can I view my payslip for January somewhere?,payslip_request,payslip_month,"{""month"": ""January"", ""year"": ""2025""}",employee
"I need my payslip for the last month, can you help?",payslip_request,payslip_latest,{},employee
Could you provide my payslip for the last pay period?,payslip_request,payslip_latest,{},employee
Where do I find my payslip for the last month?,payslip_request,payslip_latest,{},employee
Can you send me my payslip for the previous month?,payslip_request,payslip_latest,{},employee
"I think my payslip for December is not in my inbox, could you check?",payslip_request,payslip_month,"{""month"": ""December"", ""year"": ""2024""}",employee
Can you tell me where to look for my payslip for November?,payslip_request,payslip_month,"{""month"": ""November"", ""year"": ""2024""}",employee
"I need to find my payslip for October, any ideas?",payslip_request,payslip_month,"{""month"": ""October"", ""year"": ""2024""}",employee
Could you check if my payslip for September is available?,payslip_request,payslip_month,"{""month"": ""September"", ""year"": ""2024""}",employee
Can you help me with my payslip for the last quarter?,payslip_request,payslip_latest,{},employee
"I need to see the payslip for my colleague, can you assist?",payslip_request,payslip_latest,{},hr
Could you provide the payslip for employee ID 12345?,payslip_request,payslip_latest,{},hr
Can I get the payslip for John Doe for last month?,payslip_request,payslip_latest,{},hr
"I need to check the payslip for Jane Smith for August, please.",payslip_request,payslip_month,"{""month"": ""August"", ""year"": ""2025""}",hr
Where can I find the payslip for employee XYZ?,payslip_request,payslip_latest,{},hr
Can you help me retrieve the payslip for the last pay period for employee 67890?,payslip_request,payslip_latest,{},hr
"I need to access the payslip for employee ABC for July, can you assist?",payslip_request,payslip_month,"{""month"": ""July"", ""year"": ""2025""}",hr
Could you check if the payslip for employee DEF for June is available?,payslip_request,payslip_month,"{""month"": ""June"", ""year"": ""2025""}",hr
Can I get the payslip for employee GHI for May?,payslip_request,payslip_month,"{""month"": ""May"", ""year"": ""2025""}",hr
"I think the payslip for employee JKL for April is missing, can you verify?",payslip_request,payslip_month,"{""month"": ""April"", ""year"": ""2025""}",hr
Can you provide the payslip for employee MNO for March?,payslip_request,payslip_month,"{""month"": ""March"", ""year"": ""2025""}",hr
Where can I find the payslip for employee PQR for February?,payslip_request,payslip_month,"{""month"": ""February"", ""year"": ""2025""}",hr
"I need to see the payslip for employee STU for January, please.",payslip_request,payslip_month,"{""month"": ""January"", ""year"": ""2025""}",hr
Could you check if the payslip for employee VWX for December is available?,payslip_request,payslip_month,"{""month"": ""December"", ""year"": ""2024""}",hr
Can you help me with the payslip for employee YZA for November?,payslip_request,payslip_month,"{""month"": ""November"", ""year"": ""2024""}",hr
"I need to find the payslip for employee BCD for October, any ideas?",payslip_request,payslip_month,"{""month"": ""October"", ""year"": ""2024""}",hr
Could you check if the payslip for employee EFG for September is available?,payslip_request,payslip_month,"{""month"": ""September"", ""year"": ""2024""}",hr
Can you help me retrieve the payslip for employee HIJ for the last quarter?,payslip_request,payslip_latest,{},hr
"I think my payslip for May is missing, can you check?",payslip_request,payslip_month,"{""month"": ""May"", ""year"": ""2025""}",employee
Is there a way to access my latest payslip?,payslip_request,payslip_latest,{},employee
Could you let me know where my payslip for April is?,payslip_request,payslip_month,"{""month"": ""April"", ""year"": ""2025""}",employee
"I’m looking for my payslip from last month, any idea?",payslip_request,payslip_month,"{""month"": ""March"", ""year"": ""2025""}",employee
Can you help me find my payslip for February?,payslip_request,payslip_month,"{""month"": ""February"", ""year"": ""2025""}",employee
"I believe my payslip for January is not available, can you confirm?",payslip_request,payslip_month,"{""month"": ""January"", ""year"": ""2025""}",employee
Could you check if my latest payslip is ready?,payslip_request,payslip_latest,{},employee
"I think I missed my payslip for December, can you assist?",payslip_request,payslip_month,"{""month"": ""December"", ""year"": ""2024""}",employee
Where do I go to view my payslip for November?,payslip_request,payslip_month,"{""month"": ""November"", ""year"": ""2024""}",employee
Could you provide my payslip for the month of October?,payslip_request,payslip_month,"{""month"": ""October"", ""year"": ""2024""}",employee
"I need to verify my payslip for September, can you help?",payslip_request,payslip_month,"{""month"": ""September"", ""year"": ""2024""}",employee
Can you check if my payslip for the last month is available?,payslip_request,payslip_latest,{},employee
"I’m trying to find my payslip for the previous month, any tips?",payslip_request,payslip_month,"{""month"": ""August"", ""year"": ""2024""}",employee
Could you assist me in locating my payslip for July?,payslip_request,payslip_month,"{""month"": ""July"", ""year"": ""2024""}",employee
Where can I access my payslip for June?,payslip_request,payslip_month,"{""month"": ""June"", ""year"": ""2024""}",employee
Can you tell me if my latest payslip is uploaded?,payslip_request,payslip_latest,{},employee
"I think I need my payslip for May, can you check?",payslip_request,payslip_month,"{""month"": ""May"", ""year"": ""2024""}",employee
Can you help me find my payslip for April?,payslip_request,payslip_month,"{""month"": ""April"", ""year"": ""2024""}",employee
"I’m looking for my payslip for March, is it available?",payslip_request,payslip_month,"{""month"": ""March"", ""year"": ""2024""}",employee
"Could you provide my latest payslip, please?",payslip_request,payslip_latest,{},employee
Can you check if my payslip for February is ready?,payslip_request,payslip_month,"{""month"": ""February"", ""year"": ""2024""}",employee
"I need to see my payslip for January, can you assist?",payslip_request,payslip_month,"{""month"": ""January"", ""year"": ""2024""}",employee
Could you let me know where to find my payslip for December?,payslip_request,payslip_month,"{""month"": ""December"", ""year"": ""2023""}",employee
Can you help me with my payslip for November?,payslip_request,payslip_month,"{""month"": ""November"", ""year"": ""2023""}",employee
"I think my payslip for October is missing, can you verify?",payslip_request,payslip_month,"{""month"": ""October"", ""year"": ""2023""}",employee
Could you check if my latest payslip is available?,payslip_request,payslip_latest,{},employee
"I need to find my payslip for the previous month, any suggestions?",payslip_request,payslip_month,"{""month"": ""September"", ""year"": ""2023""}",employee
"I’m looking for my payslip for July, can you help?",payslip_request,payslip_month,"{""month"": ""July"", ""year"": ""2023""}",employee
Can you check if my payslip for June is uploaded?,payslip_request,payslip_month,"{""month"": ""June"", ""year"": ""2023""}",employee
Could you let me know where to find my payslip for May?,payslip_request,payslip_month,"{""month"": ""May"", ""year"": ""2023""}",employee
Is my payslip for April available yet?,payslip_request,payslip_month,"{""month"": ""April"", ""year"": ""2025""}",employee
Could you help me find my payslip for the last month?,payslip_request,payslip_latest,{},employee
"I can't seem to locate my payslip for March, any ideas?",payslip_request,payslip_month,"{""month"": ""March"", ""year"": ""2025""}",employee
"I believe my payslip for January is not in my inbox, can you verify?",payslip_request,payslip_month,"{""month"": ""January"", ""year"": ""2025""}",employee
Could you send me the latest payslip?,payslip_request,payslip_latest,{},employee
"I think I missed my payslip for last month, can you help?",payslip_request,payslip_latest,{},employee
Can I get my payslip for the month of December?,payslip_request,payslip_month,"{""month"": ""December"", ""year"": ""2025""}",employee
Where do I find my payslip for November?,payslip_request,payslip_month,"{""month"": ""November"", ""year"": ""2025""}",employee
Can you tell me if my payslip for October is available?,payslip_request,payslip_month,"{""month"": ""October"", ""year"": ""2025""}",employee
"I need to check my payslip for the last quarter, how do I do that?",payslip_request,payslip_latest,{},employee
Could you assist me in retrieving my payslip for September?,payslip_request,payslip_month,"{""month"": ""September"", ""year"": ""2025""}",employee
I was wondering if my payslip for the last pay period is ready?,payslip_request,payslip_latest,{},employee
Can you confirm if my payslip for the past month has been issued?,payslip_request,payslip_latest,{},employee
Is there a way to access my payslip for August?,payslip_request,payslip_month,"{""month"": ""August"", ""year"": ""2025""}",employee
"I think my payslip for July is not showing up, can you check?",payslip_request,payslip_month,"{""month"": ""July"", ""year"": ""2025""}",employee
Could you provide me with my payslip for June?,payslip_request,payslip_month,"{""month"": ""June"", ""year"": ""2025""}",employee
"I need to find my payslip for May, where should I look?",payslip_request,payslip_month,"{""month"": ""May"", ""year"": ""2025""}",employee
Is my payslip for April accessible yet?,payslip_request,payslip_month,"{""month"": ""April"", ""year"": ""2025""}",employee
Can you help me locate my payslip for March?,payslip_request,payslip_month,"{""month"": ""March"", ""year"": ""2025""}",employee
"I can't find my payslip for February, can you assist?",payslip_request,payslip_month,"{""month"": ""February"", ""year"": ""2025""}",employee
Can you check if my payslip for January is available?,payslip_request,payslip_month,"{""month"": ""January"", ""year"": ""2025""}",employee
Could you send me my latest payslip?,payslip_request,payslip_latest,{},employee
Is my payslip for June available yet?,payslip_request,payslip_month,"{""month"": ""June"", ""year"": ""2025""}",employee
Can you show me my payslip for May?,payslip_request,payslip_month,"{""month"": ""May"", ""year"": ""2025""}",employee
"I think my payslip for April is missing, can you check?",payslip_request,payslip_month,"{""month"": ""April"", ""year"": ""2025""}",employee
When will my payslip for this month be available?,payslip_request,payslip_month,"{""month"": ""August"", ""year"": ""2025""}",employee
"I need to see my payslip from last month, please.",payslip_request,payslip_month,"{""month"": ""July"", ""year"": ""2025""}",employee
Can I get a copy of my payslip for the last pay period?,payslip_request,payslip_latest,{},employee
I was wondering if my payslip for March is ready.,payslip_request,payslip_month,"{""month"": ""March"", ""year"": ""2025""}",employee
Could you check if my payslip for February is accessible?,payslip_request,payslip_month,"{""month"": ""February"", ""year"": ""2025""}",employee
"I think I might have missed my payslip for January, can you help?",payslip_request,payslip_month,"{""month"": ""January"", ""year"": ""2025""}",employee
Can you tell me where to find my payslip for December?,payslip_request,payslip_month,"{""month"": ""December"", ""year"": ""2024""}",employee
"I need to verify my payslip for November, is it available?",payslip_request,payslip_month,"{""month"": ""November"", ""year"": ""2024""}",employee
Is there a way to access my latest payslip online?,payslip_request,payslip_latest,{},employee
"I can't find my payslip for August, can you assist?",payslip_request,payslip_month,"{""month"": ""August"", ""year"": ""2025""}",employee
Can you confirm if my payslip for September is ready?,payslip_request,payslip_month,"{""month"": ""September"", ""year"": ""2025""}",employee
"I am looking for my payslip from last year, any idea where it is?",payslip_request,payslip_month,"{""month"": ""December"", ""year"": ""2024""}",employee
Could you check if my payslip for October is available?,payslip_request,payslip_month,"{""month"": ""October"", ""year"": ""2025""}",employee
"I need to see my payslip for the last quarter, is that possible?",payslip_request,payslip_latest,{},employee
Can you help me find my payslip for the last pay period?,payslip_request,payslip_latest,{},employee
Is my payslip for the current month available yet?,payslip_request,payslip_month,"{""month"": ""August"", ""year"": ""2025""}",employee
"I think my payslip for the last month is missing, can you check?",payslip_request,payslip_month,"{""month"": ""July"", ""year"": ""2025""}",employee
Could you provide me with my payslip for the previous month?,payslip_request,payslip_month,"{""month"": ""July"", ""year"": ""2025""}",employee
Can I see my payslip for the last month of last year?,payslip_request,payslip_month,"{""month"": ""December"", ""year"": ""2024""}",employee
"I need to verify my payslip for the last month, can you help?",payslip_request,payslip_month,"{""month"": ""July"", ""year"": ""2025""}",employee
Could you check if my payslip for the last pay period is ready?,payslip_request,payslip_latest,{},employee
"I need to find my payslip for the last month, can you assist?",payslip_request,payslip_month,"{""month"": ""July"", ""year"": ""2025""}",employee
Can you help me with my payslip for the last month?,payslip_request,payslip_month,"{""month"": ""July"", ""year"": ""2025""}",employee
I was wondering if my payslip for the last month is available.,payslip_request,payslip_month,"{""month"": ""July"", ""year"": ""2025""}",employee
Can you tell me if my payslip for the last month is ready?,payslip_request,payslip_month,"{""month"": ""July"", ""year"": ""2025""}",employee
"I think my payslip for last month is missing, can you check?",payslip_request,payslip_month,"{""month"": ""July"", ""year"": ""2025""}",employee
Can I view my payslip from July?,payslip_request,payslip_month,"{""month"": ""July"", ""year"": ""2025""}",employee
Could you help me locate my latest payslip?,payslip_request,payslip_latest,{},employee
What about my payslip for April?,payslip_request,payslip_month,"{""month"": ""April"", ""year"": ""2025""}",employee
Is my payslip for March available?,payslip_request,payslip_month,"{""month"": ""March"", ""year"": ""2025""}",employee
"I need to see my payslip for February, if possible.",payslip_request,payslip_month,"{""month"": ""February"", ""year"": ""2025""}",employee
Can you provide my payslip for January?,payslip_request,payslip_month,"{""month"": ""January"", ""year"": ""2025""}",employee
"I believe my payslip for December is not showing up, can you verify?",payslip_request,payslip_month,"{""month"": ""December"", ""year"": ""2025""}",employee
"I think my payslip for the last month is incorrect, can you assist?",payslip_request,payslip_latest,{},employee
Can I have a look at my payslip for the previous month?,payslip_request,payslip_latest,{},employee
"I need my payslip for the last quarter, is that possible?",payslip_request,payslip_month,"{""month"": ""October"", ""year"": ""2025""}",employee
Could you send me my payslip for the last pay period?,payslip_request,payslip_latest,{},employee
Where can I find my payslip for the last year?,payslip_request,payslip_month,"{""month"": ""December"", ""year"": ""2024""}",employee
"I would like to see my payslip for the last month, please.",payslip_request,payslip_latest,{},employee
Can you confirm if my payslip for this month is available?,payslip_request,payslip_latest,{},employee
Can I see my payslip for the month of September?,payslip_request,payslip_month,"{""month"": ""September"", ""year"": ""2025""}",employee
Is there a way to access my payslip for the last month?,payslip_request,payslip_latest,{},employee
"I think my payslip for this month is missing, can you check?",payslip_request,payslip_latest,{},employee
Can you provide my payslip for the month of August?,payslip_request,payslip_month,"{""month"": ""August"", ""year"": ""2025""}",employee
I would like to see my payslip for the month of July.,payslip_request,payslip_month,"{""month"": ""July"", ""year"": ""2025""}",employee
Can I get my payslip for the month of June?,payslip_request,payslip_month,"{""month"": ""June"", ""year"": ""2025""}",employee
Could you help me find my payslip for the month of May?,payslip_request,payslip_month,"{""month"": ""May"", ""year"": ""2025""}",employee
"I need my payslip for the month of April, please.",payslip_request,payslip_month,"{""month"": ""April"", ""year"": ""2025""}",employee
Is my payslip for the month of March available?,payslip_request,payslip_month,"{""month"": ""March"", ""year"": ""2025""}",employee
Can I see my payslip for February?,payslip_request,payslip_month,"{""month"": ""February"", ""year"": ""2025""}",employee
"I think my payslip for January is not showing, can you verify?",payslip_request,payslip_month,"{""month"": ""January"", ""year"": ""2025""}",employee
Could you check if my payslip for December is ready?,payslip_request,payslip_month,"{""month"": ""December"", ""year"": ""2025""}",employee
"I need to see my latest payslip, can you assist?",payslip_request,payslip_latest,{},employee
Can you confirm if my payslip for November is available?,payslip_request,payslip_month,"{""month"": ""November"", ""year"": ""2025""}",employee
Is my payslip for February available yet?,payslip_request,payslip_month,"{""month"": ""February"", ""year"": ""2025""}",employee
Can I see my payslip for January?,payslip_request,payslip_month,"{""month"": ""January"", ""year"": ""2025""}",employee
I think my payslip for December is not in my inbox.,payslip_request,payslip_month,"{""month"": ""December"", ""year"": ""2024""}",employee
Could you check if my payslip for October has been issued?,payslip_request,payslip_month,"{""month"": ""October"", ""year"": ""2024""}",employee
"I need my payslip for September, can you assist?",payslip_request,payslip_month,"{""month"": ""September"", ""year"": ""2024""}",employee
"I believe I should have received my payslip for last month, can you verify?",payslip_request,payslip_latest,{},employee
Could you let me know if my payslip for this month is available?,payslip_request,payslip_latest,{},employee
Can I get a copy of my payslip for the previous month?,payslip_request,payslip_latest,{},employee
"I think my payslip for last month is missing, could you check?",payslip_request,payslip_latest,{},employee
Can you help me with my colleague's payslip for August?,payslip_request,payslip_month,"{""month"": ""August"", ""year"": ""2025""}",hr
I need to find out about my team member's payslip for July.,payslip_request,payslip_month,"{""month"": ""July"", ""year"": ""2025""}",hr
Could you check if my employee's payslip for June is ready?,payslip_request,payslip_month,"{""month"": ""June"", ""year"": ""2025""}",hr
Can you provide the latest payslip for my direct report?,payslip_request,payslip_latest,{},hr
I need to verify if my employee's payslip for May has been issued.,payslip_request,payslip_month,"{""month"": ""May"", ""year"": ""2025""}",hr
Can you assist with finding the payslip for my team member for April?,payslip_request,payslip_month,"{""month"": ""April"", ""year"": ""2025""}",hr
What about the payslip for my colleague in March?,payslip_request,payslip_month,"{""month"": ""March"", ""year"": ""2025""}",hr
Could you check if the payslip for February is available for my employee?,payslip_request,payslip_month,"{""month"": ""February"", ""year"": ""2025""}",hr
Is the payslip for January ready for my team member?,payslip_request,payslip_month,"{""month"": ""January"", ""year"": ""2025""}",hr
Can I see the latest payslip for my direct report?,payslip_request,payslip_latest,{},hr
I need to check if my employee's payslip for December has been sent out.,payslip_request,payslip_month,"{""month"": ""December"", ""year"": ""2024""}",hr
Where can I find the payslip for my team member for November?,payslip_request,payslip_month,"{""month"": ""November"", ""year"": ""2024""}",hr
Could you verify if the payslip for October is available for my employee?,payslip_request,payslip_month,"{""month"": ""October"", ""year"": ""2024""}",hr
I need to find out about the payslip for my colleague in September.,payslip_request,payslip_month,"{""month"": ""September"", ""year"": ""2024""}",hr
Can you help me with the latest payslip for my direct report?,payslip_request,payslip_latest,{},hr
"I think my employee's payslip for last month is missing, can you check?",payslip_request,payslip_latest,{},hr
Could you let me know if the payslip for this month is available for my team member?,payslip_request,payslip_latest,{},hr
Can I get a copy of my employee's payslip for the previous month?,payslip_request,payslip_latest,{},hr
"I think I might need my latest payslip, can you help?",payslip_request,payslip_latest,"{""month"": ""August"", ""year"": ""2025""}",employee
Can you check if my payslip for June is available?,payslip_request,payslip_month,"{""month"": ""June"", ""year"": ""2025""}",employee
Is my latest payslip ready for download?,payslip_request,payslip_latest,"{""month"": ""August"", ""year"": ""2025""}",employee
Could you provide my payslip for April?,payslip_request,payslip_month,"{""month"": ""April"", ""year"": ""2025""}",employee
"I think my payslip for March is missing, can you check?",payslip_request,payslip_month,"{""month"": ""March"", ""year"": ""2025""}",employee
Can I view my payslip for February somewhere?,payslip_request,payslip_month,"{""month"": ""February"", ""year"": ""2025""}",employee
Could you tell me if my latest payslip is available?,payslip_request,payslip_latest,"{""month"": ""August"", ""year"": ""2025""}",employee
"I need to find my payslip for December, where should I look?",payslip_request,payslip_month,"{""month"": ""December"", ""year"": ""2025""}",employee
Could I see my payslip for the last month?,payslip_request,payslip_latest,"{""month"": ""August"", ""year"": ""2025""}",employee
I think my payslip for the previous month is not uploaded yet.,payslip_request,payslip_latest,"{""month"": ""July"", ""year"": ""2025""}",employee
Can you check if my payslip for the last quarter is ready?,payslip_request,payslip_latest,"{""month"": ""July"", ""year"": ""2025""}",employee
Where can I find my payslip for the last pay period?,payslip_request,payslip_latest,"{""month"": ""August"", ""year"": ""2025""}",employee
"I need to see my payslip for the last two months, if possible.",payslip_request,payslip_latest,"{""month"": ""July"", ""year"": ""2025""}",employee
"Can you help me find the payslip for my colleague, John Doe?",payslip_request,payslip_latest,"{""month"": ""August"", ""year"": ""2025""}",hr
I need to check the payslip for employee Jane Smith for July.,payslip_request,payslip_month,"{""month"": ""July"", ""year"": ""2025""}",hr
Could you provide the latest payslip for employee ID 12345?,payslip_request,payslip_latest,"{""month"": ""August"", ""year"": ""2025""}",hr
"Can you retrieve the payslip for my team member, Alex?",payslip_request,payslip_latest,"{""month"": ""August"", ""year"": ""2025""}",hr
I need to check the payslip for the last month for employee ID 67890.,payslip_request,payslip_latest,"{""month"": ""July"", ""year"": ""2025""}",hr
Where can I find the payslip for employee Mark for June?,payslip_request,payslip_month,"{""month"": ""June"", ""year"": ""2025""}",hr
Can you help me with the payslip for employee Sarah for May?,payslip_request,payslip_month,"{""month"": ""May"", ""year"": ""2025""}",hr
I think I need to check the payslip for employee ID 54321 for April.,payslip_request,payslip_month,"{""month"": ""April"", ""year"": ""2025""}",hr
Could you provide the payslip for employee Tom for March?,payslip_request,payslip_month,"{""month"": ""March"", ""year"": ""2025""}",hr
Can you check if the payslip for employee Lisa for February is available?,payslip_request,payslip_month,"{""month"": ""February"", ""year"": ""2025""}",hr
I need to see the payslip for employee ID 98765 for January.,payslip_request,payslip_month,"{""month"": ""January"", ""year"": ""2025""}",hr
Where can I find the payslip for employee ID 11111 for December?,payslip_request,payslip_month,"{""month"": ""December"", ""year"": ""2025""}",hr
Can you help me with the payslip for employee ID 22222 for November?,payslip_request,payslip_month,"{""month"": ""November"", ""year"": ""2025""}",hr
Is there a way to access the payslip for employee ID 33333 for October?,payslip_request,payslip_month,"{""month"": ""October"", ""year"": ""2025""}",hr
Could I see the payslip for employee ID 44444 for the last month?,payslip_request,payslip_latest,"{""month"": ""July"", ""year"": ""2025""}",hr
Can you check if the payslip for employee ID 55555 for the last pay period is ready?,payslip_request,payslip_latest,"{""month"": ""August"", ""year"": ""2025""}",hr
Could you help me find my tax documents for 2025?,tax_documents,tax_document_year,"{""year"": ""2025""}",employee
I need to check the latest tax form available. Any idea where I can find it?,tax_documents,tax_form_latest,{},employee
Is there a way to access my tax documents for the year 2024?,tax_documents,tax_document_year,"{""year"": ""2024""}",employee
What is the latest tax form I should be using?,tax_documents,tax_form_latest,{},employee
Can you tell me where I might locate my tax documents from last year?,tax_documents,tax_document_year,"{""year"": ""2023""}",employee
I think I need the most recent tax form. Can you assist?,tax_documents,tax_form_latest,{},employee
Where can I find the tax documents for 2022?,tax_documents,tax_document_year,"{""year"": ""2022""}",employee
Could you point me to the latest tax form I should download?,tax_documents,tax_form_latest,{},employee
I’m looking for my tax documents from 2021. Any suggestions?,tax_documents,tax_document_year,"{""year"": ""2021""}",employee
What’s the latest tax form I need for filing?,tax_documents,tax_form_latest,{},employee
Can you help me locate my tax documents for the year 2020?,tax_documents,tax_document_year,"{""year"": ""2020""}",employee
I heard there’s a new tax form. Can you tell me where to find it?,tax_documents,tax_form_latest,{},employee
I need to retrieve my tax documents for 2019. Where should I look?,tax_documents,tax_document_year,"{""year"": ""2019""}",employee
What’s the latest tax form available for download?,tax_documents,tax_form_latest,{},employee
Can you tell me how to access my tax documents from 2018?,tax_documents,tax_document_year,"{""year"": ""2018""}",employee
Where can I find the most recent tax form to use?,tax_documents,tax_form_latest,{},employee
I need my tax documents for 2017. Any idea where they are?,tax_documents,tax_document_year,"{""year"": ""2017""}",employee
What is the latest tax form I should be aware of?,tax_documents,tax_form_latest,{},employee
Could you assist me in finding my tax documents for 2016?,tax_documents,tax_document_year,"{""year"": ""2016""}",employee
Is there a new tax form I need to download?,tax_documents,tax_form_latest,{},employee
I’m trying to locate my tax documents for 2015. Can you help?,tax_documents,tax_document_year,"{""year"": ""2015""}",employee
What’s the latest tax form I should be using for my filing?,tax_documents,tax_form_latest,{},employee
Can you tell me where to find my tax documents for 2025?,tax_documents,tax_document_year,"{""year"": ""2025""}",hr
I need the latest tax form for an employee. Where can I find it?,tax_documents,tax_form_latest,{},hr
Could you help me access the tax documents for an employee from 2024?,tax_documents,tax_document_year,"{""year"": ""2024""}",hr
What is the latest tax form I should provide to employees?,tax_documents,tax_form_latest,{},hr
Can you tell me where to find the tax documents for an employee from 2023?,tax_documents,tax_document_year,"{""year"": ""2023""}",hr
I need to check the latest tax form for our records. Any idea?,tax_documents,tax_form_latest,{},hr
Where can I find the tax documents for an employee from 2022?,tax_documents,tax_document_year,"{""year"": ""2022""}",hr
Could you point me to the latest tax form for our department?,tax_documents,tax_form_latest,{},hr
I’m looking for tax documents for an employee from 2021. Where should I check?,tax_documents,tax_document_year,"{""year"": ""2021""}",hr
What’s the latest tax form I need to distribute?,tax_documents,tax_form_latest,{},hr
Can you help me locate tax documents for an employee from 2020?,tax_documents,tax_document_year,"{""year"": ""2020""}",hr
Is there a new tax form I should be aware of for our team?,tax_documents,tax_form_latest,{},hr
I need to retrieve tax documents for an employee from 2019. Any suggestions?,tax_documents,tax_document_year,"{""year"": ""2019""}",hr
What’s the latest tax form available for our employees?,tax_documents,tax_form_latest,{},hr
Can you tell me how to access tax documents for an employee from 2018?,tax_documents,tax_document_year,"{""year"": ""2018""}",hr
Where can I find the most recent tax form for our staff?,tax_documents,tax_form_latest,{},hr
I need tax documents for an employee from 2017. Where should I look?,tax_documents,tax_document_year,"{""year"": ""2017""}",hr
What is the latest tax form I should be aware of for our records?,tax_documents,tax_form_latest,{},hr
Could you help me find my tax documents for 2022?,tax_documents,tax_document_year,"{""year"": ""2022""}",employee
I'm looking for the latest tax form I need to submit. Any idea where it is?,tax_documents,tax_form_latest,{},employee
Can you tell me what tax documents I should have for the year 2023?,tax_documents,tax_document_year,"{""year"": ""2023""}",employee
I think I misplaced my tax form for last year. How can I retrieve it?,tax_documents,tax_form_latest,{},employee
Is there a way to access my tax documents for 2021?,tax_documents,tax_document_year,"{""year"": ""2021""}",employee
Where can I find the latest tax form for this year?,tax_documents,tax_form_latest,{},employee
"I need to check my tax documents from 2020, do you know how I can do that?",tax_documents,tax_document_year,"{""year"": ""2020""}",employee
Could you point me to the latest tax form I should be using?,tax_documents,tax_form_latest,{},employee
What tax documents are available for the year 2024?,tax_documents,tax_document_year,"{""year"": ""2024""}",employee
Can you assist me in locating my tax form for the previous year?,tax_documents,tax_form_latest,{},employee
I think my tax documents for 2022 are missing. How can I find them?,tax_documents,tax_document_year,"{""year"": ""2022""}",employee
Where do I go to get the latest tax form for 2023?,tax_documents,tax_form_latest,{},employee
Can you help me with my tax documents from 2019?,tax_documents,tax_document_year,"{""year"": ""2019""}",employee
What’s the process to obtain the latest tax form?,tax_documents,tax_form_latest,{},employee
"I need to verify my tax documents for 2025, can you help?",tax_documents,tax_document_year,"{""year"": ""2025""}",employee
Where can I find the most recent tax form?,tax_documents,tax_form_latest,{},employee
Can you tell me if my tax documents for 2021 are available?,tax_documents,tax_document_year,"{""year"": ""2021""}",employee
"I’m trying to locate my latest tax form, any suggestions?",tax_documents,tax_form_latest,{},employee
What tax documents should I have for the year 2022?,tax_documents,tax_document_year,"{""year"": ""2022""}",employee
Could you let me know where to find the latest tax form for this year?,tax_documents,tax_form_latest,{},employee
"I need to check my tax documents for 2023, how can I do that?",tax_documents,tax_document_year,"{""year"": ""2023""}",employee
Is there a way to access the latest tax form?,tax_documents,tax_form_latest,{},employee
Can you help me find tax documents for 2020?,tax_documents,tax_document_year,"{""year"": ""2020""}",employee
Where do I look for the latest tax form I need?,tax_documents,tax_form_latest,{},employee
What tax documents are available for the year 2021?,tax_documents,tax_document_year,"{""year"": ""2021""}",employee
Can you assist me in finding my latest tax form?,tax_documents,tax_form_latest,{},employee
"I think I need my tax documents for 2024, how do I get them?",tax_documents,tax_document_year,"{""year"": ""2024""}",employee
Where can I find the latest tax form for 2022?,tax_documents,tax_form_latest,{},employee
Can you tell me if my tax documents for 2023 are ready?,tax_documents,tax_document_year,"{""year"": ""2023""}",employee
What’s the best way to get my latest tax form?,tax_documents,tax_form_latest,{},employee
"I need to verify my tax documents for 2022, can you help?",tax_documents,tax_document_year,"{""year"": ""2022""}",employee
Could you let me know where to find the latest tax form for 2024?,tax_documents,tax_form_latest,{},employee
Can you help me locate my tax documents for 2021?,tax_documents,tax_document_year,"{""year"": ""2021""}",employee
Where can I access the latest tax form I need?,tax_documents,tax_form_latest,{},employee
What tax documents should I have for the year 2023?,tax_documents,tax_document_year,"{""year"": ""2023""}",employee
Is there a way to find the latest tax form for this year?,tax_documents,tax_form_latest,{},employee
Can you help me check my tax documents for 2020?,tax_documents,tax_document_year,"{""year"": ""2020""}",employee
Where do I find the latest tax form I should be using?,tax_documents,tax_form_latest,{},employee
Could you tell me what tax documents I need for the year 2025?,tax_documents,tax_document_year,"{""year"": ""2025""}",employee
I'm trying to find the latest tax form; can you help me with that?,tax_documents,tax_form_latest,{},employee
What tax documents should I expect for the year 2024?,tax_documents,tax_document_year,"{""year"": ""2024""}",employee
Can you provide me with the latest tax form available?,tax_documents,tax_form_latest,{},employee
I think I need my tax documents for 2023; where can I find them?,tax_documents,tax_document_year,"{""year"": ""2023""}",employee
Is there a way to access the most recent tax form?,tax_documents,tax_form_latest,{},employee
What tax documents are required for the year 2022?,tax_documents,tax_document_year,"{""year"": ""2022""}",employee
Could you let me know where to find the latest tax form?,tax_documents,tax_form_latest,{},employee
I need to check my tax documents for the year 2025; can you assist?,tax_documents,tax_document_year,"{""year"": ""2025""}",employee
Where can I download the latest tax form?,tax_documents,tax_form_latest,{},employee
Can you remind me what tax documents I should have for 2023?,tax_documents,tax_document_year,"{""year"": ""2023""}",employee
I think my tax documents for 2024 are missing; can you help?,tax_documents,tax_document_year,"{""year"": ""2024""}",employee
Could you point me to the latest tax form I need?,tax_documents,tax_form_latest,{},employee
What tax documents do I need to prepare for the year 2025?,tax_documents,tax_document_year,"{""year"": ""2025""}",employee
Where can I find the most recent tax form for my records?,tax_documents,tax_form_latest,{},employee
Can you tell me what tax documents I should have for 2022?,tax_documents,tax_document_year,"{""year"": ""2022""}",employee
Is there a specific place to get the latest tax form?,tax_documents,tax_form_latest,{},employee
I need to know about the tax documents for 2023; any guidance?,tax_documents,tax_document_year,"{""year"": ""2023""}",employee
Where can I access the latest tax form for this year?,tax_documents,tax_form_latest,{},employee
What tax documents are necessary for the year 2024?,tax_documents,tax_document_year,"{""year"": ""2024""}",employee
Can you help me find the latest tax form I need?,tax_documents,tax_form_latest,{},employee
I think I need my tax documents for 2025; where should I look?,tax_documents,tax_document_year,"{""year"": ""2025""}",employee
Could you help me find my tax documents for the year 2022?,tax_documents,tax_document_year,"{""year"": ""2022""}",employee
I need to check if my tax form for 2023 is available yet.,tax_documents,tax_form_latest,"{""year"": ""2023""}",employee
Is there a way to access my tax documents from last year?,tax_documents,tax_document_year,"{""year"": ""2022""}",employee
Can you tell me where I can find my latest tax form?,tax_documents,tax_form_latest,{},employee
I think my tax documents for 2021 are missing; can you help?,tax_documents,tax_document_year,"{""year"": ""2021""}",employee
What is the process to retrieve my tax form for the current year?,tax_documents,tax_form_latest,"{""year"": ""2023""}",employee
Could you point me to my tax documents for 2020?,tax_documents,tax_document_year,"{""year"": ""2020""}",employee
I believe my tax form for 2022 should be ready; can you confirm?,tax_documents,tax_form_latest,"{""year"": ""2022""}",employee
Where can I access my tax documents for the year 2023?,tax_documents,tax_document_year,"{""year"": ""2023""}",employee
Can you check if my tax form for 2021 is up to date?,tax_documents,tax_form_latest,"{""year"": ""2021""}",employee
I need to see my tax documents for 2019; how do I do that?,tax_documents,tax_document_year,"{""year"": ""2019""}",employee
Is my tax form for 2023 available for download?,tax_documents,tax_form_latest,"{""year"": ""2023""}",employee
Can you help me locate my tax documents from 2022?,tax_documents,tax_document_year,"{""year"": ""2022""}",employee
What’s the status of my tax form for 2020?,tax_documents,tax_form_latest,"{""year"": ""2020""}",employee
I think I need my tax documents for 2021; where should I look?,tax_documents,tax_document_year,"{""year"": ""2021""}",employee
Could you tell me if my tax form for 2022 is finalized?,tax_documents,tax_form_latest,"{""year"": ""2022""}",employee
Where can I find the tax documents for the year 2020?,tax_documents,tax_document_year,"{""year"": ""2020""}",employee
I’m looking for my latest tax form; is it available yet?,tax_documents,tax_form_latest,"{""year"": ""2023""}",employee
Can you help me with accessing my tax documents from 2021?,tax_documents,tax_document_year,"{""year"": ""2021""}",employee
What’s the latest on my tax form for 2023?,tax_documents,tax_form_latest,"{""year"": ""2023""}",employee
Could you check if my tax documents for 2022 are ready?,tax_documents,tax_document_year,"{""year"": ""2022""}",employee
I need to verify the availability of my tax form for 2020.,tax_documents,tax_form_latest,"{""year"": ""2020""}",employee
Can you assist me in finding my tax documents for 2019?,tax_documents,tax_document_year,"{""year"": ""2019""}",employee
Is there a way to get my tax form for 2021?,tax_documents,tax_form_latest,"{""year"": ""2021""}",employee
I think I misplaced my tax documents for 2022; any advice?,tax_documents,tax_document_year,"{""year"": ""2022""}",employee
What’s the current status of my tax form for 2023?,tax_documents,tax_form_latest,"{""year"": ""2023""}",employee
Could you let me know how to access my tax documents from 2020?,tax_documents,tax_document_year,"{""year"": ""2020""}",employee
Can you confirm if my tax form for 2022 is available?,tax_documents,tax_form_latest,"{""year"": ""2022""}",employee
I need to find my tax documents for 2021; where do I start?,tax_documents,tax_document_year,"{""year"": ""2021""}",employee
Is my tax form for 2023 ready for viewing?,tax_documents,tax_form_latest,"{""year"": ""2023""}",employee
What’s the latest update on my tax form for 2021?,tax_documents,tax_form_latest,"{""year"": ""2021""}",employee
I think I need to retrieve my tax documents for 2022; any tips?,tax_documents,tax_document_year,"{""year"": ""2022""}",employee
Can you check if my tax form for 2020 is accessible?,tax_documents,tax_form_latest,"{""year"": ""2020""}",employee
Where can I find tax documents for the year 2023?,tax_documents,tax_document_year,"{""year"": ""2023""}",employee
Is there a way to check the status of my tax form for 2022?,tax_documents,tax_form_latest,"{""year"": ""2022""}",employee
I need to see my tax documents for 2019; how can I do that?,tax_documents,tax_document_year,"{""year"": ""2019""}",employee
Can you tell me if my tax form for 2021 is finalized?,tax_documents,tax_form_latest,"{""year"": ""2021""}",employee
Could you help me find my tax documents for 2020?,tax_documents,tax_document_year,"{""year"": ""2020""}",employee
What’s the status of my tax form for 2023?,tax_documents,tax_form_latest,"{""year"": ""2023""}",employee
Is my tax form for 2022 available for download?,tax_documents,tax_form_latest,"{""year"": ""2022""}",employee
"I think I need the latest tax form, can you help me with that?",tax_documents,tax_form_latest,{},employee
Where can I find my tax documents for 2025?,tax_documents,tax_document_year,"{""year"": ""2025""}",employee
Is there a way to get the most recent tax form?,tax_documents,tax_form_latest,{},employee
What tax documents are required for the year 2025?,tax_documents,tax_document_year,"{""year"": ""2025""}",employee
Could you point me to the latest tax form?,tax_documents,tax_form_latest,{},employee
"I need to check my tax documents for 2025, where should I look?",tax_documents,tax_document_year,"{""year"": ""2025""}",employee
Can you provide me with the latest tax form?,tax_documents,tax_form_latest,{},employee
What do I need to submit for tax documents this year?,tax_documents,tax_document_year,"{""year"": ""2025""}",employee
"I think I might have misplaced my latest tax form, any ideas?",tax_documents,tax_form_latest,{},employee
Could you let me know what tax documents I should have for 2025?,tax_documents,tax_document_year,"{""year"": ""2025""}",employee
Where do I find the latest tax form for my records?,tax_documents,tax_form_latest,{},employee
What are the tax documents I need to gather for 2025?,tax_documents,tax_document_year,"{""year"": ""2025""}",employee
Can you help me locate my latest tax form?,tax_documents,tax_form_latest,{},employee
"I need to verify my tax documents for the year 2025, how can I do that?",tax_documents,tax_document_year,"{""year"": ""2025""}",employee
Where can I get the most recent tax form?,tax_documents,tax_form_latest,{},employee
What tax documents should I be aware of for 2025?,tax_documents,tax_document_year,"{""year"": ""2025""}",employee
Could you assist me in finding my latest tax form?,tax_documents,tax_form_latest,{},employee
What are the requirements for tax documents this year?,tax_documents,tax_document_year,"{""year"": ""2025""}",employee
"I think I need to check on my latest tax form, any suggestions?",tax_documents,tax_form_latest,{},employee
Can you tell me what tax documents I need for 2025?,tax_documents,tax_document_year,"{""year"": ""2025""}",employee
Where should I look for the latest tax form?,tax_documents,tax_form_latest,{},employee
Could you help me find the latest tax form?,tax_documents,tax_form_latest,{},employee
What are the tax documents I should have ready for 2025?,tax_documents,tax_document_year,"{""year"": ""2025""}",employee
Where can I access my latest tax form?,tax_documents,tax_form_latest,{},employee
Can you remind me what tax documents I need for 2025?,tax_documents,tax_document_year,"{""year"": ""2025""}",employee
"I need to find my latest tax form, can you assist?",tax_documents,tax_form_latest,{},employee
What tax documents are necessary for this year?,tax_documents,tax_document_year,"{""year"": ""2025""}",employee
Could you guide me to the latest tax form?,tax_documents,tax_form_latest,{},employee
What do I need to know about tax documents for 2025?,tax_documents,tax_document_year,"{""year"": ""2025""}",employee
Where do I find the most recent tax form?,tax_documents,tax_form_latest,{},employee
Can you tell me what tax documents I should prepare for 2025?,tax_documents,tax_document_year,"{""year"": ""2025""}",employee
"I think I need my latest tax form, how can I find it?",tax_documents,tax_form_latest,{},employee
What tax documents do I need to submit for the year 2025?,tax_documents,tax_document_year,"{""year"": ""2025""}",employee
Could you help me locate the latest tax form?,tax_documents,tax_form_latest,{},employee
What are the tax documents I should have for 2025?,tax_documents,tax_document_year,"{""year"": ""2025""}",employee
Where can I get my latest tax form?,tax_documents,tax_form_latest,{},employee
Can you remind me what tax documents I need for this year?,tax_documents,tax_document_year,"{""year"": ""2025""}",employee
"I need to check on my latest tax form, any tips?",tax_documents,tax_form_latest,{},employee
What tax documents are required for 2025?,tax_documents,tax_document_year,"{""year"": ""2025""}",employee
Could you assist me in finding the latest tax form?,tax_documents,tax_form_latest,{},employee
I'm looking for the latest tax form. Do you have that available?,tax_documents,tax_form_latest,{},employee
What tax documents should I prepare for the year 2024?,tax_documents,tax_document_year,"{""year"": ""2024""}",employee
Is there a way to access my tax form for the last year?,tax_documents,tax_form_latest,{},employee
Can you confirm if my tax documents for 2023 are ready?,tax_documents,tax_document_year,"{""year"": ""2023""}",employee
I think I need the latest tax form for my records. Where can I find it?,tax_documents,tax_form_latest,{},employee
What tax documents are required for filing in 2025?,tax_documents,tax_document_year,"{""year"": ""2025""}",employee
Could you help me locate my tax form for the previous year?,tax_documents,tax_form_latest,{},employee
Do I have all the necessary tax documents for 2024?,tax_documents,tax_document_year,"{""year"": ""2024""}",employee
Where can I find the latest tax form for my employment?,tax_documents,tax_form_latest,{},employee
I need to check if my tax documents for 2022 are available. Can you assist?,tax_documents,tax_document_year,"{""year"": ""2022""}",employee
What is the process to obtain my latest tax form?,tax_documents,tax_form_latest,{},employee
Can you tell me if my tax documents for 2023 have been distributed?,tax_documents,tax_document_year,"{""year"": ""2023""}",employee
Where do I go to find my tax form for the last fiscal year?,tax_documents,tax_form_latest,{},employee
Could you point me to the latest tax form I should have?,tax_documents,tax_form_latest,{},employee
I think I might have missed my tax documents for 2024. Can you check?,tax_documents,tax_document_year,"{""year"": ""2024""}",employee
Is my latest tax form accessible online?,tax_documents,tax_form_latest,{},employee
Can you verify if my tax documents for 2023 are complete?,tax_documents,tax_document_year,"{""year"": ""2023""}",employee
Where should I look for my latest tax form?,tax_documents,tax_form_latest,{},employee
What tax documents are needed for the year 2024?,tax_documents,tax_document_year,"{""year"": ""2024""}",employee
Can you help me find my tax form for the last year?,tax_documents,tax_form_latest,{},employee
I need to know if my tax documents for 2022 are finalized. Can you assist?,tax_documents,tax_document_year,"{""year"": ""2022""}",employee
Where can I access the latest tax form for my employment?,tax_documents,tax_form_latest,{},employee
Could you let me know how to retrieve my latest tax form?,tax_documents,tax_form_latest,{},employee
Can you check if my tax documents for 2024 are available?,tax_documents,tax_document_year,"{""year"": ""2024""}",employee
Is there a way to get my tax form for the previous year?,tax_documents,tax_form_latest,{},employee
What do I need to prepare for my tax documents for 2023?,tax_documents,tax_document_year,"{""year"": ""2023""}",employee
Where can I find the latest tax form I should have received?,tax_documents,tax_form_latest,{},employee
Could you confirm if my tax documents for 2022 are ready for review?,tax_documents,tax_document_year,"{""year"": ""2022""}",employee
How do I access my latest tax form?,tax_documents,tax_form_latest,{},employee
Can you help me find the latest tax form for my records?,tax_documents,tax_form_latest,{},employee
Is there a way to check if my tax documents for 2024 have been processed?,tax_documents,tax_document_year,"{""year"": ""2024""}",employee
Where can I look for my latest tax form?,tax_documents,tax_form_latest,{},employee
What tax documents should I be aware of for 2023?,tax_documents,tax_document_year,"{""year"": ""2023""}",employee
Can you check if my tax documents for 2022 are available?,tax_documents,tax_document_year,"{""year"": ""2022""}",employee
I think I need the latest tax form; can you help me with that?,tax_documents,tax_form_latest,{},employee
Can you provide the latest tax form I should use?,tax_documents,tax_form_latest,{},employee
"I'm looking for the tax documents for the year 2025, any idea where to find them?",tax_documents,tax_document_year,"{""year"": ""2025""}",employee
Is there a specific tax form I should be using right now?,tax_documents,tax_form_latest,{},employee
What tax documents do I need to submit for 2025?,tax_documents,tax_document_year,"{""year"": ""2025""}",employee
Could you let me know the latest tax form I should fill out?,tax_documents,tax_form_latest,{},employee
"I think I need to check the tax documents for 2025, can you assist?",tax_documents,tax_document_year,"{""year"": ""2025""}",employee
Can you remind me what tax documents I need for the year 2025?,tax_documents,tax_document_year,"{""year"": ""2025""}",employee
Could you clarify which tax documents are necessary for 2025?,tax_documents,tax_document_year,"{""year"": ""2025""}",employee
I need the most recent tax form; can you help me locate it?,tax_documents,tax_form_latest,{},employee
What tax documents should I prepare for the upcoming year 2025?,tax_documents,tax_document_year,"{""year"": ""2025""}",employee
Is there a new tax form I need to be aware of?,tax_documents,tax_form_latest,{},employee
Can you provide information on the tax documents for 2025?,tax_documents,tax_document_year,"{""year"": ""2025""}",employee
What’s the latest tax form I should use for filing?,tax_documents,tax_form_latest,{},employee
Could you help me find the tax documents I need for the year 2025?,tax_documents,tax_document_year,"{""year"": ""2025""}",employee
Where can I access the latest tax form?,tax_documents,tax_form_latest,{},employee
What tax documents do I need to gather for 2025?,tax_documents,tax_document_year,"{""year"": ""2025""}",employee
Can you tell me if there’s a new tax form available?,tax_documents,tax_form_latest,{},employee
I need to know what tax documents are required for the year 2025.,tax_documents,tax_document_year,"{""year"": ""2025""}",employee
What’s the latest tax form I should be using right now?,tax_documents,tax_form_latest,{},employee
Could you remind me about the tax documents needed for 2025?,tax_documents,tax_document_year,"{""year"": ""2025""}",employee
Is there a specific tax form I should be filling out currently?,tax_documents,tax_form_latest,{},employee
What tax documents are necessary for filing in 2025?,tax_documents,tax_document_year,"{""year"": ""2025""}",employee
Is there a new tax form I should be aware of?,tax_documents,tax_form_latest,{},employee
Where can I find the latest tax form?,tax_documents,tax_form_latest,{},employee
What tax documents do I need for the year 2025?,tax_documents,tax_document_year,"{""year"": ""2025""}",employee
I'm looking for the latest tax form. Can you help me with that?,tax_documents,tax_form_latest,{},employee
What tax documents are required for 2024?,tax_documents,tax_document_year,"{""year"": ""2024""}",employee
Can you point me to where I can find my tax form for last year?,tax_documents,tax_form_latest,{},employee
"I think I need to check my tax documents for 2023, can you assist?",tax_documents,tax_document_year,"{""year"": ""2023""}",employee
Is there a way to access the latest tax forms?,tax_documents,tax_form_latest,{},employee
Could you remind me what tax documents I need for this year?,tax_documents,tax_document_year,"{""year"": ""2025""}",employee
"I need to know where to get the latest tax form, any ideas?",tax_documents,tax_form_latest,{},employee
Can you help me find the tax documents for 2022?,tax_documents,tax_document_year,"{""year"": ""2022""}",employee
"I think I misplaced my tax documents for 2024, how can I retrieve them?",tax_documents,tax_document_year,"{""year"": ""2024""}",employee
Where can I access the tax form for the current year?,tax_documents,tax_form_latest,{},employee
What tax documents are necessary for 2023?,tax_documents,tax_document_year,"{""year"": ""2023""}",employee
Could you tell me where to find the latest tax form?,tax_documents,tax_form_latest,{},employee
"I need to check my tax documents for 2025, any guidance?",tax_documents,tax_document_year,"{""year"": ""2025""}",employee
Can you direct me to the latest tax form available?,tax_documents,tax_form_latest,{},employee
"What tax documents should I have for this year, 2025?",tax_documents,tax_document_year,"{""year"": ""2025""}",employee
Where do I go to find my latest tax form?,tax_documents,tax_form_latest,{},employee
Can you help me with the tax documents for 2024?,tax_documents,tax_document_year,"{""year"": ""2024""}",employee
What is the latest tax form I need to submit?,tax_documents,tax_form_latest,{},employee
"I think I need to retrieve my tax documents for 2023, how do I do that?",tax_documents,tax_document_year,"{""year"": ""2023""}",employee
Where can I find the current year's tax form?,tax_documents,tax_form_latest,{},employee
What tax documents are required for 2022?,tax_documents,tax_document_year,"{""year"": ""2022""}",employee
Can you provide information on the tax documents for 2024?,tax_documents,tax_document_year,"{""year"": ""2024""}",employee
"I need to find my tax documents for 2023, can you help?",tax_documents,tax_document_year,"{""year"": ""2023""}",employee
Where do I access the latest tax form?,tax_documents,tax_form_latest,{},employee
I'm looking for the latest tax form for our employees. Can you help me with that?,tax_documents,tax_form_latest,{},hr
What tax documents are required for 2024 for our staff?,tax_documents,tax_document_year,"{""year"": ""2024""}",hr
Can you point me to where I can find the tax form for last year for our team?,tax_documents,tax_form_latest,{},hr
"I think I need to check the tax documents for 2023 for our employees, can you assist?",tax_documents,tax_document_year,"{""year"": ""2023""}",hr
Is there a way to access the latest tax forms for our staff?,tax_documents,tax_form_latest,{},hr
What are the tax documents our employees should have for 2025?,tax_documents,tax_document_year,"{""year"": ""2025""}",hr
Where can I find the most recent tax form for our team?,tax_documents,tax_form_latest,{},hr
Could you remind me what tax documents our employees need for this year?,tax_documents,tax_document_year,"{""year"": ""2025""}",hr
"I need to know where to get the latest tax form for our staff, any ideas?",tax_documents,tax_form_latest,{},hr
I think I need to check my tax forms for the latest year. What do I need?,tax_documents,tax_form_latest,{},employee
Can you remind me which tax documents I should have for 2024?,tax_documents,tax_document_year,"{""year"": ""2024""}",employee
Where can I find my latest tax forms for this year?,tax_documents,tax_form_latest,{},employee
I believe I need my tax documents for 2023. Can you help?,tax_documents,tax_document_year,"{""year"": ""2023""}",employee
What are the latest tax forms available for employees?,tax_documents,tax_form_latest,{},employee
Could you provide me with the tax documents I need for 2022?,tax_documents,tax_document_year,"{""year"": ""2022""}",employee
I need to know where to access my latest tax forms. Any ideas?,tax_documents,tax_form_latest,{},employee
What tax documents should I have for the year 2021?,tax_documents,tax_document_year,"{""year"": ""2021""}",employee
Is there a way to get the latest tax forms for this year?,tax_documents,tax_form_latest,{},employee
Can you tell me what tax documents I need for 2020?,tax_documents,tax_document_year,"{""year"": ""2020""}",employee
Where do I find the latest tax forms for employees?,tax_documents,tax_form_latest,{},employee
Could you clarify what tax documents are required for 2019?,tax_documents,tax_document_year,"{""year"": ""2019""}",employee
I’m looking for the latest tax forms. Can you assist?,tax_documents,tax_form_latest,{},employee
What tax documents do I need to submit for 2018?,tax_documents,tax_document_year,"{""year"": ""2018""}",employee
Where can I access the latest tax forms for this year?,tax_documents,tax_form_latest,{},employee
Can you provide information on tax documents for 2025?,tax_documents,tax_document_year,"{""year"": ""2025""}",employee
What are the latest tax forms I should be aware of?,tax_documents,tax_form_latest,{},employee
I think I need to gather my tax documents for 2024. Any tips?,tax_documents,tax_document_year,"{""year"": ""2024""}",employee
Where might I find the latest tax forms for employees?,tax_documents,tax_form_latest,{},employee
Can you tell me what tax documents I should have for 2023?,tax_documents,tax_document_year,"{""year"": ""2023""}",employee
What’s the process to get the latest tax forms?,tax_documents,tax_form_latest,{},employee
Could you help me with tax documents for 2022?,tax_documents,tax_document_year,"{""year"": ""2022""}",employee
Where can I find the latest tax forms for this year?,tax_documents,tax_form_latest,{},employee
What tax documents do I need for 2021?,tax_documents,tax_document_year,"{""year"": ""2021""}",employee
Is there a way to access the latest tax forms for employees?,tax_documents,tax_form_latest,{},employee
Can you remind me what tax documents are required for 2020?,tax_documents,tax_document_year,"{""year"": ""2020""}",employee
Where do I find the latest tax forms for the current year?,tax_documents,tax_form_latest,{},employee
What tax documents should I have for 2019?,tax_documents,tax_document_year,"{""year"": ""2019""}",employee
Can you assist me in locating the latest tax forms?,tax_documents,tax_form_latest,{},employee
Can you provide me with the tax documents I need for 2025?,tax_documents,tax_document_year,"{""year"": ""2025""}",employee
Could you clarify what tax documents are required for 2024?,tax_documents,tax_document_year,"{""year"": ""2024""}",employee
What tax documents do I need for 2023?,tax_documents,tax_document_year,"{""year"": ""2023""}",employee
I need to check if my tax form for the latest year is available. Any idea?,tax_documents,tax_form_latest,{},employee
Is there a way to access my tax documents from 2021?,tax_documents,tax_document_year,"{""year"": ""2021""}",employee
Where can I locate my latest tax form?,tax_documents,tax_form_latest,{},employee
"I think I might need my tax documents for 2020, can you assist?",tax_documents,tax_document_year,"{""year"": ""2020""}",employee
Could you tell me if my tax form for the current year is ready?,tax_documents,tax_form_latest,{},employee
Can I get a copy of my tax documents from last year?,tax_documents,tax_document_year,"{""year"": ""2021""}",employee
I’m looking for my latest tax form. Where should I go?,tax_documents,tax_form_latest,{},employee
Do you know how to retrieve tax documents for 2023?,tax_documents,tax_document_year,"{""year"": ""2023""}",employee
Is my tax form for the previous year still accessible?,tax_documents,tax_form_latest,{},employee
I need to find my tax documents for 2024. Any suggestions?,tax_documents,tax_document_year,"{""year"": ""2024""}",employee
Can you confirm if my latest tax form is available?,tax_documents,tax_form_latest,{},employee
"I think my tax documents from 2022 are missing, can you check?",tax_documents,tax_document_year,"{""year"": ""2022""}",employee
Where do I go to access my tax form for this year?,tax_documents,tax_form_latest,{},employee
Could you assist me in locating my tax documents for 2021?,tax_documents,tax_document_year,"{""year"": ""2021""}",employee
I need to verify if my latest tax form is uploaded. Can you help?,tax_documents,tax_form_latest,{},employee
Can I check the status of my tax documents for 2023?,tax_documents,tax_document_year,"{""year"": ""2023""}",employee
Is there a place where I can find my latest tax form?,tax_documents,tax_form_latest,{},employee
"I’m trying to locate my tax documents for 2020, any tips?",tax_documents,tax_document_year,"{""year"": ""2020""}",employee
Can you tell me if my tax form for last year is still available?,tax_documents,tax_form_latest,{},employee
I think I need to access my tax documents for 2022. How can I do that?,tax_documents,tax_document_year,"{""year"": ""2022""}",employee
Could you help me with my tax documents from 2021?,tax_documents,tax_document_year,"{""year"": ""2021""}",employee
Is my latest tax form ready for viewing?,tax_documents,tax_form_latest,{},employee
I need to check if my tax documents for 2023 are available. Can you assist?,tax_documents,tax_document_year,"{""year"": ""2023""}",employee
Can you help me find my tax documents for 2024?,tax_documents,tax_document_year,"{""year"": ""2024""}",employee
Is there a way to check if my latest tax form is uploaded?,tax_documents,tax_form_latest,{},employee
"I think I might need my tax documents from 2022, where can I find them?",tax_documents,tax_document_year,"{""year"": ""2022""}",employee
Can you tell me how to access my latest tax form?,tax_documents,tax_form_latest,{},employee
I need to retrieve my tax documents for the year 2021. Any ideas?,tax_documents,tax_document_year,"{""year"": ""2021""}",employee
Could you confirm if my latest tax form is available for download?,tax_documents,tax_form_latest,{},employee
Where can I find my tax documents for 2023?,tax_documents,tax_document_year,"{""year"": ""2023""}",employee
"I need to check on my tax documents for 2020, can you help?",tax_documents,tax_document_year,"{""year"": ""2020""}",employee
Can you guide me on how to find my latest tax form?,tax_documents,tax_form_latest,{},employee
Could you assist me in finding my tax documents from 2021?,tax_documents,tax_document_year,"{""year"": ""2021""}",employee
I’m looking for my latest tax form. Where should I check?,tax_documents,tax_form_latest,{},employee
Can you help me with accessing my tax documents for 2024?,tax_documents,tax_document_year,"{""year"": ""2024""}",employee
Is there a way to check if my latest tax form is ready?,tax_documents,tax_form_latest,{},employee
Can you tell me what tax documents I need for the year 2025?,tax_documents,tax_document_year,"{""year"": ""2025""}",employee
I'm looking for the latest tax form I should use. Any idea?,tax_documents,tax_form_latest,{},employee
What tax documents do I need to submit for 2024?,tax_documents,tax_document_year,"{""year"": ""2024""}",employee
Could you help me find the most recent tax form?,tax_documents,tax_form_latest,{},employee
"I think I need my tax documents for last year, can you confirm?",tax_documents,tax_document_year,"{""year"": ""2023""}",employee
Where can I find the latest tax form for filing?,tax_documents,tax_form_latest,{},employee
What are the tax documents required for the year 2023?,tax_documents,tax_document_year,"{""year"": ""2023""}",employee
Could you remind me what tax documents I need for 2022?,tax_documents,tax_document_year,"{""year"": ""2022""}",employee
I heard there’s a new tax form; can you provide details?,tax_documents,tax_form_latest,{},employee
What tax documents do I need to prepare for 2025?,tax_documents,tax_document_year,"{""year"": ""2025""}",employee
Can you check if there's a new tax form available?,tax_documents,tax_form_latest,{},employee
"I need to know the tax documents for the year 2021, please.",tax_documents,tax_document_year,"{""year"": ""2021""}",employee
Is there a latest tax form I should be aware of?,tax_documents,tax_form_latest,{},employee
What tax documents should I have for the year 2020?,tax_documents,tax_document_year,"{""year"": ""2020""}",employee
Can you tell me if there's a new version of the tax form?,tax_documents,tax_form_latest,{},employee
"I think I misplaced my tax documents for 2025, can you help?",tax_documents,tax_document_year,"{""year"": ""2025""}",employee
What tax documents do I need for filing in 2024?,tax_documents,tax_document_year,"{""year"": ""2024""}",employee
Could you check if the latest tax form is available?,tax_documents,tax_form_latest,{},employee
What are the tax documents I should prepare for 2023?,tax_documents,tax_document_year,"{""year"": ""2023""}",employee
Is there a new tax form I need to fill out?,tax_documents,tax_form_latest,{},employee
Can you tell me the tax documents for the year 2022?,tax_documents,tax_document_year,"{""year"": ""2022""}",employee
I’m unsure if I have the latest tax form; can you verify?,tax_documents,tax_form_latest,{},employee
Is there an updated tax form I should be using?,tax_documents,tax_form_latest,{},employee
Can you remind me what tax documents I need for 2020?,tax_documents,tax_document_year,"{""year"": ""2020""}",employee
Is there a specific tax form I should be aware of?,tax_documents,tax_form_latest,{},employee
Could you provide the tax documents I need for 2024?,tax_documents,tax_document_year,"{""year"": ""2024""}",employee
Can you check if there’s a new tax form I should use?,tax_documents,tax_form_latest,{},employee
Is there an updated tax form I should be looking for?,tax_documents,tax_form_latest,{},employee
What are the tax documents I need for 2022?,tax_documents,tax_document_year,"{""year"": ""2022""}",employee
Can you tell me if the latest tax form is out?,tax_documents,tax_form_latest,{},employee
What tax documents do I need for filing in 2021?,tax_documents,tax_document_year,"{""year"": ""2021""}",employee
What tax documents are required for the year 2024?,tax_documents,tax_document_year,"{""year"": ""2024""}",employee
Can you help me find the most recent tax form?,tax_documents,tax_form_latest,{},employee
I think I need the tax documents for 2023. Can you confirm?,tax_documents,tax_document_year,"{""year"": ""2023""}",employee
What are the tax documents I should have for 2022?,tax_documents,tax_document_year,"{""year"": ""2022""}",employee
Is there a specific tax form I need to fill out for this year?,tax_documents,tax_form_latest,{},employee
Could you remind me what tax documents I need for 2021?,tax_documents,tax_document_year,"{""year"": ""2021""}",employee
I heard there’s a new tax form available. Can you provide details?,tax_documents,tax_form_latest,{},employee
What tax documents should I have ready for the year 2025?,tax_documents,tax_document_year,"{""year"": ""2025""}",employee
Can you tell me if there’s an updated tax form for this year?,tax_documents,tax_form_latest,{},employee
I need to know the tax documents for the year 2020. Any guidance?,tax_documents,tax_document_year,"{""year"": ""2020""}",employee
Where do I find the latest tax form for 2025?,tax_documents,tax_form_latest,{},employee
What tax documents are necessary for 2019?,tax_documents,tax_document_year,"{""year"": ""2019""}",employee
Can you help me with the tax documents I need for 2025?,tax_documents,tax_document_year,"{""year"": ""2025""}",employee
I think I missed the latest tax form update. What is it?,tax_documents,tax_form_latest,{},employee
What tax documents do I need to prepare for 2024?,tax_documents,tax_document_year,"{""year"": ""2024""}",employee
What are the tax documents I should have for 2023?,tax_documents,tax_document_year,"{""year"": ""2023""}",employee
Is there a specific tax form I need for the current year?,tax_documents,tax_form_latest,{},employee
Can you confirm the tax documents required for 2022?,tax_documents,tax_document_year,"{""year"": ""2022""}",employee
Where can I find the most recent tax form for 2021?,tax_documents,tax_form_latest,{},employee
What tax documents should I prepare for 2020?,tax_documents,tax_document_year,"{""year"": ""2020""}",employee
Is there an updated tax form for this year?,tax_documents,tax_form_latest,{},employee
Can you help me with the tax documents I need for 2021?,tax_documents,tax_document_year,"{""year"": ""2021""}",employee
I need to know the latest tax form available. Can you assist?,tax_documents,tax_form_latest,{},employee
What tax documents do I need for the year 2019?,tax_documents,tax_document_year,"{""year"": ""2019""}",employee
Is there a new tax form I should be looking for?,tax_documents,tax_form_latest,{},employee
Could you tell me what tax documents I need for 2025?,tax_documents,tax_document_year,"{""year"": ""2025""}",hr
I'm looking for the latest tax form I should use for my team. Any idea?,tax_documents,tax_form_latest,{},hr
What tax documents are required for the year 2024 for my reports?,tax_documents,tax_document_year,"{""year"": ""2024""}",hr
Can you help me find the most recent tax form for our employees?,tax_documents,tax_form_latest,{},hr
I think I need the tax documents for 2023 for my records. Can you confirm?,tax_documents,tax_document_year,"{""year"": ""2023""}",hr
Where can I access the latest tax form for our department?,tax_documents,tax_form_latest,{},hr
What are the tax documents I should have for 2022 for compliance?,tax_documents,tax_document_year,"{""year"": ""2022""}",hr
Is there a specific tax form I need to fill out for this year for our staff?,tax_documents,tax_form_latest,{},hr
Could you remind me what tax documents I need for 2021 for audits?,tax_documents,tax_document_year,"{""year"": ""2021""}",hr
I heard there’s a new tax form available for employees. Can you provide details?,tax_documents,tax_form_latest,{},hr
What tax documents should I have ready for the year 2025 for reporting?,tax_documents,tax_document_year,"{""year"": ""2025""}",hr
Can you tell me if there’s an updated tax form for this year for HR?,tax_documents,tax_form_latest,{},hr
I need to know the tax documents for the year 2020 for our records. Any guidance?,tax_documents,tax_document_year,"{""year"": ""2020""}",hr
Where do I find the latest tax form for 2025 for our team?,tax_documents,tax_form_latest,{},hr
What tax documents are necessary for 2019 for our files?,tax_documents,tax_document_year,"{""year"": ""2019""}",hr
Is there a new tax form I should be aware of for HR?,tax_documents,tax_form_latest,{},hr
Is there a way to access my tax forms for the last year?,tax_documents,tax_form_latest,{},employee
Can you provide me with the tax documents for 2023?,tax_documents,tax_document_year,"{""year"": ""2023""}",employee
I need to check if my tax form for this year is available.,tax_documents,tax_form_latest,{},employee
Could you let me know where I can find my tax form for last year?,tax_documents,tax_form_latest,{},employee
I was wondering about the tax documents for the year 2022.,tax_documents,tax_document_year,"{""year"": ""2022""}",employee
Can I get a copy of my latest tax form?,tax_documents,tax_form_latest,{},employee
What do I need for my tax documents in 2025?,tax_documents,tax_document_year,"{""year"": ""2025""}",employee
Is my tax form for 2023 ready for download?,tax_documents,tax_form_latest,{},employee
Can you tell me what tax documents I should have for 2024?,tax_documents,tax_document_year,"{""year"": ""2024""}",employee
I need to know about tax documents for the year 2023.,tax_documents,tax_document_year,"{""year"": ""2023""}",employee
Could you help me locate my tax form for last year?,tax_documents,tax_form_latest,{},employee
What tax documents are needed for 2025?,tax_documents,tax_document_year,"{""year"": ""2025""}",employee
Is there a way to check if my tax form for 2023 is available?,tax_documents,tax_form_latest,{},employee
Can you provide information on tax documents for 2024?,tax_documents,tax_document_year,"{""year"": ""2024""}",employee
"I think I need to find my latest tax form, where should I look?",tax_documents,tax_form_latest,{},employee
Can I access my tax form for this year online?,tax_documents,tax_form_latest,{},employee
Is my tax form for 2024 available for download?,tax_documents,tax_form_latest,{},employee
Could you tell me what I need for tax documents in 2023?,tax_documents,tax_document_year,"{""year"": ""2023""}",employee
Where can I check for my latest tax form?,tax_documents,tax_form_latest,{},employee
Can you help me find my tax form for last year?,tax_documents,tax_form_latest,{},employee
What are the requirements for tax documents in 2025?,tax_documents,tax_document_year,"{""year"": ""2025""}",employee
Is my tax form for 2023 ready yet?,tax_documents,tax_form_latest,{},employee
Can you provide me with the tax documents needed for 2024?,tax_documents,tax_document_year,"{""year"": ""2024""}",employee
Where do I find my latest tax form?,tax_documents,tax_form_latest,{},employee
What tax documents are necessary for 2022?,tax_documents,tax_document_year,"{""year"": ""2022""}",employee
Can I check if my tax form for this year is ready?,tax_documents,tax_form_latest,{},employee
What do I need for tax documents for 2025?,tax_documents,tax_document_year,"{""year"": ""2025""}",employee
Is my tax form for 2024 available yet?,tax_documents,tax_form_latest,{},employee
Could you let me know what tax documents I should have for 2023?,tax_documents,tax_document_year,"{""year"": ""2023""}",employee
What tax documents do I need for 2024?,tax_documents,tax_document_year,"{""year"": ""2024""}",employee
I'm looking for the latest tax form I need to submit. Any idea where I can find it?,tax_documents,tax_form_latest,{},employee
Is there a way to access my tax forms for the previous year?,tax_documents,tax_form_latest,"{""year"": ""2022""}",employee
I think I need the tax documents for 2021. Can you assist?,tax_documents,tax_document_year,"{""year"": ""2021""}",employee
Could you remind me what tax documents I need to submit for 2024?,tax_documents,tax_document_year,"{""year"": ""2024""}",employee
I believe my tax form for last year is missing. How can I retrieve it?,tax_documents,tax_form_latest,"{""year"": ""2022""}",employee
What are the tax documents I should be looking for in 2025?,tax_documents,tax_document_year,"{""year"": ""2025""}",employee
Can you help me locate my tax form for 2023?,tax_documents,tax_form_latest,{},employee
I need to check on my tax documents for the year 2020. Any suggestions?,tax_documents,tax_document_year,"{""year"": ""2020""}",employee
Where do I go to find the latest tax form for this year?,tax_documents,tax_form_latest,{},employee
Could you point me to my tax documents for 2022?,tax_documents,tax_document_year,"{""year"": ""2022""}",employee
I think I misplaced my tax form for last year. How can I get another copy?,tax_documents,tax_form_latest,"{""year"": ""2022""}",employee
What tax documents should I have ready for 2024?,tax_documents,tax_document_year,"{""year"": ""2024""}",employee
Can you tell me where to find my tax form for 2023?,tax_documents,tax_form_latest,{},employee
I need to verify my tax documents for the year 2021. Can you assist?,tax_documents,tax_document_year,"{""year"": ""2021""}",employee
Is there a way to access my tax form for 2022?,tax_documents,tax_form_latest,"{""year"": ""2022""}",employee
"What tax documents do I need for the upcoming year, 2025?",tax_documents,tax_document_year,"{""year"": ""2025""}",employee
Could you help me find the latest tax form I need for this year?,tax_documents,tax_form_latest,{},employee
I think I need to check on my tax documents for 2020. Can you help?,tax_documents,tax_document_year,"{""year"": ""2020""}",employee
Where can I locate my tax form for the year 2023?,tax_documents,tax_form_latest,{},employee
Can you remind me what tax documents I should have for 2024?,tax_documents,tax_document_year,"{""year"": ""2024""}",employee
I need to check if my tax form for the latest year is available. Can you assist?,tax_documents,tax_form_latest,{},employee
Where can I find the latest tax form I need to submit?,tax_documents,tax_form_latest,{},employee
I think I misplaced my tax documents from 2020. Any chance I can retrieve them?,tax_documents,tax_document_year,"{""year"": ""2020""}",employee
Can you tell me if my tax form for this year is ready?,tax_documents,tax_form_latest,{},employee
What year tax documents are currently accessible to me?,tax_documents,tax_document_year,{},employee
Could you provide the latest tax form I should be using?,tax_documents,tax_form_latest,{},employee
I need to verify if my tax documents for 2023 are available. Can you check?,tax_documents,tax_document_year,"{""year"": ""2023""}",employee
Can you help me locate the tax form for the current year?,tax_documents,tax_form_latest,{},employee
What is the process to obtain my tax documents for 2019?,tax_documents,tax_document_year,"{""year"": ""2019""}",employee
Is there a specific place where I can download the latest tax form?,tax_documents,tax_form_latest,{},employee
I think I need to check my tax documents for 2024. Are they available?,tax_documents,tax_document_year,"{""year"": ""2024""}",employee
Where do I go to find the most recent tax form?,tax_documents,tax_form_latest,{},employee
Could you confirm if my tax documents from 2018 can still be accessed?,tax_documents,tax_document_year,"{""year"": ""2018""}",employee
Can you tell me how to get the latest tax form for this year?,tax_documents,tax_form_latest,{},employee
I need to check if my tax documents for 2025 are ready. Can you assist?,tax_documents,tax_document_year,"{""year"": ""2025""}",employee
I believe my tax documents for 2017 might be missing. Can you help?,tax_documents,tax_document_year,"{""year"": ""2017""}",employee
Could you guide me to where I can find the latest tax form?,tax_documents,tax_form_latest,{},employee
I need to know if my tax documents for 2026 are available yet. Can you check?,tax_documents,tax_document_year,"{""year"": ""2026""}",employee
Can you help me find out if my tax documents from 2016 are still retrievable?,tax_documents,tax_document_year,"{""year"": ""2016""}",employee
What is the latest tax form I need to submit for this year?,tax_documents,tax_form_latest,{},employee
Could you check if my tax documents for 2027 are accessible?,tax_documents,tax_document_year,"{""year"": ""2027""}",employee
Where can I locate the latest tax form for submission?,tax_documents,tax_form_latest,{},employee
Can you confirm if my tax documents from 2015 are retrievable?,tax_documents,tax_document_year,"{""year"": ""2015""}",employee
What is the current tax form I should be using?,tax_documents,tax_form_latest,{},employee
I need to find my tax documents for 2014. Are they still available?,tax_documents,tax_document_year,"{""year"": ""2014""}",employee
Can you help me get the latest tax form for this year?,tax_documents,tax_form_latest,{},employee
Could you check if my tax documents for 2028 are available?,tax_documents,tax_document_year,"{""year"": ""2028""}",employee
Where do I find the most recent tax form I need?,tax_documents,tax_form_latest,{},employee
Can you verify if my tax documents from 2013 are still accessible?,tax_documents,tax_document_year,"{""year"": ""2013""}",employee
What is the latest tax form I should be aware of for this year?,tax_documents,tax_form_latest,{},employee
I think I need to check my tax documents for 2012. Are they still retrievable?,tax_documents,tax_document_year,"{""year"": ""2012""}",employee
Could you guide me to the latest tax form I need to submit?,tax_documents,tax_form_latest,{},employee
Can you help me find my tax documents for 2011? Are they still available?,tax_documents,tax_document_year,"{""year"": ""2011""}",employee
I need to check if my latest tax form is available. Any idea?,tax_documents,tax_form_latest,{},employee
Is there a way to access my tax documents for the year 2023?,tax_documents,tax_document_year,"{""year"": ""2023""}",employee
Where can I find the most recent tax form I need?,tax_documents,tax_form_latest,{},employee
I think I might have missed my tax documents for 2021. Can you confirm?,tax_documents,tax_document_year,"{""year"": ""2021""}",employee
What year tax documents do I have access to?,tax_documents,tax_document_year,{},employee
Could you check if the latest tax form is uploaded?,tax_documents,tax_form_latest,{},employee
I need to verify my tax documents for 2020. Where should I look?,tax_documents,tax_document_year,"{""year"": ""2020""}",employee
Is my tax form for last year available for download?,tax_documents,tax_form_latest,{},employee
Can you help me locate my tax documents for 2019?,tax_documents,tax_document_year,"{""year"": ""2019""}",employee
I’m wondering if the latest tax form has been issued yet?,tax_documents,tax_form_latest,{},employee
What’s the process to access my tax documents for 2024?,tax_documents,tax_document_year,"{""year"": ""2024""}",employee
Could you let me know if my latest tax form is ready?,tax_documents,tax_form_latest,{},employee
I think my tax documents for 2022 are missing. Can you check?,tax_documents,tax_document_year,"{""year"": ""2022""}",employee
Is there a way to get the latest tax form for this year?,tax_documents,tax_form_latest,{},employee
Can you confirm if my tax documents for 2021 are accessible?,tax_documents,tax_document_year,"{""year"": ""2021""}",employee
I need to know if my tax documents for 2023 are available yet.,tax_documents,tax_document_year,"{""year"": ""2023""}",employee
Can you check if the latest tax form is uploaded for this year?,tax_documents,tax_form_latest,{},employee
What years of tax documents can I access?,tax_documents,tax_document_year,{},employee
Could you help me find out if my latest tax form is ready?,tax_documents,tax_form_latest,{},employee
I need to check if my tax documents for 2020 are available.,tax_documents,tax_document_year,"{""year"": ""2020""}",employee
Is the latest tax form for this year available for me?,tax_documents,tax_form_latest,{},employee
Can you tell me how to access my tax documents for 2019?,tax_documents,tax_document_year,"{""year"": ""2019""}",employee
I’m looking for the latest tax form. Is it out yet?,tax_documents,tax_form_latest,{},employee
Can you confirm if my tax documents for 2024 are ready?,tax_documents,tax_document_year,"{""year"": ""2024""}",employee
I think I need to check my tax documents for 2022. Can you assist?,tax_documents,tax_document_year,"{""year"": ""2022""}",employee
Is my latest tax form available for download?,tax_documents,tax_form_latest,{},employee
Can you help me locate my tax documents for 2023?,tax_documents,tax_document_year,"{""year"": ""2023""}",employee
"I think I need the latest tax form, can you help with that?",tax_documents,tax_form_latest,{},employee
Can you remind me what tax documents I should prepare for 2025?,tax_documents,tax_document_year,"{""year"": ""2025""}",employee
"I need to check if the latest tax form is available, any idea?",tax_documents,tax_form_latest,{},employee
What are the tax documents I need for the upcoming year?,tax_documents,tax_document_year,"{""year"": ""2025""}",employee
Is the latest tax form ready for download?,tax_documents,tax_form_latest,{},employee
Can you provide me with the tax documents for 2025?,tax_documents,tax_document_year,"{""year"": ""2025""}",employee
"I think I might need the latest tax form, where can I find it?",tax_documents,tax_form_latest,{},employee
Could you let me know if the latest tax form has been released?,tax_documents,tax_form_latest,{},employee
Can you tell me what tax documents I need to prepare for next year?,tax_documents,tax_document_year,"{""year"": ""2025""}",employee
I was wondering if the latest tax form is available yet?,tax_documents,tax_form_latest,{},employee
What tax documents are necessary for the year 2025?,tax_documents,tax_document_year,"{""year"": ""2025""}",employee
Could you check if the latest tax form is posted online?,tax_documents,tax_form_latest,{},employee
Can you remind me of the tax documents I need for 2025?,tax_documents,tax_document_year,"{""year"": ""2025""}",employee
What tax documents do I need to be aware of for the upcoming year?,tax_documents,tax_document_year,"{""year"": ""2025""}",employee
Is the latest tax form ready for employees to access?,tax_documents,tax_form_latest,{},employee
Can you provide details on the tax documents required for 2025?,tax_documents,tax_document_year,"{""year"": ""2025""}",employee
"I need to know if the latest tax form has been updated, any info?",tax_documents,tax_form_latest,{},employee
What are the tax documents I should gather for next year?,tax_documents,tax_document_year,"{""year"": ""2025""}",employee
Is the latest tax form available for download yet?,tax_documents,tax_form_latest,{},employee
Is the latest tax form posted online for employees?,tax_documents,tax_form_latest,{},employee
"I think I need to check if the latest tax form is available, any idea?",tax_documents,tax_form_latest,{},employee
What tax documents should I prepare for the year 2025?,tax_documents,tax_document_year,"{""year"": ""2025""}",employee
Could you let me know if the latest tax form is ready?,tax_documents,tax_form_latest,{},employee
What tax documents do I need for filing in 2025?,tax_documents,tax_document_year,"{""year"": ""2025""}",employee
I’m looking for the latest tax form I should use for this year. Any idea?,tax_documents,tax_form_latest,{},employee
I think I need to check my tax documents for the year 2025. Where can I find them?,tax_documents,tax_document_year,"{""year"": ""2025""}",employee
Is there a specific tax form I should be looking for this year?,tax_documents,tax_form_latest,{},employee
What are the tax documents I need to submit for 2025?,tax_documents,tax_document_year,"{""year"": ""2025""}",employee
Can you point me to the latest tax form I should fill out?,tax_documents,tax_form_latest,{},employee
I’m not sure if I have the right tax documents for 2025. Can you clarify?,tax_documents,tax_document_year,"{""year"": ""2025""}",employee
Do I need to prepare any specific tax documents for 2025?,tax_documents,tax_document_year,"{""year"": ""2025""}",employee
What’s the latest tax form I should be aware of?,tax_documents,tax_form_latest,{},employee
Could you remind me what tax documents are needed for the year 2025?,tax_documents,tax_document_year,"{""year"": ""2025""}",employee
"I think I need the latest tax form, but I'm not sure where to find it. Any suggestions?",tax_documents,tax_form_latest,{},employee
What tax documents do I have to submit for the year 2025?,tax_documents,tax_document_year,"{""year"": ""2025""}",employee
Can you tell me which tax form is the most recent?,tax_documents,tax_form_latest,{},employee
I’m trying to figure out what tax documents I need for 2025. Can you help?,tax_documents,tax_document_year,"{""year"": ""2025""}",employee
What are the tax documents I need to be aware of for 2025?,tax_documents,tax_document_year,"{""year"": ""2025""}",employee
Could you provide me with the latest tax form information?,tax_documents,tax_form_latest,{},employee
I think I might be missing some tax documents for 2025. Can you check?,tax_documents,tax_document_year,"{""year"": ""2025""}",employee
What’s the latest tax form I should be using?,tax_documents,tax_form_latest,{},employee
Can you clarify what tax documents are necessary for 2025?,tax_documents,tax_document_year,"{""year"": ""2025""}",employee
I need to know what tax documents I should prepare for 2025. Any guidance?,tax_documents,tax_document_year,"{""year"": ""2025""}",employee
What’s the latest tax form I need to be aware of?,tax_documents,tax_form_latest,{},employee
Can you tell me the tax documents I need for the year 2025?,tax_documents,tax_document_year,"{""year"": ""2025""}",employee
I’m looking for the latest tax form. Where can I find it?,tax_documents,tax_form_latest,{},employee
What tax documents should I be preparing for 2025?,tax_documents,tax_document_year,"{""year"": ""2025""}",employee
What are the required tax documents for 2025?,tax_documents,tax_document_year,"{""year"": ""2025""}",employee
Can you remind me what tax documents are needed for 2025?,tax_documents,tax_document_year,"{""year"": ""2025""}",employee
I think I need to check my tax documents for 2025. Where can I find them?,tax_documents,tax_document_year,"{""year"": ""2025""}",employee
Can you help me find the latest tax form I should use?,tax_documents,tax_form_latest,{},employee
I’m looking for the tax documents I need for 2025. Can you assist?,tax_documents,tax_document_year,"{""year"": ""2025""}",employee
I was wondering if my tax forms for the latest year are available yet?,tax_documents,tax_form_latest,{},employee
Can you confirm the tax documents required for 2025?,tax_documents,tax_document_year,"{""year"": ""2025""}",employee
Is there a way to access the latest tax forms for this year?,tax_documents,tax_form_latest,{},employee
Could you help me locate my tax documents for 2025?,tax_documents,tax_document_year,"{""year"": ""2025""}",employee
Where can I find the latest tax forms?,tax_documents,tax_form_latest,{},employee
I need to know what tax documents are needed for the year 2025. Any ideas?,tax_documents,tax_document_year,"{""year"": ""2025""}",employee
Are the latest tax forms available for download?,tax_documents,tax_form_latest,{},employee
Can I get information on the tax documents required for 2025?,tax_documents,tax_document_year,"{""year"": ""2025""}",employee
What’s the status of the latest tax forms?,tax_documents,tax_form_latest,{},employee
I believe I need my tax documents for the year 2025. Can you assist?,tax_documents,tax_document_year,"{""year"": ""2025""}",employee
Could you let me know if the latest tax forms are ready?,tax_documents,tax_form_latest,{},employee
Are the latest tax forms published yet?,tax_documents,tax_form_latest,{},employee
Can you provide details on the tax documents for 2025?,tax_documents,tax_document_year,"{""year"": ""2025""}",employee
Is there a list of the latest tax forms I should check?,tax_documents,tax_form_latest,{},employee
I think I need to review my tax documents for 2025. Where should I look?,tax_documents,tax_document_year,"{""year"": ""2025""}",employee
What’s the latest on the tax forms for this year?,tax_documents,tax_form_latest,{},employee
Can you remind me what tax documents are necessary for 2025?,tax_documents,tax_document_year,"{""year"": ""2025""}",employee
Are the latest tax forms accessible online?,tax_documents,tax_form_latest,{},employee
Could you clarify what tax documents I should have for 2025?,tax_documents,tax_document_year,"{""year"": ""2025""}",employee
Is there a way to find the latest tax forms easily?,tax_documents,tax_form_latest,{},employee
Are the latest tax forms available for employees?,tax_documents,tax_form_latest,{},employee
"I think I need the latest tax form, can you help me find it?",tax_documents,tax_form_latest,{},employee
Can you remind me when my tax documents for 2024 were last updated?,tax_documents,tax_document_year,"{""year"": ""2024""}",hr
Where can I check the latest tax forms for our team?,tax_documents,tax_form_latest,{},hr
Could you help me locate my tax documents for the year 2025?,tax_documents,tax_document_year,"{""year"": ""2025""}",employee
Could you tell me about the health insurance options available to us?,benefits_query,benefits_insurance,"{""insurance_type"": ""health""}",employee
What are the perks that come with my position?,benefits_query,benefits_perks,{},employee
I'm curious about the dental insurance coverage we have. Can you provide details?,benefits_query,benefits_insurance,"{""insurance_type"": ""dental""}",employee
Is there a way to check what benefits I am currently enrolled in?,benefits_query,benefits_perks,{},employee
Can you remind me what the retirement plan options are?,benefits_query,benefits_insurance,"{""insurance_type"": ""retirement""}",employee
I think I need to review my benefits package; where can I find that?,benefits_query,benefits_perks,{},employee
What types of insurance are offered to employees?,benefits_query,benefits_insurance,{},employee
Could you clarify what wellness benefits we have?,benefits_query,benefits_perks,{},employee
Is there a specific contact for questions about our benefits?,benefits_query,benefits_perks,{},employee
What are the eligibility requirements for the life insurance policy?,benefits_query,benefits_insurance,"{""insurance_type"": ""life""}",employee
Can you provide a summary of the benefits available to new hires?,benefits_query,benefits_perks,{},hr
I need to know if there are any changes to our health benefits this year.,benefits_query,benefits_insurance,"{""year"": ""2025""}",hr
What is the process for opting into the 401(k) plan?,benefits_query,benefits_insurance,"{""insurance_type"": ""401(k)""}",employee
Could you let me know when the benefits enrollment period starts?,benefits_query,benefits_perks,{},employee
Are there any updates on the maternity leave benefits?,benefits_query,benefits_perks,{},hr
Can you tell me about the short-term disability insurance options?,benefits_query,benefits_insurance,"{""insurance_type"": ""short-term disability""}",employee
What are the key benefits for part-time employees?,benefits_query,benefits_perks,{},hr
I heard there are new wellness programs; can you provide details?,benefits_query,benefits_perks,{},employee
What kind of insurance coverage do we have for dependents?,benefits_query,benefits_insurance,"{""insurance_type"": ""dependent""}",employee
Could you explain the process for filing a claim on our health insurance?,benefits_query,benefits_insurance,{},employee
I think I missed the deadline for benefits enrollment; what should I do?,benefits_query,benefits_perks,{},employee
Can you confirm if we have any tuition reimbursement benefits?,benefits_query,benefits_perks,{},hr
What are the options for long-term care insurance?,benefits_query,benefits_insurance,"{""insurance_type"": ""long-term care""}",employee
Can you provide information on the employee assistance program?,benefits_query,benefits_perks,{},employee
What benefits do we have for remote employees?,benefits_query,benefits_perks,{},hr
Is there a way to view my benefits summary online?,benefits_query,benefits_perks,{},employee
What are the health benefits for employees who work part-time?,benefits_query,benefits_insurance,{},hr
Can you tell me what the life insurance policy covers?,benefits_query,benefits_insurance,"{""insurance_type"": ""life""}",employee
I need to check if my family is covered under our health plan.,benefits_query,benefits_insurance,"{""insurance_type"": ""health""}",employee
What are the criteria for the wellness program participation?,benefits_query,benefits_perks,{},employee
Can you provide the details of the vision insurance coverage?,benefits_query,benefits_insurance,"{""insurance_type"": ""vision""}",employee
I think I need to update my emergency contact for benefits; how do I do that?,benefits_query,benefits_perks,{},employee
What are the recent changes to our benefits package?,benefits_query,benefits_perks,{},hr
Can you tell me about the benefits available for interns?,benefits_query,benefits_perks,{},hr
What is the coverage for mental health services under our insurance?,benefits_query,benefits_insurance,"{""insurance_type"": ""mental health""}",employee
Are there any specific benefits for employees with disabilities?,benefits_query,benefits_perks,{},hr
Could you let me know if there are any upcoming changes to our health insurance?,benefits_query,benefits_insurance,{},hr
What are the options for supplemental insurance?,benefits_query,benefits_insurance,{},employee
Can you provide a list of all the available benefits?,benefits_query,benefits_perks,{},hr
I was wondering what perks we have as employees. Can you provide details?,benefits_query,benefits_perks,"{""perk_type"": ""general""}",employee
What are the details regarding our dental insurance coverage?,benefits_query,benefits_insurance,"{""insurance_type"": ""dental""}",employee
Is there a list of employee benefits I can access somewhere?,benefits_query,benefits_perks,"{""perk_type"": ""general""}",employee
I think I might have missed the details on our life insurance policy. Can you help?,benefits_query,benefits_insurance,"{""insurance_type"": ""life""}",employee
What kind of wellness programs does the company offer?,benefits_query,benefits_perks,"{""perk_type"": ""wellness""}",employee
Could you clarify the eligibility criteria for the tuition reimbursement program?,benefits_query,benefits_perks,"{""perk_type"": ""tuition_reimbursement""}",employee
I heard there's a new employee discount program. Can you provide more info?,benefits_query,benefits_perks,"{""perk_type"": ""discounts""}",employee
What are the specifics of our short-term disability insurance?,benefits_query,benefits_insurance,"{""insurance_type"": ""short_term_disability""}",employee
Can you let me know if there are any updates on our benefits package?,benefits_query,benefits_perks,"{""perk_type"": ""general""}",employee
I think I need to check the coverage limits for our health insurance. Where can I find that?,benefits_query,benefits_insurance,"{""insurance_type"": ""health""}",employee
What are the options for family health coverage under our plan?,benefits_query,benefits_insurance,"{""insurance_type"": ""family_health""}",employee
Is there a way to view the benefits summary for this year?,benefits_query,benefits_perks,"{""perk_type"": ""summary""}",employee
Could you tell me about the maternity leave benefits we have?,benefits_query,benefits_perks,"{""perk_type"": ""maternity_leave""}",employee
I need to know if there are any changes to our vision insurance this year. Can you help?,benefits_query,benefits_insurance,"{""insurance_type"": ""vision""}",employee
What are the details regarding the employee assistance program?,benefits_query,benefits_perks,"{""perk_type"": ""assistance_program""}",employee
Can I find out what the company policy is on remote work benefits?,benefits_query,benefits_perks,"{""perk_type"": ""remote_work""}",employee
I think I need to review the benefits enrollment deadlines. Where can I check that?,benefits_query,benefits_perks,"{""perk_type"": ""enrollment_deadlines""}",employee
What are the options for supplemental insurance that we can enroll in?,benefits_query,benefits_insurance,"{""insurance_type"": ""supplemental""}",employee
Could you provide information on the health savings account options?,benefits_query,benefits_insurance,"{""insurance_type"": ""hsa""}",employee
I heard there are new benefits for pet insurance. Can you confirm?,benefits_query,benefits_insurance,"{""insurance_type"": ""pet""}",employee
What are the benefits related to our employee stock purchase plan?,benefits_query,benefits_perks,"{""perk_type"": ""stock_purchase""}",employee
Can you tell me if there are any wellness incentives available this year?,benefits_query,benefits_perks,"{""perk_type"": ""wellness_incentives""}",employee
I think I need to check the eligibility for the commuter benefits. Where can I find that?,benefits_query,benefits_perks,"{""perk_type"": ""commuter""}",employee
What are the details of the long-term disability insurance we have?,benefits_query,benefits_insurance,"{""insurance_type"": ""long_term_disability""}",employee
Can I see the latest updates on our health benefits?,benefits_query,benefits_insurance,"{""insurance_type"": ""health""}",employee
What are the specifics of the flexible spending account options?,benefits_query,benefits_insurance,"{""insurance_type"": ""fsa""}",employee
Can you provide the details on our employee referral program benefits?,benefits_query,benefits_perks,"{""perk_type"": ""referral_program""}",employee
What are the current benefits for part-time employees?,benefits_query,benefits_perks,"{""perk_type"": ""part_time""}",employee
Could you remind me what the company policy is on vacation days?,benefits_query,benefits_perks,"{""perk_type"": ""vacation_days""}",employee
Can you help me find the information on our annual benefits fair?,benefits_query,benefits_perks,"{""perk_type"": ""benefits_fair""}",employee
What are the details regarding our mental health support benefits?,benefits_query,benefits_perks,"{""perk_type"": ""mental_health""}",employee
Is there a way to access the benefits handbook online?,benefits_query,benefits_perks,"{""perk_type"": ""handbook""}",employee
Could you provide information on the benefits of our wellness challenges?,benefits_query,benefits_perks,"{""perk_type"": ""wellness_challenges""}",employee
What are the specifics of our employee discount programs?,benefits_query,benefits_perks,"{""perk_type"": ""discounts""}",employee
Can you tell me if there are any updates on our insurance premiums?,benefits_query,benefits_insurance,"{""insurance_type"": ""general""}",employee
I'm trying to understand the retirement plan benefits we have. Any details?,benefits_query,benefits_insurance,"{""insurance_type"": ""retirement""}",employee
What are the perks associated with our employee benefits package?,benefits_query,benefits_perks,{},employee
Can you remind me what types of insurance we have as employees?,benefits_query,benefits_insurance,{},employee
I think I missed the details on our dental insurance. Where can I find that?,benefits_query,benefits_insurance,"{""insurance_type"": ""dental""}",employee
Is there a way to see the benefits summary for this year?,benefits_query,benefits_perks,{},employee
What are the eligibility criteria for our life insurance?,benefits_query,benefits_insurance,"{""insurance_type"": ""life""}",employee
Could you provide information on the wellness benefits we have?,benefits_query,benefits_perks,{},employee
I heard about some new benefits being introduced. Can you share more?,benefits_query,benefits_perks,{},employee
What types of leave benefits do we have available?,benefits_query,benefits_perks,{},employee
Can you clarify what our short-term disability benefits cover?,benefits_query,benefits_insurance,"{""insurance_type"": ""short-term disability""}",employee
I think I need to check on my benefits enrollment status. How do I do that?,benefits_query,benefits_perks,{},employee
What are the options for family leave benefits?,benefits_query,benefits_perks,{},employee
Can you let me know when the benefits enrollment period starts?,benefits_query,benefits_perks,{},employee
I need to find out if we have any tuition reimbursement benefits. Any info?,benefits_query,benefits_perks,{},employee
What are the specific benefits for part-time employees?,benefits_query,benefits_perks,{},employee
Can you tell me about the maternity leave benefits we offer?,benefits_query,benefits_perks,{},employee
I think I need to review the benefits handbook. Where can I access it?,benefits_query,benefits_perks,{},employee
What are the health benefits available for dependents?,benefits_query,benefits_insurance,"{""insurance_type"": ""dependent health""}",employee
Could you provide a summary of our employee assistance program?,benefits_query,benefits_perks,{},employee
What is the process for filing a claim under our health insurance?,benefits_query,benefits_insurance,"{""insurance_type"": ""health""}",employee
Can you tell me if there are any changes to our benefits this year?,benefits_query,benefits_perks,{},employee
What kind of retirement savings plans do we have?,benefits_query,benefits_insurance,"{""insurance_type"": ""retirement""}",employee
I need to know the details about our vision insurance. Can you help?,benefits_query,benefits_insurance,"{""insurance_type"": ""vision""}",employee
Is there a way to access a report of our benefits usage?,benefits_query,benefits_perks,{},hr
Can you provide the headcount for employees enrolled in health benefits?,benefits_query,benefits_insurance,{},hr
What is the current participation rate in our wellness program?,benefits_query,benefits_perks,{},hr
Could you share the statistics on our life insurance claims?,benefits_query,benefits_insurance,"{""insurance_type"": ""life""}",hr
I need to check the enrollment numbers for our dental plan. Any insights?,benefits_query,benefits_insurance,"{""insurance_type"": ""dental""}",hr
Can you provide a report on the benefits utilization for this quarter?,benefits_query,benefits_perks,{},hr
What are the trends in employee participation in our retirement plans?,benefits_query,benefits_insurance,"{""insurance_type"": ""retirement""}",hr
Can you tell me how many employees are taking advantage of the tuition reimbursement?,benefits_query,benefits_perks,{},hr
What is the current status of our employee assistance program participation?,benefits_query,benefits_perks,{},hr
Could you provide insights on the uptake of family leave benefits?,benefits_query,benefits_perks,{},hr
What are the most common claims made under our short-term disability insurance?,benefits_query,benefits_insurance,"{""insurance_type"": ""short-term disability""}",hr
Can you tell me how many employees are enrolled in our vision plan?,benefits_query,benefits_insurance,"{""insurance_type"": ""vision""}",hr
What are the current statistics on our health benefits enrollment?,benefits_query,benefits_insurance,"{""insurance_type"": ""health""}",hr
How many employees have opted into the wellness program this year?,benefits_query,benefits_perks,{},hr
Can you provide a breakdown of benefits claims by type for last year?,benefits_query,benefits_insurance,{},hr
What is the current headcount for employees utilizing maternity leave?,benefits_query,benefits_perks,{},hr
Could you share the latest data on our employee health insurance claims?,benefits_query,benefits_insurance,"{""insurance_type"": ""health""}",hr
Can you tell me about the health insurance options available to us?,benefits_query,benefits_insurance,"{""insurance_type"": ""health""}",employee
I think I need to check my dental insurance coverage details. Where can I find that?,benefits_query,benefits_insurance,"{""insurance_type"": ""dental""}",employee
Could you remind me what the retirement benefits include?,benefits_query,benefits_perks,"{""perk_type"": ""retirement""}",employee
Is there a way to see the details of my life insurance policy?,benefits_query,benefits_insurance,"{""insurance_type"": ""life""}",employee
I heard about some new benefits being introduced. Can you share more about them?,benefits_query,benefits_perks,"{""perk_type"": ""new""}",employee
Can you provide information on the short-term disability benefits?,benefits_query,benefits_insurance,"{""insurance_type"": ""short-term disability""}",employee
What are the eligibility criteria for the employee assistance program?,benefits_query,benefits_perks,"{""perk_type"": ""employee assistance""}",employee
I think I need to verify my registered email for benefits notifications. How do I do that?,benefits_query,benefits_insurance,"{""email"": ""employee@example.com""}",employee
Could you let me know when the last update to our benefits package was?,benefits_query,benefits_perks,"{""update_date"": ""2023-10-01""}",hr
What types of insurance are included in our benefits package?,benefits_query,benefits_insurance,"{""insurance_type"": ""all""}",employee
Can you tell me if there are any changes to the vacation policy this year?,benefits_query,benefits_perks,"{""year"": ""2025""}",employee
I need to check if my emergency contact information is up to date. Where can I find that?,benefits_query,benefits_perks,"{""contact_type"": ""emergency""}",employee
What are the options for long-term disability coverage?,benefits_query,benefits_insurance,"{""insurance_type"": ""long-term disability""}",employee
Can you help me find out if there are any tuition reimbursement benefits?,benefits_query,benefits_perks,"{""perk_type"": ""tuition reimbursement""}",employee
I think my health insurance details might be incorrect. How can I verify them?,benefits_query,benefits_insurance,"{""insurance_type"": ""health""}",employee
What kind of paid leave options do we have?,benefits_query,benefits_perks,"{""perk_type"": ""paid leave""}",employee
Could you check if there are any updates on the benefits portal?,benefits_query,benefits_perks,"{""portal_name"": ""benefits portal""}",hr
What is the process for filing a claim for my insurance?,benefits_query,benefits_insurance,"{""insurance_type"": ""general""}",employee
Can I see a summary of the benefits available to part-time employees?,benefits_query,benefits_perks,"{""employee_type"": ""part-time""}",employee
Is there a way to access my benefits summary online?,benefits_query,benefits_perks,"{""access_method"": ""online""}",employee
I think I need to know about the family leave policy. Can you help?,benefits_query,benefits_perks,"{""perk_type"": ""family leave""}",employee
Can you provide the latest information on our health benefits?,benefits_query,benefits_insurance,"{""insurance_type"": ""health""}",hr
What are the benefits for employees who have been with the company for over five years?,benefits_query,benefits_perks,"{""employee_tenure"": ""5 years""}",hr
Could you remind me what the maternity leave benefits are?,benefits_query,benefits_perks,"{""perk_type"": ""maternity leave""}",employee
I need to find out if there's a waiting period for health insurance. Can you help?,benefits_query,benefits_insurance,"{""insurance_type"": ""health""}",employee
What are the options for flexible spending accounts?,benefits_query,benefits_insurance,"{""insurance_type"": ""flexible spending""}",employee
Can you tell me if there are any additional benefits for remote employees?,benefits_query,benefits_perks,"{""employee_type"": ""remote""}",hr
What is the procedure for updating my benefits information?,benefits_query,benefits_perks,"{""update_type"": ""benefits information""}",employee
Are there any specific benefits for veterans in our company?,benefits_query,benefits_perks,"{""perk_type"": ""veterans benefits""}",hr
I think I need to review my health insurance options again. Where can I do that?,benefits_query,benefits_insurance,"{""insurance_type"": ""health""}",employee
What are the details regarding the employee stock purchase plan?,benefits_query,benefits_perks,"{""perk_type"": ""stock purchase""}",employee
Can you provide a list of all the available insurance plans?,benefits_query,benefits_insurance,"{""insurance_type"": ""all""}",hr
What are the benefits related to parental leave?,benefits_query,benefits_perks,"{""perk_type"": ""parental leave""}",employee
I need to know if there are any changes to the benefits policy for next year. Can you help?,benefits_query,benefits_perks,"{""year"": ""2025""}",hr
What kind of retirement plans does the company offer?,benefits_query,benefits_perks,"{""perk_type"": ""retirement plans""}",employee
Can you tell me about the health savings account options?,benefits_query,benefits_insurance,"{""insurance_type"": ""health savings account""}",employee
Could you tell me about the health insurance options available?,benefits_query,benefits_insurance,"{""insurance_type"": ""health""}",employee
I was wondering what perks are included in our benefits package?,benefits_query,benefits_perks,{},employee
What kind of dental insurance do we have?,benefits_query,benefits_insurance,"{""insurance_type"": ""dental""}",employee
Is there a way to see the details of my retirement plan?,benefits_query,benefits_insurance,"{""insurance_type"": ""retirement""}",employee
Can you remind me what benefits I am eligible for?,benefits_query,benefits_perks,{},employee
I think I need to check my life insurance coverage details.,benefits_query,benefits_insurance,"{""insurance_type"": ""life""}",employee
Where can I find information about our employee assistance program?,benefits_query,benefits_perks,{},employee
What are the eligibility criteria for the wellness benefits?,benefits_query,benefits_perks,{},employee
Could you clarify what the maternity leave benefits include?,benefits_query,benefits_perks,"{""leave_type"": ""maternity""}",employee
Can you provide details on the short-term disability benefits?,benefits_query,benefits_insurance,"{""insurance_type"": ""short-term disability""}",employee
What are the options for vision insurance in our benefits plan?,benefits_query,benefits_insurance,"{""insurance_type"": ""vision""}",employee
I heard there are new perks added to our benefits; can you confirm?,benefits_query,benefits_perks,{},employee
Can I get a summary of the benefits available for part-time employees?,benefits_query,benefits_perks,{},employee
What is the process for accessing my benefits information?,benefits_query,benefits_perks,{},employee
Could you let me know if there are any wellness programs offered?,benefits_query,benefits_perks,{},employee
Is there a specific contact for questions about our insurance benefits?,benefits_query,benefits_insurance,{},employee
What are the deadlines for enrolling in health benefits this year?,benefits_query,benefits_insurance,"{""year"": ""2025""}",employee
Can you tell me if there are any travel benefits included?,benefits_query,benefits_perks,{},employee
I think I need to review my benefits summary; where can I find that?,benefits_query,benefits_perks,{},employee
Could you check if my emergency contact info is up to date?,benefits_query,benefits_perks,{},hr
I need to verify the benefits for an employee; can you assist?,benefits_query,benefits_perks,{},hr
What are the current health insurance options for employees?,benefits_query,benefits_insurance,{},hr
Can you provide the latest updates on employee benefits?,benefits_query,benefits_perks,{},hr
I need to confirm the benefits eligibility for a new hire; any insights?,benefits_query,benefits_perks,{},hr
What are the specifics of our dental insurance plan for employees?,benefits_query,benefits_insurance,"{""insurance_type"": ""dental""}",hr
Can you tell me if there are any changes to the retirement benefits?,benefits_query,benefits_insurance,{},hr
Is there a way to access the benefits portal for employees?,benefits_query,benefits_perks,{},hr
Could you provide the latest information on employee assistance programs?,benefits_query,benefits_perks,{},hr
What is the process for submitting a claim for health benefits?,benefits_query,benefits_insurance,{},hr
Can you clarify the eligibility for the wellness benefits for employees?,benefits_query,benefits_perks,{},hr
What are the details regarding the vision insurance for staff?,benefits_query,benefits_insurance,"{""insurance_type"": ""vision""}",hr
Can you provide a summary of the benefits available to contractors?,benefits_query,benefits_perks,{},hr
What are the current options for short-term disability benefits?,benefits_query,benefits_insurance,"{""insurance_type"": ""short-term disability""}",hr
Could you let me know if there are any updates on maternity leave benefits?,benefits_query,benefits_perks,"{""leave_type"": ""maternity""}",hr
What are the deadlines for employees to enroll in benefits this year?,benefits_query,benefits_insurance,"{""year"": ""2025""}",hr
Can you tell me about the travel benefits available to employees?,benefits_query,benefits_perks,{},hr
I need to check if there are any new wellness programs introduced.,benefits_query,benefits_perks,{},hr
Can you tell me what benefits are included in my health insurance plan?,benefits_query,benefits_insurance,"{""insurance_type"": ""health""}",employee
I was wondering about the perks available to employees. Where can I find that info?,benefits_query,benefits_perks,{},employee
Could you clarify what types of insurance benefits we have?,benefits_query,benefits_insurance,{},employee
Is there a list of employee benefits I can check out somewhere?,benefits_query,benefits_perks,{},employee
What kind of retirement benefits does the company offer?,benefits_query,benefits_insurance,"{""insurance_type"": ""retirement""}",employee
I think I need to review my health benefits. Where do I go for that?,benefits_query,benefits_insurance,{},employee
Can you remind me what my dental insurance covers?,benefits_query,benefits_insurance,"{""insurance_type"": ""dental""}",employee
Where can I find information about employee discounts?,benefits_query,benefits_perks,{},employee
What are the eligibility criteria for our health insurance?,benefits_query,benefits_insurance,{},employee
Could you provide details on the wellness benefits offered?,benefits_query,benefits_perks,{},employee
I heard there are some new perks available. Can you tell me more?,benefits_query,benefits_perks,{},employee
What types of life insurance are available to us?,benefits_query,benefits_insurance,"{""insurance_type"": ""life""}",employee
Can you confirm if my health benefits are up to date?,benefits_query,benefits_insurance,{},employee
Is there a way to see the full list of benefits I have access to?,benefits_query,benefits_perks,{},employee
What are the options for short-term disability benefits?,benefits_query,benefits_insurance,"{""insurance_type"": ""short-term disability""}",employee
I think my benefits package might have changed. Can you check?,benefits_query,benefits_insurance,{},employee
Where do I find information on our employee assistance program?,benefits_query,benefits_perks,{},employee
Can you tell me about the maternity leave benefits we have?,benefits_query,benefits_insurance,"{""insurance_type"": ""maternity leave""}",employee
What kind of educational assistance does the company provide?,benefits_query,benefits_perks,{},employee
Could you let me know if there are any changes to our health benefits this year?,benefits_query,benefits_insurance,"{""year"": ""2025""}",employee
I need to check if I’m eligible for the wellness program benefits. How do I do that?,benefits_query,benefits_perks,{},employee
What are the details of the retirement plan benefits?,benefits_query,benefits_insurance,"{""insurance_type"": ""retirement""}",employee
Can you provide me with the latest updates on our health insurance options?,benefits_query,benefits_insurance,{},employee
I heard about some new perks being introduced. Can you confirm?,benefits_query,benefits_perks,{},employee
Can you tell me if my emergency contact information is current?,benefits_query,benefits_insurance,{},hr
I need to know when the last update was made to my benefits information. Can you help?,benefits_query,benefits_insurance,{},hr
Could you check if my registered email for benefits is still valid?,benefits_query,benefits_insurance,{},hr
What’s the process for reviewing employee benefits for others?,benefits_query,benefits_perks,{},hr
Can you provide a report on the current headcount for benefits eligibility?,benefits_query,benefits_perks,{},hr
I need to see the benefits report for the last quarter. Can you assist?,benefits_query,benefits_perks,"{""quarter"": ""Q4"", ""year"": ""2023""}",hr
What’s the current status of our employee insurance benefits?,benefits_query,benefits_insurance,{},hr
Can you tell me how many employees are enrolled in the health benefits program?,benefits_query,benefits_insurance,{},hr
I need to check the benefits eligibility for a new hire. What do I need to know?,benefits_query,benefits_perks,{},hr
What are the upcoming changes to the benefits package for employees?,benefits_query,benefits_perks,{},hr
Can you provide details on the leave benefits for employees taking maternity leave?,benefits_query,benefits_insurance,"{""insurance_type"": ""maternity leave""}",hr
What’s the process for accessing the benefits portal?,benefits_query,benefits_perks,{},hr
Can you tell me how to retrieve the benefits summary for an employee?,benefits_query,benefits_perks,{},hr
I need to know the current status of our employee assistance program benefits. Can you help?,benefits_query,benefits_perks,{},hr
What’s the latest on the insurance benefits for employees?,benefits_query,benefits_insurance,{},hr
Can you confirm if there are any updates to the employee discount benefits?,benefits_query,benefits_perks,{},hr
What are the options for long-term disability benefits for employees?,benefits_query,benefits_insurance,"{""insurance_type"": ""long-term disability""}",hr
I was wondering what perks are included in our benefits package.,benefits_query,benefits_perks,{},employee
What types of insurance does the company provide?,benefits_query,benefits_insurance,{},employee
Is there a list of benefits available for employees?,benefits_query,benefits_perks,{},employee
Can I get details on the dental insurance plan?,benefits_query,benefits_insurance,"{""insurance_type"": ""dental""}",employee
Are there any wellness benefits that I should know about?,benefits_query,benefits_perks,{},employee
Could you remind me about the life insurance coverage?,benefits_query,benefits_insurance,"{""insurance_type"": ""life""}",employee
I think I heard about some new perks; can you confirm that?,benefits_query,benefits_perks,{},employee
What are the eligibility requirements for the health insurance?,benefits_query,benefits_insurance,{},employee
Can you provide information on the maternity leave benefits?,benefits_query,benefits_perks,{},employee
What are the options for short-term disability insurance?,benefits_query,benefits_insurance,{},employee
Can I see the details of my current benefits enrollment?,benefits_query,benefits_perks,{},employee
I need to know if there are any changes to our benefits this year.,benefits_query,benefits_perks,{},employee
What are the deadlines for enrolling in health insurance?,benefits_query,benefits_insurance,{},employee
Could you check if I’m enrolled in the retirement plan?,benefits_query,benefits_perks,{},employee
What’s included in the employee assistance program?,benefits_query,benefits_perks,{},employee
Can I find out about the tuition reimbursement policy?,benefits_query,benefits_perks,{},employee
What are the options for vision insurance?,benefits_query,benefits_insurance,{},employee
Can you tell me about the wellness reimbursement benefits?,benefits_query,benefits_perks,{},employee
I think I missed the deadline for benefits enrollment; can you confirm?,benefits_query,benefits_perks,{},employee
What’s the process for filing a claim on my health insurance?,benefits_query,benefits_insurance,{},employee
Can you provide the latest updates on our benefits package?,benefits_query,benefits_perks,{},employee
Is there a way to compare different insurance plans?,benefits_query,benefits_insurance,{},employee
What are the options for long-term disability insurance?,benefits_query,benefits_insurance,{},employee
Could you clarify the eligibility for the wellness program?,benefits_query,benefits_perks,{},employee
Can HR provide a summary of the benefits offered?,benefits_query,benefits_perks,{},hr
What are the current headcount statistics related to benefits enrollment?,benefits_query,benefits_perks,{},hr
Can you check if there are any new benefits being introduced?,benefits_query,benefits_perks,{},hr
What’s the process for updating employee benefits information?,benefits_query,benefits_perks,{},hr
Can I get a report on the benefits utilization rates?,benefits_query,benefits_perks,{},hr
What’s the latest on our health insurance provider?,benefits_query,benefits_insurance,{},hr
Can you provide insights on employee feedback regarding benefits?,benefits_query,benefits_perks,{},hr
What are the most common questions employees have about benefits?,benefits_query,benefits_perks,{},hr
Could you summarize the benefits available for part-time employees?,benefits_query,benefits_perks,{},hr
What’s the status of our insurance claims processing?,benefits_query,benefits_insurance,{},hr
Can you provide the latest updates on our retirement plan options?,benefits_query,benefits_perks,{},hr
What are the key changes to our benefits policy this year?,benefits_query,benefits_perks,{},hr
Can I see the benefits report for the last quarter?,benefits_query,benefits_perks,{},hr
What’s the process for employees to appeal a benefits decision?,benefits_query,benefits_perks,{},hr
Can you tell me about the benefits available for contractors?,benefits_query,benefits_perks,{},hr
Can you provide a breakdown of the benefits costs for this year?,benefits_query,benefits_perks,{},hr
What’s the timeline for the next benefits enrollment period?,benefits_query,benefits_perks,{},hr
Can you check if there are any upcoming changes to our benefits?,benefits_query,benefits_perks,{},hr
Could you tell me about the health insurance options available to me?,benefits_query,benefits_insurance,"{""insurance_type"": ""health""}",employee
I’m curious about the perks we have for employees. What can you share?,benefits_query,benefits_perks,{},employee
What are the details of our dental insurance plan?,benefits_query,benefits_insurance,"{""insurance_type"": ""dental""}",employee
Is there a way to see the benefits package for new hires?,benefits_query,benefits_perks,{},employee
Can you remind me what our retirement plan contributions are?,benefits_query,benefits_insurance,"{""insurance_type"": ""retirement""}",employee
I think I missed the email about our benefits enrollment period. When is it?,benefits_query,benefits_perks,{},employee
Could you provide information on the wellness benefits available?,benefits_query,benefits_perks,{},employee
I heard there are some new benefits. Where can I find that info?,benefits_query,benefits_perks,{},employee
Can you tell me how to access the benefits portal?,benefits_query,benefits_perks,{},employee
What’s included in our vision insurance plan?,benefits_query,benefits_insurance,"{""insurance_type"": ""vision""}",employee
I think my benefits package might be outdated. How can I check?,benefits_query,benefits_perks,{},employee
What are the eligibility requirements for the employee assistance program?,benefits_query,benefits_perks,{},employee
Can you remind me of the life insurance coverage we have?,benefits_query,benefits_insurance,"{""insurance_type"": ""life""}",employee
I’m looking for details on the maternity leave benefits. Can you help?,benefits_query,benefits_perks,{},employee
What’s the process for filing a claim for our health insurance?,benefits_query,benefits_insurance,"{""insurance_type"": ""health""}",employee
Could you clarify what wellness programs are currently offered?,benefits_query,benefits_perks,{},employee
Is there a way to see how many vacation days I have left?,benefits_query,benefits_perks,{},employee
Can you provide the latest information on our benefits package?,benefits_query,benefits_perks,{},employee
I’m trying to find out about the tuition reimbursement program. What’s the deal?,benefits_query,benefits_perks,{},employee
What’s the coverage for our family health insurance plan?,benefits_query,benefits_insurance,"{""insurance_type"": ""family health""}",employee
Can you tell me about the employee discounts we have?,benefits_query,benefits_perks,{},employee
I think there’s a new benefit for remote workers. What is it?,benefits_query,benefits_perks,{},employee
Can you provide the details on the long-term disability insurance?,benefits_query,benefits_insurance,"{""insurance_type"": ""long-term disability""}",employee
What’s the process for updating my emergency contact information?,benefits_query,benefits_perks,{},hr
Could you let me know when the benefits information was last updated for employee XYZ?,benefits_query,benefits_perks,"{""employee_name"": ""XYZ""}",hr
I need to check the benefits enrollment status for employee ABC. Can you assist?,benefits_query,benefits_perks,"{""employee_name"": ""ABC""}",hr
What are the current headcount numbers for our benefits program?,benefits_query,benefits_perks,{},hr
What’s the current status of the wellness program participation?,benefits_query,benefits_perks,{},hr
Could you share the latest updates on our insurance benefits for employees?,benefits_query,benefits_insurance,{},hr
What’s the participation rate in the employee assistance program?,benefits_query,benefits_perks,{},hr
Can you help me find the benefits documentation for employee DEF?,benefits_query,benefits_perks,"{""employee_name"": ""DEF""}",hr
What are the available options for employee health benefits?,benefits_query,benefits_insurance,{},hr
Could you tell me how many employees are enrolled in the retirement plan?,benefits_query,benefits_insurance,{},hr
Can you provide insights on the recent changes to our benefits offerings?,benefits_query,benefits_perks,{},hr
What’s the current status of our health insurance claims?,benefits_query,benefits_insurance,{},hr
Could you share the details on the upcoming benefits fair?,benefits_query,benefits_perks,{},hr
What’s the latest information on the employee discount program?,benefits_query,benefits_perks,{},hr
Can you provide a summary of the benefits changes for the next year?,benefits_query,benefits_perks,"{""year"": ""2025""}",hr
What’s the process for employees to appeal a denied insurance claim?,benefits_query,benefits_insurance,{},hr
Could you clarify the eligibility criteria for the wellness program?,benefits_query,benefits_perks,{},hr
Can you tell me about the health insurance options available?,benefits_query,benefits_insurance,"{""insurance_type"": ""health""}",employee
What perks do we have for employees this year?,benefits_query,benefits_perks,"{""year"": ""2025""}",employee
I was wondering about the dental benefits we offer. Could you provide details?,benefits_query,benefits_insurance,"{""insurance_type"": ""dental""}",employee
Are there any wellness programs included in our benefits package?,benefits_query,benefits_perks,{},employee
Could you remind me what the maternity leave policy is?,benefits_query,benefits_perks,"{""leave_type"": ""maternity""}",employee
What are the retirement plan options available to employees?,benefits_query,benefits_insurance,"{""insurance_type"": ""retirement""}",employee
Can you clarify the eligibility criteria for the life insurance?,benefits_query,benefits_insurance,"{""insurance_type"": ""life""}",employee
I think I missed the deadline for the open enrollment; what should I do?,benefits_query,benefits_insurance,{},employee
Where can I find information on our employee assistance program?,benefits_query,benefits_perks,{},employee
Could you let me know if there are any changes to the health benefits this year?,benefits_query,benefits_insurance,"{""year"": ""2025""}",employee
What kind of tuition reimbursement do we have?,benefits_query,benefits_perks,{},employee
Can I get a summary of the benefits I am currently enrolled in?,benefits_query,benefits_insurance,{},employee
What are the details regarding short-term disability benefits?,benefits_query,benefits_insurance,"{""insurance_type"": ""short-term disability""}",employee
I heard there are new perks introduced; can you share what they are?,benefits_query,benefits_perks,{},employee
Could you tell me when the last update was made to the benefits information?,benefits_query,benefits_insurance,{},employee
Can you provide the details on the employee stock purchase plan?,benefits_query,benefits_perks,{},employee
I think I need to check my emergency contact info; how can I do that?,benefits_query,benefits_perks,{},employee
What are the benefits for part-time employees?,benefits_query,benefits_perks,{},employee
Can you tell me if there are any wellness incentives available?,benefits_query,benefits_perks,{},employee
I need to know about the family leave policy; could you help?,benefits_query,benefits_perks,"{""leave_type"": ""family""}",employee
Could you provide me with the details of the long-term disability benefits?,benefits_query,benefits_insurance,"{""insurance_type"": ""long-term disability""}",employee
What’s the process for submitting claims for health benefits?,benefits_query,benefits_insurance,{},employee
Can I get a report on the benefits usage for my team?,benefits_query,benefits_perks,{},hr
What’s the current headcount for employees enrolled in the health plan?,benefits_query,benefits_insurance,{},hr
Could you provide the latest statistics on employee benefits participation?,benefits_query,benefits_perks,{},hr
I need to check the benefits enrollment status for my team members; how can I do that?,benefits_query,benefits_insurance,{},hr
What’s the total number of employees utilizing the wellness program?,benefits_query,benefits_perks,{},hr
Could you let me know how many employees are currently on maternity leave?,benefits_query,benefits_perks,"{""leave_type"": ""maternity""}",hr
What’s the breakdown of insurance claims made this year?,benefits_query,benefits_insurance,"{""year"": ""2025""}",hr
Can you provide the details on the retirement plan participation rates?,benefits_query,benefits_insurance,{},hr
I need to know how many employees are enrolled in the dental plan; can you help?,benefits_query,benefits_insurance,"{""insurance_type"": ""dental""}",hr
What’s the current status of the employee assistance program usage?,benefits_query,benefits_perks,{},hr
Could you share the latest updates on the health benefits for employees?,benefits_query,benefits_insurance,{},hr
Can I get a report on the leave balances for my team?,benefits_query,benefits_perks,{},hr
What’s the process for employees to appeal a denied benefits claim?,benefits_query,benefits_insurance,{},hr
Could you tell me how many employees are participating in the stock purchase plan?,benefits_query,benefits_perks,{},hr
What are the perks associated with my position?,benefits_query,benefits_perks,"{""position"": ""[Position Title]""}",employee
I think I need to check on my dental insurance coverage. Any details?,benefits_query,benefits_insurance,"{""insurance_type"": ""dental""}",employee
Where can I find information on the retirement benefits offered?,benefits_query,benefits_perks,"{""benefit_type"": ""retirement""}",employee
Can you remind me what my life insurance coverage includes?,benefits_query,benefits_insurance,"{""insurance_type"": ""life""}",employee
Is there a way to see the benefits summary for my role?,benefits_query,benefits_perks,"{""role"": ""[Role Name]""}",employee
What types of insurance are provided to employees?,benefits_query,benefits_insurance,"{""insurance_type"": ""all""}",employee
I heard there are wellness benefits. Can you elaborate?,benefits_query,benefits_perks,"{""benefit_type"": ""wellness""}",employee
Could you clarify the eligibility for the maternity leave benefits?,benefits_query,benefits_perks,"{""leave_type"": ""maternity""}",employee
What are the specifics of the short-term disability insurance?,benefits_query,benefits_insurance,"{""insurance_type"": ""short-term disability""}",employee
Can I get a breakdown of the vacation days I have left?,benefits_query,benefits_perks,"{""leave_type"": ""vacation""}",employee
I think my email was updated recently. Can you confirm?,benefits_query,benefits_perks,"{""email"": ""[Email Address]""}",hr
What are the current employee benefits for part-time workers?,benefits_query,benefits_perks,"{""employment_type"": ""part-time""}",employee
Can you provide details on the tuition reimbursement program?,benefits_query,benefits_perks,"{""benefit_type"": ""tuition reimbursement""}",employee
I’d like to know if there are any additional perks for remote employees.,benefits_query,benefits_perks,"{""employment_type"": ""remote""}",employee
Could you check if I’m enrolled in the vision insurance plan?,benefits_query,benefits_insurance,"{""insurance_type"": ""vision""}",employee
What’s the process for filing a claim under my health insurance?,benefits_query,benefits_insurance,"{""insurance_type"": ""health""}",employee
Are there any updates on the benefits for new hires?,benefits_query,benefits_perks,"{""hire_type"": ""new""}",hr
Can you provide the details of the retirement plan contributions?,benefits_query,benefits_perks,"{""plan_type"": ""retirement""}",hr
What are the deadlines for submitting claims for insurance benefits?,benefits_query,benefits_insurance,"{""insurance_type"": ""all""}",employee
Could you tell me how to access the benefits portal?,benefits_query,benefits_perks,"{""portal_type"": ""benefits""}",employee
What are the eligibility criteria for the long-term disability insurance?,benefits_query,benefits_insurance,"{""insurance_type"": ""long-term disability""}",employee
Can I get a list of all the available employee benefits?,benefits_query,benefits_perks,"{""benefit_type"": ""all""}",employee
What’s the coverage for the family health insurance plan?,benefits_query,benefits_insurance,"{""insurance_type"": ""family health""}",employee
Are there any wellness programs that I can participate in?,benefits_query,benefits_perks,"{""program_type"": ""wellness""}",employee
Can you tell me about the benefits for employees on parental leave?,benefits_query,benefits_perks,"{""leave_type"": ""parental""}",hr
What’s the difference between the basic and premium health insurance plans?,benefits_query,benefits_insurance,"{""insurance_type"": ""health""}",employee
Could you provide the details on the life insurance options available?,benefits_query,benefits_insurance,"{""insurance_type"": ""life""}",hr
What are the benefits for employees who work overtime?,benefits_query,benefits_perks,"{""work_type"": ""overtime""}",employee
Can you confirm if the dental insurance covers orthodontics?,benefits_query,benefits_insurance,"{""insurance_type"": ""dental""}",employee
What’s included in the company’s wellness benefits?,benefits_query,benefits_perks,"{""benefit_type"": ""wellness""}",employee
Are there any changes to the benefits package for this year?,benefits_query,benefits_perks,"{""year"": ""2025""}",hr
Can you provide information on the health insurance enrollment period?,benefits_query,benefits_insurance,"{""enrollment_period"": ""annual""}",employee
Can you tell me how to access my benefits summary online?,benefits_query,benefits_perks,"{""access_type"": ""online""}",employee
What’s the policy on employee discounts?,benefits_query,benefits_perks,"{""discount_type"": ""employee""}",employee
Can you provide the latest updates on the insurance benefits?,benefits_query,benefits_insurance,"{""update_type"": ""latest""}",hr
Can you tell me about the health insurance options available to me?,benefits_query,benefits_insurance,"{""insurance_type"": ""health""}",employee
I was wondering what perks we have for employees at the company?,benefits_query,benefits_perks,{},employee
What kind of dental coverage is included in our benefits?,benefits_query,benefits_insurance,"{""insurance_type"": ""dental""}",employee
Could you remind me what the retirement plan contributions are?,benefits_query,benefits_insurance,"{""insurance_type"": ""retirement""}",employee
Is there a way to view the employee benefits summary online?,benefits_query,benefits_perks,{},employee
"I think I missed the deadline for the health insurance enrollment, is that correct?",benefits_query,benefits_insurance,"{""year"": ""2025""}",employee
What are the eligibility requirements for the wellness program?,benefits_query,benefits_perks,{},employee
Can you provide details on the life insurance policy we have?,benefits_query,benefits_insurance,"{""insurance_type"": ""life""}",employee
"I heard there are some new perks introduced, can you share those?",benefits_query,benefits_perks,{},employee
What is the process to access my benefits information?,benefits_query,benefits_perks,{},employee
Could you tell me if there are any discounts available for gym memberships?,benefits_query,benefits_perks,{},employee
"I think my email was updated recently, can you confirm that?",benefits_query,benefits_perks,"{""email"": ""employee@example.com""}",hr
When was the last time the employee benefits were reviewed?,benefits_query,benefits_perks,{},hr
Can you check if my emergency contact information is up to date?,benefits_query,benefits_perks,{},hr
What are the current benefits for employees on parental leave?,benefits_query,benefits_insurance,"{""leave_type"": ""parental""}",employee
Is there a specific date when the benefits enrollment period ends?,benefits_query,benefits_insurance,"{""year"": ""2025""}",employee
Can you let me know if there are any changes to the health benefits this year?,benefits_query,benefits_insurance,"{""year"": ""2025""}",employee
What types of insurance are available for part-time employees?,benefits_query,benefits_insurance,{},employee
I need to know the details of the short-term disability benefits.,benefits_query,benefits_insurance,"{""insurance_type"": ""short-term disability""}",employee
Can you provide a summary of the benefits offered to new hires?,benefits_query,benefits_perks,{},hr
Are there any wellness programs available for employees?,benefits_query,benefits_perks,{},employee
What are the options for vision insurance under our benefits plan?,benefits_query,benefits_insurance,"{""insurance_type"": ""vision""}",employee
What are the employee discounts available for travel?,benefits_query,benefits_perks,{},employee
Can you tell me if there are any changes to the retirement plan this year?,benefits_query,benefits_insurance,"{""year"": ""2025""}",employee
What kind of support does the company provide for mental health?,benefits_query,benefits_perks,{},employee
"I need to check if my benefits enrollment is complete, can you help?",benefits_query,benefits_insurance,{},hr
Can you provide information on the family leave benefits?,benefits_query,benefits_insurance,"{""leave_type"": ""family""}",employee
Is there a way to get a printed copy of the benefits handbook?,benefits_query,benefits_perks,{},employee
What are the current options for long-term disability insurance?,benefits_query,benefits_insurance,"{""insurance_type"": ""long-term disability""}",employee
Can you tell me what the company offers in terms of tuition reimbursement?,benefits_query,benefits_perks,{},employee
What is the process for appealing a denied benefits claim?,benefits_query,benefits_insurance,{},employee
"I think I need to update my emergency contact, how do I do that?",benefits_query,benefits_perks,{},hr
Can you provide a list of all the benefits available to employees?,benefits_query,benefits_perks,{},hr
Could you clarify the benefits for employees who are veterans?,benefits_query,benefits_perks,{},employee
Is there a specific contact for questions about benefits?,benefits_query,benefits_perks,{},employee
What are the health benefits for employees working remotely?,benefits_query,benefits_insurance,{},employee
I was wondering what perks we have as employees. Any details?,benefits_query,benefits_perks,"{""perk_type"": ""general""}",employee
Is there a way to check what my dental coverage includes?,benefits_query,benefits_insurance,"{""insurance_type"": ""dental""}",employee
What are the retirement benefits offered by the company?,benefits_query,benefits_perks,"{""perk_type"": ""retirement""}",employee
Can I find out if we have any wellness programs available?,benefits_query,benefits_perks,"{""perk_type"": ""wellness""}",employee
What types of insurance can I enroll in this year?,benefits_query,benefits_insurance,"{""insurance_type"": ""general""}",employee
I think I need to review my life insurance details. Where can I find that?,benefits_query,benefits_insurance,"{""insurance_type"": ""life""}",employee
Are there any employee discounts I should know about?,benefits_query,benefits_perks,"{""perk_type"": ""discounts""}",employee
What’s included in our short-term disability coverage?,benefits_query,benefits_insurance,"{""insurance_type"": ""short-term disability""}",employee
Could you provide information on the tuition reimbursement program?,benefits_query,benefits_perks,"{""perk_type"": ""tuition reimbursement""}",employee
I heard there are some new benefits. Can you share what they are?,benefits_query,benefits_perks,"{""perk_type"": ""new benefits""}",employee
What are the eligibility requirements for the health insurance plan?,benefits_query,benefits_insurance,"{""insurance_type"": ""health""}",employee
Can you remind me what the company’s policy is on parental leave?,benefits_query,benefits_perks,"{""perk_type"": ""parental leave""}",employee
Is there a summary of the benefits package available somewhere?,benefits_query,benefits_perks,"{""perk_type"": ""summary""}",employee
What’s the process for enrolling in the retirement plan?,benefits_query,benefits_perks,"{""perk_type"": ""retirement enrollment""}",employee
I think my email was updated recently; can you confirm that?,benefits_query,benefits_insurance,"{""insurance_type"": ""email confirmation""}",hr
What’s the latest on the health benefits enrollment deadline?,benefits_query,benefits_insurance,"{""insurance_type"": ""health"", ""deadline"": ""2025-12-31""}",hr
Can you tell me when the last update was made to the benefits information?,benefits_query,benefits_insurance,"{""insurance_type"": ""last update""}",hr
I need to verify the details of the life insurance policy for an employee. Can you help?,benefits_query,benefits_insurance,"{""insurance_type"": ""life""}",hr
What are the current employee headcount numbers for benefits eligibility?,benefits_query,benefits_perks,"{""perk_type"": ""headcount""}",hr
Can you provide a report on the current benefits utilization rates?,benefits_query,benefits_perks,"{""perk_type"": ""utilization rates""}",hr
Could you let me know if there are any upcoming changes to the benefits package?,benefits_query,benefits_perks,"{""perk_type"": ""upcoming changes""}",hr
What’s the timeline for the next benefits review meeting?,benefits_query,benefits_perks,"{""perk_type"": ""review meeting""}",hr
Can you tell me how to access the wellness program details?,benefits_query,benefits_perks,"{""perk_type"": ""wellness program""}",hr
I need to check the details of the vacation policy for our team. Can you assist?,benefits_query,benefits_perks,"{""perk_type"": ""vacation policy""}",hr
Can you provide the latest updates on the health insurance options?,benefits_query,benefits_insurance,"{""insurance_type"": ""health""}",hr
What are the requirements for the tuition reimbursement program?,benefits_query,benefits_perks,"{""perk_type"": ""tuition reimbursement""}",hr
Could you clarify the coverage limits for our dental insurance?,benefits_query,benefits_insurance,"{""insurance_type"": ""dental""}",hr
Can you remind me of the deadlines for benefits enrollment this year?,benefits_query,benefits_perks,"{""perk_type"": ""enrollment deadlines""}",hr
What’s the current status of the employee discount program?,benefits_query,benefits_perks,"{""perk_type"": ""discount program""}",hr
Are there any new wellness initiatives being introduced?,benefits_query,benefits_perks,"{""perk_type"": ""wellness initiatives""}",hr
Can you provide details on the long-term disability benefits?,benefits_query,benefits_insurance,"{""insurance_type"": ""long-term disability""}",hr
What’s the coverage for mental health services under our plan?,benefits_query,benefits_insurance,"{""insurance_type"": ""mental health""}",hr
Could you share the latest information on the retirement plan options?,benefits_query,benefits_perks,"{""perk_type"": ""retirement options""}",hr
What are the eligibility criteria for the health insurance plan?,benefits_query,benefits_insurance,"{""insurance_type"": ""health""}",hr
"I was wondering what perks we have as employees, could you clarify?",benefits_query,benefits_perks,"{""perk_type"": ""general""}",employee
What kind of dental coverage is included in our benefits package?,benefits_query,benefits_insurance,"{""insurance_type"": ""dental""}",employee
Can you remind me of the retirement benefits we have?,benefits_query,benefits_perks,"{""perk_type"": ""retirement""}",employee
"I think my email was updated recently, can you confirm what it is?",benefits_query,benefits_perks,"{""email"": ""employee@example.com""}",hr
Is there a way to see the details of our life insurance coverage?,benefits_query,benefits_insurance,"{""insurance_type"": ""life""}",employee
What are the wellness benefits that we can take advantage of?,benefits_query,benefits_perks,"{""perk_type"": ""wellness""}",employee
Could you provide information on the short-term disability benefits?,benefits_query,benefits_insurance,"{""insurance_type"": ""short-term disability""}",employee
I heard there are new perks; can you list them for me?,benefits_query,benefits_perks,"{""perk_type"": ""new""}",employee
What types of insurance do we have for our dependents?,benefits_query,benefits_insurance,"{""insurance_type"": ""dependent""}",employee
Could you tell me when the last update to our benefits information was?,benefits_query,benefits_perks,"{""update_date"": ""2023-10-01""}",hr
"I think I need to check on my vacation balance, how do I do that?",benefits_query,benefits_perks,"{""leave_type"": ""vacation""}",employee
What are the options for maternity leave benefits?,benefits_query,benefits_perks,"{""leave_type"": ""maternity""}",employee
Can you clarify the process for filing a claim under our health insurance?,benefits_query,benefits_insurance,"{""insurance_type"": ""health""}",employee
Is there a way to view the headcount for our department?,benefits_query,benefits_perks,"{""department"": ""sales""}",hr
What are the current employee benefits for remote workers?,benefits_query,benefits_perks,"{""employment_type"": ""remote""}",employee
Can you provide me with the details of our vision insurance?,benefits_query,benefits_insurance,"{""insurance_type"": ""vision""}",employee
I’d like to know if there are any new employee perks introduced this year.,benefits_query,benefits_perks,"{""year"": ""2023""}",employee
What is the procedure for updating my emergency contact information?,benefits_query,benefits_perks,"{""contact_type"": ""emergency""}",employee
Can you tell me how many employees are currently enrolled in the health plan?,benefits_query,benefits_insurance,"{""insurance_type"": ""health""}",hr
What are the benefits related to employee training and development?,benefits_query,benefits_perks,"{""perk_type"": ""training""}",employee
Could you remind me what the company policy is on sick leave?,benefits_query,benefits_perks,"{""leave_type"": ""sick""}",employee
"I think I need to check my leave balance for the upcoming month, how can I do that?",benefits_query,benefits_perks,"{""month"": ""November""}",employee
What are the options for flexible working hours as part of our benefits?,benefits_query,benefits_perks,"{""perk_type"": ""flexible hours""}",employee
Can you provide a report on the number of employees utilizing the wellness benefits?,benefits_query,benefits_perks,"{""perk_type"": ""wellness""}",hr
What is the process for accessing my benefits summary?,benefits_query,benefits_perks,"{""summary_type"": ""benefits""}",employee
Can you tell me how to access the employee assistance program?,benefits_query,benefits_perks,"{""program_type"": ""employee assistance""}",employee
What are the benefits for employees who are new parents?,benefits_query,benefits_perks,"{""perk_type"": ""new parents""}",employee
Could you let me know if there are any updates to our insurance policies?,benefits_query,benefits_insurance,"{""insurance_type"": ""general""}",hr
What is the timeline for the upcoming benefits enrollment period?,benefits_query,benefits_perks,"{""enrollment_period"": ""2024""}",hr
What are the options for employee discounts available this year?,benefits_query,benefits_perks,"{""year"": ""2023""}",employee
Could you tell me how many employees are currently on leave?,benefits_query,benefits_perks,"{""leave_type"": ""general""}",hr
Can you confirm the details of our family leave policy?,benefits_query,benefits_perks,"{""leave_type"": ""family""}",employee
What are the benefits for employees who volunteer in the community?,benefits_query,benefits_perks,"{""perk_type"": ""volunteering""}",employee
What are the options for health savings accounts available to us?,benefits_query,benefits_insurance,"{""insurance_type"": ""health savings account""}",employee
I was wondering what kind of retirement plans the company offers.,benefits_query,benefits_perks,"{""plan_type"": ""retirement""}",employee
Can you remind me of the details regarding our dental benefits?,benefits_query,benefits_insurance,"{""insurance_type"": ""dental""}",employee
What are the eligibility criteria for the wellness program?,benefits_query,benefits_perks,"{""program_type"": ""wellness""}",employee
Is there a way to check the status of my insurance claims?,benefits_query,benefits_insurance,"{""claim_status"": ""pending""}",employee
I think I need to review my life insurance coverage details.,benefits_query,benefits_insurance,"{""insurance_type"": ""life""}",employee
What perks do we have for employees who have been here for over five years?,benefits_query,benefits_perks,"{""tenure"": ""5 years""}",employee
I heard there's a new employee assistance program; could you share more about it?,benefits_query,benefits_perks,"{""program_type"": ""employee assistance""}",employee
What are the specifics of our short-term disability benefits?,benefits_query,benefits_insurance,"{""insurance_type"": ""short-term disability""}",employee
Could you clarify the process for accessing our mental health resources?,benefits_query,benefits_perks,"{""resource_type"": ""mental health""}",employee
I want to know if there are any updates on the company’s health insurance plans.,benefits_query,benefits_insurance,"{""insurance_type"": ""health""}",employee
Can you tell me when the last update was made to our benefits handbook?,benefits_query,benefits_perks,"{""update_date"": ""2023-09-01""}",hr
I think I need to check on the status of my retirement account contributions.,benefits_query,benefits_perks,"{""account_type"": ""retirement""}",employee
What kind of support does the company provide for childcare expenses?,benefits_query,benefits_perks,"{""support_type"": ""childcare""}",employee
Can you remind me about the tuition reimbursement policy?,benefits_query,benefits_perks,"{""policy_type"": ""tuition reimbursement""}",employee
Is there a way to get a summary of my current benefits?,benefits_query,benefits_perks,"{""summary_type"": ""current benefits""}",employee
What are the details of the employee stock purchase plan?,benefits_query,benefits_perks,"{""plan_type"": ""stock purchase""}",employee
Could you provide the latest information on our health insurance premiums?,benefits_query,benefits_insurance,"{""insurance_type"": ""health""}",hr
I need to know the coverage limits for our vision insurance.,benefits_query,benefits_insurance,"{""insurance_type"": ""vision""}",employee
What benefits are available for part-time employees?,benefits_query,benefits_perks,"{""employment_type"": ""part-time""}",employee
What are the deadlines for submitting claims for our health benefits?,benefits_query,benefits_insurance,"{""claim_type"": ""health"", ""submission_deadline"": ""2025-12-31""}",employee
Could you explain the differences between the various health plans?,benefits_query,benefits_insurance,"{""plan_type"": ""health""}",employee
What kind of discounts are available for gym memberships?,benefits_query,benefits_perks,"{""discount_type"": ""gym membership""}",employee
Can you provide details on the company's life insurance policy?,benefits_query,benefits_insurance,"{""insurance_type"": ""life""}",hr
I think I need to verify my emergency contact information. How can I do that?,benefits_query,benefits_perks,"{""contact_type"": ""emergency""}",employee
What are the procedures for reporting a workplace injury?,benefits_query,benefits_perks,"{""report_type"": ""workplace injury""}",employee
Can you tell me if there are any upcoming changes to our benefits package?,benefits_query,benefits_perks,"{""change_type"": ""upcoming""}",hr
I heard there are new wellness initiatives; can you share more?,benefits_query,benefits_perks,"{""initiative_type"": ""wellness""}",employee
What is the process for enrolling in the health insurance plan?,benefits_query,benefits_insurance,"{""enrollment_type"": ""health insurance""}",employee
Can you provide a summary of the benefits offered to employees?,benefits_query,benefits_perks,"{""summary_type"": ""employee benefits""}",hr
Could you let me know how to access my benefits statements?,benefits_query,benefits_perks,"{""statement_type"": ""benefits""}",employee
Can you tell me about the company's policy on paid family leave?,benefits_query,benefits_perks,"{""leave_type"": ""family""}",employee
What are the options for health savings accounts?,benefits_query,benefits_perks,"{""account_type"": ""health savings""}",employee
Can you provide details on the company's vision insurance coverage?,benefits_query,benefits_insurance,"{""insurance_type"": ""vision""}",hr
What benefits do we have for employees who are veterans?,benefits_query,benefits_perks,"{""benefit_type"": ""veterans""}",employee
Could you clarify the eligibility for the tuition assistance program?,benefits_query,benefits_perks,"{""program_type"": ""tuition assistance""}",hr
Could you tell me about the health insurance options we have?,benefits_query,benefits_insurance,"{""insurance_type"": ""health""}",employee
I'm curious about the retirement benefits available to us. Can you provide details?,benefits_query,benefits_perks,"{""benefit_type"": ""retirement""}",employee
What are the eligibility criteria for the dental insurance plan?,benefits_query,benefits_insurance,"{""insurance_type"": ""dental""}",employee
Is there a way to check the status of my life insurance coverage?,benefits_query,benefits_insurance,"{""insurance_type"": ""life""}",employee
I think I need to review the employee assistance program details. Where can I find that?,benefits_query,benefits_perks,"{""program_type"": ""employee assistance""}",employee
What types of paid leave are included in our benefits package?,benefits_query,benefits_perks,"{""leave_type"": ""paid""}",employee
Can you remind me when the open enrollment period for benefits starts?,benefits_query,benefits_insurance,"{""enrollment_period"": ""open enrollment""}",employee
I heard something about a wellness program. What benefits does it include?,benefits_query,benefits_perks,"{""program_type"": ""wellness""}",employee
Could you clarify what the short-term disability benefits cover?,benefits_query,benefits_insurance,"{""insurance_type"": ""short-term disability""}",employee
What are the options for vision insurance under our benefits?,benefits_query,benefits_insurance,"{""insurance_type"": ""vision""}",employee
I'm looking for information on the maternity leave policy. Can you help?,benefits_query,benefits_perks,"{""leave_type"": ""maternity""}",employee
What is the process for filing a claim for my health insurance?,benefits_query,benefits_insurance,"{""insurance_type"": ""health""}",employee
I think I need to check my eligibility for the 401(k) plan. How do I do that?,benefits_query,benefits_perks,"{""benefit_type"": ""401(k)""}",employee
Could you let me know if there are any changes to the benefits this year?,benefits_query,benefits_perks,"{""year"": ""2025""}",employee
What are the benefits related to employee wellness initiatives?,benefits_query,benefits_perks,"{""initiative_type"": ""wellness""}",employee
Can I find out what the company offers for mental health support?,benefits_query,benefits_perks,"{""support_type"": ""mental health""}",employee
What is the coverage for family health insurance?,benefits_query,benefits_insurance,"{""insurance_type"": ""family health""}",employee
I need to know about the life insurance options available to employees. Can you help?,benefits_query,benefits_insurance,"{""insurance_type"": ""life""}",employee
What are the details regarding the paid time off policy?,benefits_query,benefits_perks,"{""leave_type"": ""paid time off""}",employee
Can you provide information on the health savings account options?,benefits_query,benefits_insurance,"{""account_type"": ""health savings""}",employee
What is the process for updating my emergency contact information?,benefits_query,benefits_perks,"{""contact_type"": ""emergency""}",hr
Could you check if my benefits enrollment was processed correctly?,benefits_query,benefits_insurance,"{""enrollment_status"": ""processed""}",hr
Can you tell me when the last update was made to the benefits policy?,benefits_query,benefits_perks,"{""update_type"": ""policy""}",hr
What are the current options for employee benefits?,benefits_query,benefits_perks,"{""benefit_type"": ""current options""}",hr
Can you provide a report on the number of employees enrolled in health insurance?,benefits_query,benefits_insurance,"{""report_type"": ""enrollment""}",hr
What is the headcount for employees participating in the wellness program?,benefits_query,benefits_perks,"{""program_type"": ""wellness""}",hr
Could you let me know the statistics on our dental insurance claims?,benefits_query,benefits_insurance,"{""insurance_type"": ""dental""}",hr
Can I get a summary of the benefits offered to part-time employees?,benefits_query,benefits_perks,"{""employment_type"": ""part-time""}",hr
What is the current participation rate in the retirement plan?,benefits_query,benefits_perks,"{""plan_type"": ""retirement""}",hr
Could you provide the latest data on employee insurance claims?,benefits_query,benefits_insurance,"{""claim_type"": ""insurance""}",hr
What are the trends in employee benefits usage over the last year?,benefits_query,benefits_perks,"{""year"": ""2025""}",hr
Can you share the details of the upcoming benefits fair?,benefits_query,benefits_perks,"{""event_type"": ""benefits fair""}",hr
Is there a report available on the types of leave taken by employees?,benefits_query,benefits_perks,"{""report_type"": ""leave""}",hr
What are the most common benefits questions employees ask?,benefits_query,benefits_perks,"{""question_type"": ""common""}",hr
Can you let me know the average time taken to process benefits claims?,benefits_query,benefits_insurance,"{""claim_type"": ""benefits""}",hr
What is the procedure for employees to appeal a denied benefits claim?,benefits_query,benefits_insurance,"{""claim_type"": ""denied""}",hr
Could you provide insights on employee feedback regarding benefits?,benefits_query,benefits_perks,"{""feedback_type"": ""employee""}",hr
What are the most requested benefits by employees this year?,benefits_query,benefits_perks,"{""year"": ""2025""}",hr
I was wondering what kind of retirement plans are available to us.,benefits_query,benefits_perks,"{""plan_type"": ""retirement""}",employee
Can you remind me what the dental coverage includes?,benefits_query,benefits_insurance,"{""insurance_type"": ""dental""}",employee
What are the details of our life insurance policy?,benefits_query,benefits_insurance,"{""insurance_type"": ""life""}",employee
Is there a way to find out about our employee assistance programs?,benefits_query,benefits_perks,"{""program_type"": ""employee assistance""}",employee
Could you clarify what the maternity leave benefits are?,benefits_query,benefits_perks,"{""leave_type"": ""maternity""}",employee
I think I need to check the coverage for vision insurance. Can you help?,benefits_query,benefits_insurance,"{""insurance_type"": ""vision""}",employee
Can you provide information on the wellness benefits we have?,benefits_query,benefits_perks,"{""benefit_type"": ""wellness""}",employee
I heard there are tuition reimbursement programs. Can you tell me more?,benefits_query,benefits_perks,"{""program_type"": ""tuition reimbursement""}",employee
What is the process for filing a claim for health insurance?,benefits_query,benefits_insurance,"{""insurance_type"": ""health""}",employee
Can I see a summary of our benefits package?,benefits_query,benefits_perks,"{""package_type"": ""summary""}",employee
Where can I find the details on our retirement savings plan?,benefits_query,benefits_perks,"{""plan_type"": ""retirement savings""}",employee
Could you let me know what the sick leave policy entails?,benefits_query,benefits_perks,"{""leave_type"": ""sick""}",employee
Can you tell me if there are any changes to the benefits this year?,benefits_query,benefits_perks,"{""year"": ""2025""}",employee
I think I need to check the benefits for part-time employees. Any insights?,benefits_query,benefits_perks,"{""employment_type"": ""part-time""}",employee
What’s included in the employee discount program?,benefits_query,benefits_perks,"{""program_type"": ""employee discount""}",employee
Can you confirm if we have access to mental health resources?,benefits_query,benefits_perks,"{""resource_type"": ""mental health""}",employee
I need to know about the family leave options available. Can you help?,benefits_query,benefits_perks,"{""leave_type"": ""family""}",employee
Could you provide the details on our long-term disability benefits?,benefits_query,benefits_insurance,"{""insurance_type"": ""long-term disability""}",employee
What’s the procedure for updating my emergency contact information?,benefits_query,benefits_perks,"{""info_type"": ""emergency contact""}",employee
I’d like to know when the last update was made to the benefits information.,benefits_query,benefits_perks,"{""update_type"": ""last update""}",employee
Can you help me find out what the health insurance premiums are?,benefits_query,benefits_insurance,"{""insurance_type"": ""health""}",employee
I need to check the headcount for employees utilizing the wellness program.,benefits_query,benefits_perks,"{""program_type"": ""wellness"", ""year"": ""2025""}",hr
What’s the current participation rate in the retirement plan?,benefits_query,benefits_perks,"{""plan_type"": ""retirement"", ""year"": ""2025""}",hr
Can you provide the latest statistics on employee insurance claims?,benefits_query,benefits_insurance,"{""report_type"": ""insurance claims"", ""year"": ""2025""}",hr
I’d like to know the number of employees on maternity leave this month.,benefits_query,benefits_perks,"{""leave_type"": ""maternity"", ""month"": ""August"", ""year"": ""2025""}",hr
What’s the status of the employee assistance program participation?,benefits_query,benefits_perks,"{""program_type"": ""employee assistance"", ""year"": ""2025""}",hr
Can you tell me how many employees are enrolled in the vision insurance plan?,benefits_query,benefits_insurance,"{""insurance_type"": ""vision"", ""year"": ""2025""}",hr
What’s the current headcount for employees taking sick leave?,benefits_query,benefits_perks,"{""leave_type"": ""sick"", ""month"": ""August"", ""year"": ""2025""}",hr
Can you provide a report on the number of claims filed for short-term disability?,benefits_query,benefits_insurance,"{""insurance_type"": ""short-term disability"", ""year"": ""2025""}",hr
I’d like to know how many employees are participating in the tuition reimbursement program.,benefits_query,benefits_perks,"{""program_type"": ""tuition reimbursement"", ""year"": ""2025""}",hr
Can you share the data on employee participation in the family leave program?,benefits_query,benefits_perks,"{""leave_type"": ""family"", ""year"": ""2025""}",hr
What’s the current status of the long-term disability claims?,benefits_query,benefits_insurance,"{""insurance_type"": ""long-term disability"", ""year"": ""2025""}",hr
Could you tell me what health insurance options are available to me?,benefits_query,benefits_insurance,"{""insurance_type"": ""health""}",employee
I was wondering about the retirement benefits we have in place. Can you provide details?,benefits_query,benefits_perks,"{""benefit_type"": ""retirement""}",employee
What are the eligibility criteria for our dental insurance plan?,benefits_query,benefits_insurance,"{""insurance_type"": ""dental""}",employee
Can you remind me when the last update was made to our benefits package?,benefits_query,benefits_perks,"{""update_date"": ""2023-10-01""}",hr
Is there a way to see a summary of all the benefits I can access?,benefits_query,benefits_perks,"{""summary_request"": ""true""}",employee
I think I might have missed the details on our life insurance options. Can you help?,benefits_query,benefits_insurance,"{""insurance_type"": ""life""}",employee
What types of paid leave are included in our benefits?,benefits_query,benefits_perks,"{""leave_type"": ""paid""}",employee
Could you clarify if there are any changes to the health benefits this year?,benefits_query,benefits_insurance,"{""year"": ""2025""}",hr
I need to know if there are any wellness programs available as part of our benefits.,benefits_query,benefits_perks,"{""program_type"": ""wellness""}",employee
Can you provide me with the latest information on our vision insurance coverage?,benefits_query,benefits_insurance,"{""insurance_type"": ""vision""}",employee
Could you guide me through the exit process steps?,exit_process,exit_process_steps,"{""month"": ""August"", ""year"": ""2025""}",employee
What are the steps I need to follow for exiting the company?,exit_process,exit_process_steps,"{""month"": ""August"", ""year"": ""2025""}",employee
"I think I need to know the exit process steps, can you help?",exit_process,exit_process_steps,"{""month"": ""August"", ""year"": ""2025""}",employee
Can you provide me with the exit process details?,exit_process,exit_process_steps,"{""month"": ""August"", ""year"": ""2025""}",employee
What should I do for my final settlement after exiting?,exit_process,exit_final_settlement,"{""month"": ""August"", ""year"": ""2025""}",employee
I would like to understand the final settlement process after I leave.,exit_process,exit_final_settlement,"{""month"": ""August"", ""year"": ""2025""}",employee
Can you tell me about the final settlement steps for exiting employees?,exit_process,exit_final_settlement,"{""month"": ""August"", ""year"": ""2025""}",employee
What do I need for my final settlement when I exit?,exit_process,exit_final_settlement,"{""month"": ""August"", ""year"": ""2025""}",employee
Could you remind me of the exit process steps for my records?,exit_process,exit_process_steps,"{""month"": ""August"", ""year"": ""2025""}",employee
"I think I might need the exit process steps, where can I find them?",exit_process,exit_process_steps,"{""month"": ""August"", ""year"": ""2025""}",employee
What is the procedure for my final settlement after I resign?,exit_process,exit_final_settlement,"{""month"": ""August"", ""year"": ""2025""}",employee
Can you provide the exit process steps for someone leaving the company?,exit_process,exit_process_steps,"{""month"": ""August"", ""year"": ""2025""}",employee
What are the key steps in the exit process I should be aware of?,exit_process,exit_process_steps,"{""month"": ""August"", ""year"": ""2025""}",employee
"I need to know the final settlement process, can you help?",exit_process,exit_final_settlement,"{""month"": ""August"", ""year"": ""2025""}",employee
Could you clarify the exit process steps for me?,exit_process,exit_process_steps,"{""month"": ""August"", ""year"": ""2025""}",employee
What do I need to prepare for my final settlement?,exit_process,exit_final_settlement,"{""month"": ""August"", ""year"": ""2025""}",employee
Can you explain the exit process steps in detail?,exit_process,exit_process_steps,"{""month"": ""August"", ""year"": ""2025""}",employee
What should I expect during the final settlement process?,exit_process,exit_final_settlement,"{""month"": ""August"", ""year"": ""2025""}",employee
I think I need to review the exit process steps before I leave.,exit_process,exit_process_steps,"{""month"": ""August"", ""year"": ""2025""}",employee
Can you provide information on the final settlement for exiting employees?,exit_process,exit_final_settlement,"{""month"": ""August"", ""year"": ""2025""}",employee
What are the exit process steps for someone in my position?,exit_process,exit_process_steps,"{""month"": ""August"", ""year"": ""2025""}",employee
Could you send me the details on the final settlement process?,exit_process,exit_final_settlement,"{""month"": ""August"", ""year"": ""2025""}",employee
What are the necessary steps for my exit process?,exit_process,exit_process_steps,"{""month"": ""August"", ""year"": ""2025""}",employee
Can you clarify what I need for my final settlement?,exit_process,exit_final_settlement,"{""month"": ""August"", ""year"": ""2025""}",employee
What are the exit process steps I should follow?,exit_process,exit_process_steps,"{""month"": ""August"", ""year"": ""2025""}",employee
Could you remind me about the final settlement process?,exit_process,exit_final_settlement,"{""month"": ""August"", ""year"": ""2025""}",employee
What steps are involved in the exit process?,exit_process,exit_process_steps,"{""month"": ""August"", ""year"": ""2025""}",employee
Can you provide a summary of the final settlement process for me?,exit_process,exit_final_settlement,"{""month"": ""August"", ""year"": ""2025""}",employee
What do I need to know about the exit process steps?,exit_process,exit_process_steps,"{""month"": ""August"", ""year"": ""2025""}",employee
Could you explain the final settlement steps for someone leaving?,exit_process,exit_final_settlement,"{""month"": ""August"", ""year"": ""2025""}",employee
What are the exit process steps I should be aware of?,exit_process,exit_process_steps,"{""month"": ""August"", ""year"": ""2025""}",employee
Can you tell me what to expect in my final settlement?,exit_process,exit_final_settlement,"{""month"": ""August"", ""year"": ""2025""}",employee
What are the exit process steps for my department?,exit_process,exit_process_steps,"{""month"": ""August"", ""year"": ""2025""}",employee
Could you provide me with the final settlement details?,exit_process,exit_final_settlement,"{""month"": ""August"", ""year"": ""2025""}",employee
What steps should I take for the exit process?,exit_process,exit_process_steps,"{""month"": ""August"", ""year"": ""2025""}",employee
Can you clarify what I need for my final settlement when I leave?,exit_process,exit_final_settlement,"{""month"": ""August"", ""year"": ""2025""}",employee
What are the exit process steps I should follow before leaving?,exit_process,exit_process_steps,"{""month"": ""August"", ""year"": ""2025""}",employee
Could you explain the final settlement process for me?,exit_process,exit_final_settlement,"{""month"": ""August"", ""year"": ""2025""}",employee
What do I need to complete for my exit process?,exit_process,exit_process_steps,"{""month"": ""August"", ""year"": ""2025""}",employee
Can you provide the final settlement steps for exiting employees?,exit_process,exit_final_settlement,"{""month"": ""August"", ""year"": ""2025""}",employee
What are the exit process steps I should be aware of before I leave?,exit_process,exit_process_steps,"{""month"": ""August"", ""year"": ""2025""}",employee
Could you summarize the final settlement process for me?,exit_process,exit_final_settlement,"{""month"": ""August"", ""year"": ""2025""}",employee
What are the steps I need to follow for the exit process?,exit_process,exit_process_steps,{},employee
Can you tell me about the final settlement process when leaving?,exit_process,exit_final_settlement,{},employee
What should I do for my final settlement after resigning?,exit_process,exit_final_settlement,{},employee
Can you provide the exit process steps for me?,exit_process,exit_process_steps,{},employee
What is the procedure for my final settlement?,exit_process,exit_final_settlement,{},employee
"I need to understand the exit process, what are the steps?",exit_process,exit_process_steps,{},employee
Can you tell me how the final settlement works?,exit_process,exit_final_settlement,{},employee
What steps do I need to take for the exit process?,exit_process,exit_process_steps,{},employee
How does the final settlement process go?,exit_process,exit_final_settlement,{},employee
What do I need to know about my final settlement?,exit_process,exit_final_settlement,{},employee
Can you help me with the exit process steps?,exit_process,exit_process_steps,{},employee
What is involved in the final settlement when I leave?,exit_process,exit_final_settlement,{},employee
Could you provide the steps for the exit process?,exit_process,exit_process_steps,{},employee
What should I expect in the final settlement process?,exit_process,exit_final_settlement,{},employee
Can you outline the exit process steps for me?,exit_process,exit_process_steps,{},employee
What are the details of the final settlement process?,exit_process,exit_final_settlement,{},employee
"I need some clarity on the exit process steps, please.",exit_process,exit_process_steps,{},employee
How does the final settlement work when I resign?,exit_process,exit_final_settlement,{},employee
What is the final settlement process like?,exit_process,exit_final_settlement,{},employee
Could you summarize the exit process steps for me?,exit_process,exit_process_steps,{},employee
What do I need to know about the final settlement?,exit_process,exit_final_settlement,{},employee
Can you provide a brief on the exit process steps?,exit_process,exit_process_steps,{},employee
What is the procedure for final settlement after leaving?,exit_process,exit_final_settlement,{},employee
Can you help me understand the exit process steps?,exit_process,exit_process_steps,{},employee
What should I know about my final settlement process?,exit_process,exit_final_settlement,{},employee
Could you detail the exit process steps for me?,exit_process,exit_process_steps,{},employee
How does the final settlement process function?,exit_process,exit_final_settlement,{},employee
Can you explain the exit process steps I should follow?,exit_process,exit_process_steps,{},employee
What are the key points of the final settlement process?,exit_process,exit_final_settlement,{},employee
Could you provide an overview of the exit process steps?,exit_process,exit_process_steps,{},employee
Can you summarize the exit process steps I should take?,exit_process,exit_process_steps,{},employee
What is the final settlement process I should be aware of?,exit_process,exit_final_settlement,{},employee
Can you help clarify the exit process steps for me?,exit_process,exit_process_steps,{},employee
What steps should I follow for my final settlement?,exit_process,exit_final_settlement,{},employee
Could you explain the exit process steps in a nutshell?,exit_process,exit_process_steps,{},employee
What do I need to do for my final settlement?,exit_process,exit_final_settlement,{},employee
Can you provide the exit process steps I need to follow?,exit_process,exit_process_steps,{},employee
What is the final settlement process like when leaving?,exit_process,exit_final_settlement,{},employee
Could you give me a rundown of the exit process steps?,exit_process,exit_process_steps,{},employee
What are the details I should know about the final settlement?,exit_process,exit_final_settlement,{},employee
What are the steps I need to follow for my exit process?,exit_process,exit_process_steps,"{""month"": ""August"", ""year"": ""2025"", ""leave_type"": ""vacation""}",employee
What should I expect in my final settlement after exiting?,exit_process,exit_final_settlement,"{""month"": ""August"", ""year"": ""2025"", ""leave_type"": ""vacation""}",employee
Could you explain how the final settlement works during the exit process?,exit_process,exit_final_settlement,"{""month"": ""August"", ""year"": ""2025"", ""leave_type"": ""vacation""}",employee
Where can I find the exit process steps documented?,exit_process,exit_process_steps,"{""month"": ""August"", ""year"": ""2025"", ""leave_type"": ""vacation""}",employee
Is there a checklist for the exit process I can refer to?,exit_process,exit_process_steps,"{""month"": ""August"", ""year"": ""2025"", ""leave_type"": ""vacation""}",employee
What documents do I need for my final settlement?,exit_process,exit_final_settlement,"{""month"": ""August"", ""year"": ""2025"", ""leave_type"": ""vacation""}",employee
Can you provide details on how to handle my final settlement?,exit_process,exit_final_settlement,"{""month"": ""August"", ""year"": ""2025"", ""leave_type"": ""vacation""}",employee
"I heard there are specific steps for the exit process, what are they?",exit_process,exit_process_steps,"{""month"": ""August"", ""year"": ""2025"", ""leave_type"": ""vacation""}",employee
Could you clarify the exit process for me?,exit_process,exit_process_steps,"{""month"": ""August"", ""year"": ""2025"", ""leave_type"": ""vacation""}",employee
What is the timeline for my final settlement after I exit?,exit_process,exit_final_settlement,"{""month"": ""August"", ""year"": ""2025"", ""leave_type"": ""vacation""}",employee
How do I ensure my final settlement is processed correctly?,exit_process,exit_final_settlement,"{""month"": ""August"", ""year"": ""2025"", ""leave_type"": ""vacation""}",employee
Can I get a summary of the exit process steps?,exit_process,exit_process_steps,"{""month"": ""August"", ""year"": ""2025"", ""leave_type"": ""vacation""}",employee
What happens to my benefits during the exit process?,exit_process,exit_final_settlement,"{""month"": ""August"", ""year"": ""2025"", ""leave_type"": ""vacation""}",employee
Could you tell me if there’s a specific format for the exit process documentation?,exit_process,exit_process_steps,"{""month"": ""August"", ""year"": ""2025"", ""leave_type"": ""vacation""}",employee
What are the common issues faced during the exit process?,exit_process,exit_process_steps,"{""month"": ""August"", ""year"": ""2025"", ""leave_type"": ""vacation""}",employee
Can you provide me with the exit process timeline?,exit_process,exit_process_steps,"{""month"": ""August"", ""year"": ""2025"", ""leave_type"": ""vacation""}",employee
"I need to understand the final settlement calculations, can you help?",exit_process,exit_final_settlement,"{""month"": ""August"", ""year"": ""2025"", ""leave_type"": ""vacation""}",employee
What should I do if my final settlement is delayed?,exit_process,exit_final_settlement,"{""month"": ""August"", ""year"": ""2025"", ""leave_type"": ""vacation""}",employee
Can you explain the exit process for employees leaving voluntarily?,exit_process,exit_process_steps,"{""month"": ""August"", ""year"": ""2025"", ""leave_type"": ""vacation""}",hr
What are the exit process steps for an employee resigning?,exit_process,exit_process_steps,"{""month"": ""August"", ""year"": ""2025"", ""leave_type"": ""vacation""}",hr
How do we handle final settlements for employees exiting?,exit_process,exit_final_settlement,"{""month"": ""August"", ""year"": ""2025"", ""leave_type"": ""vacation""}",hr
What documentation is required for an employee's exit process?,exit_process,exit_process_steps,"{""month"": ""August"", ""year"": ""2025"", ""leave_type"": ""vacation""}",hr
Can you provide a checklist for HR regarding exit processes?,exit_process,exit_process_steps,"{""month"": ""August"", ""year"": ""2025"", ""leave_type"": ""vacation""}",hr
What steps should HR take for an employee's final settlement?,exit_process,exit_final_settlement,"{""month"": ""August"", ""year"": ""2025"", ""leave_type"": ""vacation""}",hr
How do we ensure compliance during the exit process?,exit_process,exit_process_steps,"{""month"": ""August"", ""year"": ""2025"", ""leave_type"": ""vacation""}",hr
What are the common challenges HR faces during the exit process?,exit_process,exit_process_steps,"{""month"": ""August"", ""year"": ""2025"", ""leave_type"": ""vacation""}",hr
Can you clarify the exit process for employees on probation?,exit_process,exit_process_steps,"{""month"": ""August"", ""year"": ""2025"", ""leave_type"": ""vacation""}",hr
What is the protocol for final settlements in case of termination?,exit_process,exit_final_settlement,"{""month"": ""August"", ""year"": ""2025"", ""leave_type"": ""vacation""}",hr
How do we document the exit process for auditing purposes?,exit_process,exit_process_steps,"{""month"": ""August"", ""year"": ""2025"", ""leave_type"": ""vacation""}",hr
What information should be included in the final settlement report?,exit_process,exit_final_settlement,"{""month"": ""August"", ""year"": ""2025"", ""leave_type"": ""vacation""}",hr
Can you provide insights on the exit process for employees transitioning to retirement?,exit_process,exit_process_steps,"{""month"": ""August"", ""year"": ""2025"", ""leave_type"": ""vacation""}",hr
What are the exit process steps for employees moving to another department?,exit_process,exit_process_steps,"{""month"": ""August"", ""year"": ""2025"", ""leave_type"": ""vacation""}",hr
How do we ensure a smooth final settlement for employees?,exit_process,exit_final_settlement,"{""month"": ""August"", ""year"": ""2025"", ""leave_type"": ""vacation""}",hr
What guidelines should we follow for the exit process?,exit_process,exit_process_steps,"{""month"": ""August"", ""year"": ""2025"", ""leave_type"": ""vacation""}",hr
Can you help me understand the exit process for employees with pending leaves?,exit_process,exit_process_steps,"{""month"": ""August"", ""year"": ""2025"", ""leave_type"": ""vacation""}",hr
What are the exit process steps for employees who are being laid off?,exit_process,exit_process_steps,"{""month"": ""August"", ""year"": ""2025"", ""leave_type"": ""vacation""}",hr
What do I need to do for the final settlement after leaving?,exit_process,exit_final_settlement,"{""month"": ""August"", ""year"": ""2025"", ""leave_type"": ""vacation""}",employee
"I think my registered email is outdated, how can I check?",exit_process,exit_process_steps,"{""month"": ""August"", ""year"": ""2025"", ""leave_type"": ""vacation""}",employee
When was my emergency contact information last updated?,exit_process,exit_process_steps,"{""month"": ""August"", ""year"": ""2025"", ""leave_type"": ""vacation""}",employee
Could you tell me the steps in the exit process?,exit_process,exit_process_steps,"{""month"": ""August"", ""year"": ""2025"", ""leave_type"": ""vacation""}",employee
"I need to know about my final settlement process, can you help?",exit_process,exit_final_settlement,"{""month"": ""August"", ""year"": ""2025"", ""leave_type"": ""vacation""}",employee
What documents do I need for the final settlement?,exit_process,exit_final_settlement,"{""month"": ""August"", ""year"": ""2025"", ""leave_type"": ""vacation""}",employee
Can you remind me what my registered address is?,exit_process,exit_process_steps,"{""month"": ""August"", ""year"": ""2025"", ""leave_type"": ""vacation""}",employee
"I think my emergency contact needs updating, how do I do that?",exit_process,exit_process_steps,"{""month"": ""August"", ""year"": ""2025"", ""leave_type"": ""vacation""}",employee
Could you let me know the exit process steps for employees?,exit_process,exit_process_steps,"{""month"": ""August"", ""year"": ""2025"", ""leave_type"": ""vacation""}",employee
What should I expect in my final settlement?,exit_process,exit_final_settlement,"{""month"": ""August"", ""year"": ""2025"", ""leave_type"": ""vacation""}",employee
How can I verify my registered email address?,exit_process,exit_process_steps,"{""month"": ""August"", ""year"": ""2025"", ""leave_type"": ""vacation""}",employee
When was the last time my contact info was updated?,exit_process,exit_process_steps,"{""month"": ""August"", ""year"": ""2025"", ""leave_type"": ""vacation""}",employee
Can you provide the steps for exiting the company?,exit_process,exit_process_steps,"{""month"": ""August"", ""year"": ""2025"", ""leave_type"": ""vacation""}",employee
What is included in the final settlement process?,exit_process,exit_final_settlement,"{""month"": ""August"", ""year"": ""2025"", ""leave_type"": ""vacation""}",employee
Could you help me find my registered address?,exit_process,exit_process_steps,"{""month"": ""August"", ""year"": ""2025"", ""leave_type"": ""vacation""}",employee
"I need to check my emergency contact details, how can I do that?",exit_process,exit_process_steps,"{""month"": ""August"", ""year"": ""2025"", ""leave_type"": ""vacation""}",employee
Can you explain what I need for my final settlement?,exit_process,exit_final_settlement,"{""month"": ""August"", ""year"": ""2025"", ""leave_type"": ""vacation""}",employee
How do I check if my registered email is correct?,exit_process,exit_process_steps,"{""month"": ""August"", ""year"": ""2025"", ""leave_type"": ""vacation""}",employee
When was my emergency contact info last modified?,exit_process,exit_process_steps,"{""month"": ""August"", ""year"": ""2025"", ""leave_type"": ""vacation""}",employee
Can you share the exit process steps for me?,exit_process,exit_process_steps,"{""month"": ""August"", ""year"": ""2025"", ""leave_type"": ""vacation""}",employee
What does the final settlement entail?,exit_process,exit_final_settlement,"{""month"": ""August"", ""year"": ""2025"", ""leave_type"": ""vacation""}",employee
Could you tell me how to find my registered address?,exit_process,exit_process_steps,"{""month"": ""August"", ""year"": ""2025"", ""leave_type"": ""vacation""}",employee
"I think my emergency contact needs to be updated, what should I do?",exit_process,exit_process_steps,"{""month"": ""August"", ""year"": ""2025"", ""leave_type"": ""vacation""}",employee
What are the steps I need to take for the exit process?,exit_process,exit_process_steps,"{""month"": ""August"", ""year"": ""2025"", ""leave_type"": ""vacation""}",employee
Can you explain the final settlement process to me?,exit_process,exit_final_settlement,"{""month"": ""August"", ""year"": ""2025"", ""leave_type"": ""vacation""}",employee
How can I check my registered email?,exit_process,exit_process_steps,"{""month"": ""August"", ""year"": ""2025"", ""leave_type"": ""vacation""}",employee
When was my contact information last updated?,exit_process,exit_process_steps,"{""month"": ""August"", ""year"": ""2025"", ""leave_type"": ""vacation""}",employee
Can you provide me with the exit process steps?,exit_process,exit_process_steps,"{""month"": ""August"", ""year"": ""2025"", ""leave_type"": ""vacation""}",employee
What should I know about my final settlement?,exit_process,exit_final_settlement,"{""month"": ""August"", ""year"": ""2025"", ""leave_type"": ""vacation""}",employee
Could you help me verify my registered address?,exit_process,exit_process_steps,"{""month"": ""August"", ""year"": ""2025"", ""leave_type"": ""vacation""}",employee
"I need to update my emergency contact, how do I proceed?",exit_process,exit_process_steps,"{""month"": ""August"", ""year"": ""2025"", ""leave_type"": ""vacation""}",employee
What are the exit process steps I need to follow?,exit_process,exit_process_steps,"{""month"": ""August"", ""year"": ""2025"", ""leave_type"": ""vacation""}",employee
What is involved in the final settlement process?,exit_process,exit_final_settlement,"{""month"": ""August"", ""year"": ""2025"", ""leave_type"": ""vacation""}",employee
How do I check my registered email address?,exit_process,exit_process_steps,"{""month"": ""August"", ""year"": ""2025"", ""leave_type"": ""vacation""}",employee
When was my emergency contact last updated?,exit_process,exit_process_steps,"{""month"": ""August"", ""year"": ""2025"", ""leave_type"": ""vacation""}",employee
I need to know what the final settlement process looks like when leaving the company.,exit_process,exit_final_settlement,"{""month"": ""August"", ""year"": ""2025""}",employee
What are the steps involved in the exit process?,exit_process,exit_process_steps,"{""month"": ""August"", ""year"": ""2025""}",employee
Can you tell me how to handle my final settlement after resigning?,exit_process,exit_final_settlement,"{""month"": ""August"", ""year"": ""2025""}",employee
Is there a checklist for the exit process I should follow?,exit_process,exit_process_steps,"{""month"": ""August"", ""year"": ""2025""}",employee
What do I need to submit for my final settlement?,exit_process,exit_final_settlement,"{""month"": ""August"", ""year"": ""2025""}",employee
What documents are required for the exit process?,exit_process,exit_process_steps,"{""month"": ""August"", ""year"": ""2025""}",employee
Can you provide details on the final settlement I should expect?,exit_process,exit_final_settlement,"{""month"": ""August"", ""year"": ""2025""}",employee
"I need to check the exit process steps, where can I find that?",exit_process,exit_process_steps,"{""month"": ""August"", ""year"": ""2025""}",employee
What should I know about my final settlement before I leave?,exit_process,exit_final_settlement,"{""month"": ""August"", ""year"": ""2025""}",employee
Can you remind me of the exit process steps?,exit_process,exit_process_steps,"{""month"": ""August"", ""year"": ""2025""}",employee
What is the timeline for my final settlement after resignation?,exit_process,exit_final_settlement,"{""month"": ""August"", ""year"": ""2025""}",employee
"I heard there’s a specific exit process, what does it involve?",exit_process,exit_process_steps,"{""month"": ""August"", ""year"": ""2025""}",employee
How does the final settlement work when I leave the company?,exit_process,exit_final_settlement,"{""month"": ""August"", ""year"": ""2025""}",employee
Could you list the exit process steps for me?,exit_process,exit_process_steps,"{""month"": ""August"", ""year"": ""2025""}",employee
What’s included in the final settlement process?,exit_process,exit_final_settlement,"{""month"": ""August"", ""year"": ""2025""}",employee
"I think I need to know the exit process steps, any chance you can help?",exit_process,exit_process_steps,"{""month"": ""August"", ""year"": ""2025""}",employee
Can you tell me what the exit process entails?,exit_process,exit_process_steps,"{""month"": ""August"", ""year"": ""2025""}",employee
What’s the procedure for final settlement after I resign?,exit_process,exit_final_settlement,"{""month"": ""August"", ""year"": ""2025""}",employee
"I’d like to understand the exit process steps better, can you assist?",exit_process,exit_process_steps,"{""month"": ""August"", ""year"": ""2025""}",employee
What’s the final settlement process like?,exit_process,exit_final_settlement,"{""month"": ""August"", ""year"": ""2025""}",employee
"I need to know the exit process steps, where can I find that info?",exit_process,exit_process_steps,"{""month"": ""August"", ""year"": ""2025""}",employee
Could you provide a summary of the exit process steps?,exit_process,exit_process_steps,"{""month"": ""August"", ""year"": ""2025""}",employee
What’s involved in the final settlement process?,exit_process,exit_final_settlement,"{""month"": ""August"", ""year"": ""2025""}",employee
Can you explain the exit process steps to me?,exit_process,exit_process_steps,"{""month"": ""August"", ""year"": ""2025""}",employee
"I need to confirm the exit process steps, can you help?",exit_process,exit_process_steps,"{""month"": ""August"", ""year"": ""2025""}",employee
What’s the final settlement process after I resign?,exit_process,exit_final_settlement,"{""month"": ""August"", ""year"": ""2025""}",employee
Can you tell me about the exit process?,exit_process,exit_process_steps,"{""month"": ""August"", ""year"": ""2025""}",employee
What do I need to do for my exit process?,exit_process,exit_process_steps,"{""month"": ""August"", ""year"": ""2025""}",employee
Could you explain the final settlement process for exiting employees?,exit_process,exit_final_settlement,"{""month"": ""August"", ""year"": ""2025""}",employee
What should I expect in my final settlement after leaving?,exit_process,exit_final_settlement,"{""month"": ""August"", ""year"": ""2025""}",employee
Can you provide details on the final settlement process?,exit_process,exit_final_settlement,"{""month"": ""August"", ""year"": ""2025""}",employee
"I need to understand the final settlement for my exit, any info?",exit_process,exit_final_settlement,"{""month"": ""August"", ""year"": ""2025""}",employee
What are the components of the final settlement during the exit process?,exit_process,exit_final_settlement,"{""month"": ""August"", ""year"": ""2025""}",employee
Could you remind me of the registered address for my exit process?,exit_process,exit_process_steps,"{""month"": ""August"", ""year"": ""2025""}",hr
When was the last time my contact info was updated for the exit process?,exit_process,exit_process_steps,"{""month"": ""August"", ""year"": ""2025""}",hr
"I think my registered email needs to be checked for the exit process, can you confirm?",exit_process,exit_process_steps,"{""month"": ""August"", ""year"": ""2025""}",hr
Where can I find the details about my emergency contact for the exit process?,exit_process,exit_process_steps,"{""month"": ""August"", ""year"": ""2025""}",hr
Could you check if my emergency contact is up to date for the exit process?,exit_process,exit_process_steps,"{""month"": ""August"", ""year"": ""2025""}",hr
Can you provide the leave balance for employees exiting this month?,exit_process,exit_process_steps,"{""month"": ""August"", ""year"": ""2025""}",hr
What types of leave are available for employees during the exit process?,exit_process,exit_process_steps,"{""month"": ""August"", ""year"": ""2025""}",hr
Could you show me the leave history for employees who are exiting?,exit_process,exit_process_steps,"{""month"": ""August"", ""year"": ""2025""}",hr
Is there a report on upcoming leaves for employees exiting soon?,exit_process,exit_process_steps,"{""month"": ""August"", ""year"": ""2025""}",hr
Can you provide a headcount report for employees in the exit process?,exit_process,exit_process_steps,"{""month"": ""August"", ""year"": ""2025""}",hr
What is the current headcount of employees going through the exit process?,exit_process,exit_process_steps,"{""month"": ""August"", ""year"": ""2025""}",hr
Could you export the headcount data for employees exiting this month?,exit_process,exit_process_steps,"{""month"": ""August"", ""year"": ""2025""}",hr
Can you give me a report on leave balances for employees exiting?,exit_process,exit_process_steps,"{""month"": ""August"", ""year"": ""2025""}",hr
What filters can I apply to view leave reports for exiting employees?,exit_process,exit_process_steps,"{""month"": ""August"", ""year"": ""2025""}",hr
Is there a way to export leave reports for employees in the exit process?,exit_process,exit_process_steps,"{""month"": ""August"", ""year"": ""2025""}",hr
Can you provide performance metrics for employees who are exiting?,exit_process,exit_process_steps,"{""month"": ""August"", ""year"": ""2025""}",hr
What are the timings for processing exits this month?,exit_process,exit_process_steps,"{""month"": ""August"", ""year"": ""2025""}",hr
Could you check the security protocols for the exit process?,exit_process,exit_process_steps,"{""month"": ""August"", ""year"": ""2025""}",hr
Are there any access controls I should be aware of for the exit process?,exit_process,exit_process_steps,"{""month"": ""August"", ""year"": ""2025""}",hr
Can you tell me about the logging procedures during the exit process?,exit_process,exit_process_steps,"{""month"": ""August"", ""year"": ""2025""}",hr
What is the availability of the HR system during the exit process?,exit_process,exit_process_steps,"{""month"": ""August"", ""year"": ""2025""}",hr
Is there any maintenance scheduled that might affect the exit process?,exit_process,exit_process_steps,"{""month"": ""August"", ""year"": ""2025""}",hr
What should I do if I encounter an error during the exit process?,exit_process,exit_process_steps,"{""month"": ""August"", ""year"": ""2025""}",hr
Can you provide the steps for handling issues in the exit process?,exit_process,exit_process_steps,"{""month"": ""August"", ""year"": ""2025""}",hr
"I think I need to know the exit process steps for my colleague, can you help?",exit_process,exit_process_steps,"{""month"": ""August"", ""year"": ""2025""}",hr
What are the final settlement details for my team members exiting?,exit_process,exit_final_settlement,"{""month"": ""August"", ""year"": ""2025""}",hr
"I need to know the exit process steps, please.",exit_process,exit_process_steps,"{""month"": ""August"", ""year"": ""2025""}",employee
Can you tell me how to initiate the exit process?,exit_process,exit_process_steps,"{""month"": ""August"", ""year"": ""2025""}",employee
What should I do for my exit process?,exit_process,exit_process_steps,"{""month"": ""August"", ""year"": ""2025""}",employee
Could you provide me with the final settlement details for my exit?,exit_process,exit_final_settlement,"{""month"": ""August"", ""year"": ""2025""}",employee
I’m curious about my final settlement during the exit process.,exit_process,exit_final_settlement,"{""month"": ""August"", ""year"": ""2025""}",employee
What does the final settlement entail in the exit process?,exit_process,exit_final_settlement,"{""month"": ""August"", ""year"": ""2025""}",employee
Can I get details on the final settlement for my exit?,exit_process,exit_final_settlement,"{""month"": ""August"", ""year"": ""2025""}",employee
Could you help me understand the exit process steps?,exit_process,exit_process_steps,"{""month"": ""August"", ""year"": ""2025""}",employee
"I think I need to know the exit process steps, right?",exit_process,exit_process_steps,"{""month"": ""August"", ""year"": ""2025""}",employee
Where can I find information about the exit process steps?,exit_process,exit_process_steps,"{""month"": ""August"", ""year"": ""2025""}",employee
What are the steps I should follow for my exit?,exit_process,exit_process_steps,"{""month"": ""August"", ""year"": ""2025""}",employee
I need to check the final settlement details for my exit.,exit_process,exit_final_settlement,"{""month"": ""August"", ""year"": ""2025""}",employee
What do I need to know about my final settlement during the exit?,exit_process,exit_final_settlement,"{""month"": ""August"", ""year"": ""2025""}",employee
Could you clarify the final settlement process for my exit?,exit_process,exit_final_settlement,"{""month"": ""August"", ""year"": ""2025""}",employee
What’s included in the final settlement for my exit process?,exit_process,exit_final_settlement,"{""month"": ""August"", ""year"": ""2025""}",employee
Can you provide the exit process steps for my colleague?,exit_process,exit_process_steps,"{""month"": ""August"", ""year"": ""2025""}",hr
What are the exit process steps for an employee leaving?,exit_process,exit_process_steps,"{""month"": ""August"", ""year"": ""2025""}",hr
Could you share the exit process steps for someone else?,exit_process,exit_process_steps,"{""month"": ""August"", ""year"": ""2025""}",hr
I need to explain the exit process steps to another employee.,exit_process,exit_process_steps,"{""month"": ""August"", ""year"": ""2025""}",hr
What should I tell an employee about the exit process steps?,exit_process,exit_process_steps,"{""month"": ""August"", ""year"": ""2025""}",hr
Can you provide the final settlement details for an employee exiting?,exit_process,exit_final_settlement,"{""month"": ""August"", ""year"": ""2025""}",hr
What does the final settlement look like for an employee leaving?,exit_process,exit_final_settlement,"{""month"": ""August"", ""year"": ""2025""}",hr
Could you clarify the final settlement for a departing employee?,exit_process,exit_final_settlement,"{""month"": ""August"", ""year"": ""2025""}",hr
What are the components of the final settlement for an exit?,exit_process,exit_final_settlement,"{""month"": ""August"", ""year"": ""2025""}",hr
Can you help me with the exit process steps for a colleague?,exit_process,exit_process_steps,"{""month"": ""August"", ""year"": ""2025""}",hr
What should I know about the exit process for an employee?,exit_process,exit_process_steps,"{""month"": ""August"", ""year"": ""2025""}",hr
Could you tell me the exit process steps for another employee?,exit_process,exit_process_steps,"{""month"": ""August"", ""year"": ""2025""}",hr
What are the exit process steps I should communicate to staff?,exit_process,exit_process_steps,"{""month"": ""August"", ""year"": ""2025""}",hr
Can you provide the final settlement process for an employee exiting?,exit_process,exit_final_settlement,"{""month"": ""August"", ""year"": ""2025""}",hr
What’s included in the final settlement for an employee leaving?,exit_process,exit_final_settlement,"{""month"": ""August"", ""year"": ""2025""}",hr
Could you share the final settlement details for a departing employee?,exit_process,exit_final_settlement,"{""month"": ""August"", ""year"": ""2025""}",hr
What do I need to know about the final settlement for an exit?,exit_process,exit_final_settlement,"{""month"": ""August"", ""year"": ""2025""}",hr
Can you tell me the steps involved in the exit process?,exit_process,exit_process_steps,"{""month"": ""August"", ""year"": ""2025""}",employee
I’m curious about the exit process; can you help?,exit_process,exit_process_steps,"{""month"": ""August"", ""year"": ""2025""}",employee
Can you tell me what I need for my exit final settlement?,exit_process,exit_final_settlement,"{""month"": ""August"", ""year"": ""2025""}",employee
"I think I need to know the exit process steps, can you assist?",exit_process,exit_process_steps,"{""month"": ""August"", ""year"": ""2025""}",employee
Could you provide the exit final settlement details?,exit_process,exit_final_settlement,"{""month"": ""August"", ""year"": ""2025""}",employee
What’s the procedure for my exit process?,exit_process,exit_process_steps,"{""month"": ""August"", ""year"": ""2025""}",employee
Can you clarify the exit process for me?,exit_process,exit_process_steps,"{""month"": ""August"", ""year"": ""2025""}",employee
What should I know about my exit final settlement?,exit_process,exit_final_settlement,"{""month"": ""August"", ""year"": ""2025""}",employee
"I need to understand the exit process steps better, please.",exit_process,exit_process_steps,"{""month"": ""August"", ""year"": ""2025""}",employee
What’s included in the exit final settlement?,exit_process,exit_final_settlement,"{""month"": ""August"", ""year"": ""2025""}",employee
What do I need for my exit final settlement?,exit_process,exit_final_settlement,"{""month"": ""August"", ""year"": ""2025""}",employee
Could you explain the exit process steps to me?,exit_process,exit_process_steps,"{""month"": ""August"", ""year"": ""2025""}",employee
What are the requirements for the exit final settlement?,exit_process,exit_final_settlement,"{""month"": ""August"", ""year"": ""2025""}",employee
How do I initiate the exit process?,exit_process,exit_process_steps,"{""month"": ""August"", ""year"": ""2025""}",employee
What’s the timeline for my exit final settlement?,exit_process,exit_final_settlement,"{""month"": ""August"", ""year"": ""2025""}",employee
Can you provide a checklist for the exit process?,exit_process,exit_process_steps,"{""month"": ""August"", ""year"": ""2025""}",employee
What should I prepare for my exit final settlement?,exit_process,exit_final_settlement,"{""month"": ""August"", ""year"": ""2025""}",employee
Could you summarize the exit process steps?,exit_process,exit_process_steps,"{""month"": ""August"", ""year"": ""2025""}",employee
What is the exit final settlement process like?,exit_process,exit_final_settlement,"{""month"": ""August"", ""year"": ""2025""}",employee
Can you tell me about the exit process steps?,exit_process,exit_process_steps,"{""month"": ""August"", ""year"": ""2025""}",employee
What’s the exit final settlement timeline?,exit_process,exit_final_settlement,"{""month"": ""August"", ""year"": ""2025""}",employee
How do I proceed with the exit process?,exit_process,exit_process_steps,"{""month"": ""August"", ""year"": ""2025""}",employee
What’s the next step in my exit final settlement?,exit_process,exit_final_settlement,"{""month"": ""August"", ""year"": ""2025""}",employee
Could you walk me through the exit process?,exit_process,exit_process_steps,"{""month"": ""August"", ""year"": ""2025""}",employee
What do I need to know about the exit final settlement?,exit_process,exit_final_settlement,"{""month"": ""August"", ""year"": ""2025""}",employee
Can you provide details on the exit process steps?,exit_process,exit_process_steps,"{""month"": ""August"", ""year"": ""2025""}",employee
What’s the exit final settlement procedure?,exit_process,exit_final_settlement,"{""month"": ""August"", ""year"": ""2025""}",employee
I need clarification on the exit process steps.,exit_process,exit_process_steps,"{""month"": ""August"", ""year"": ""2025""}",employee
What’s involved in the exit final settlement?,exit_process,exit_final_settlement,"{""month"": ""August"", ""year"": ""2025""}",employee
Can you help me understand the exit process?,exit_process,exit_process_steps,"{""month"": ""August"", ""year"": ""2025""}",employee
What’s the procedure for my exit final settlement?,exit_process,exit_final_settlement,"{""month"": ""August"", ""year"": ""2025""}",employee
Could you explain the exit process to me?,exit_process,exit_process_steps,"{""month"": ""August"", ""year"": ""2025""}",employee
What’s the exit final settlement timeline like?,exit_process,exit_final_settlement,"{""month"": ""August"", ""year"": ""2025""}",employee
Can you summarize the exit process for me?,exit_process,exit_process_steps,"{""month"": ""August"", ""year"": ""2025""}",employee
What’s the next step in my exit process?,exit_process,exit_process_steps,"{""month"": ""August"", ""year"": ""2025""}",employee
What do I need for my exit final settlement process?,exit_process,exit_final_settlement,"{""month"": ""August"", ""year"": ""2025""}",employee
I'm not sure what the final settlement process looks like when leaving the company.,exit_process,exit_final_settlement,"{""month"": ""August"", ""year"": ""2025""}",employee
What are the steps I need to follow for exiting the organization?,exit_process,exit_process_steps,"{""month"": ""August"", ""year"": ""2025""}",employee
Can you tell me about the final settlement details when I resign?,exit_process,exit_final_settlement,"{""month"": ""August"", ""year"": ""2025""}",employee
I think I need to know the exit process steps for my resignation.,exit_process,exit_process_steps,"{""month"": ""August"", ""year"": ""2025""}",employee
Could you provide me with the exit process steps?,exit_process,exit_process_steps,"{""month"": ""August"", ""year"": ""2025""}",employee
What does the final settlement process entail?,exit_process,exit_final_settlement,"{""month"": ""August"", ""year"": ""2025""}",employee
I need to understand what happens during the final settlement when I leave.,exit_process,exit_final_settlement,"{""month"": ""August"", ""year"": ""2025""}",employee
What are the necessary steps for exiting the company?,exit_process,exit_process_steps,"{""month"": ""August"", ""year"": ""2025""}",employee
Could you clarify the final settlement process for me?,exit_process,exit_final_settlement,"{""month"": ""August"", ""year"": ""2025""}",employee
What should I know about my final settlement before leaving?,exit_process,exit_final_settlement,"{""month"": ""August"", ""year"": ""2025""}",employee
What is included in the final settlement when I resign?,exit_process,exit_final_settlement,"{""month"": ""August"", ""year"": ""2025""}",employee
I think I need a rundown of the exit process steps.,exit_process,exit_process_steps,"{""month"": ""August"", ""year"": ""2025""}",employee
Could you provide details about the final settlement process?,exit_process,exit_final_settlement,"{""month"": ""August"", ""year"": ""2025""}",employee
Can you explain what the final settlement includes?,exit_process,exit_final_settlement,"{""month"": ""August"", ""year"": ""2025""}",employee
I need to know the exit process steps for my upcoming resignation.,exit_process,exit_process_steps,"{""month"": ""August"", ""year"": ""2025""}",employee
What do I need to know about the final settlement before I leave?,exit_process,exit_final_settlement,"{""month"": ""August"", ""year"": ""2025""}",employee
What is the procedure for final settlement after resignation?,exit_process,exit_final_settlement,"{""month"": ""August"", ""year"": ""2025""}",employee
Could you tell me the steps involved in the exit process?,exit_process,exit_process_steps,"{""month"": ""August"", ""year"": ""2025""}",employee
What should I expect in my final settlement when I leave?,exit_process,exit_final_settlement,"{""month"": ""August"", ""year"": ""2025""}",employee
Can you provide a summary of the exit process steps?,exit_process,exit_process_steps,"{""month"": ""August"", ""year"": ""2025""}",employee
What details should I know about the final settlement process?,exit_process,exit_final_settlement,"{""month"": ""August"", ""year"": ""2025""}",employee
How do I go about the exit process?,exit_process,exit_process_steps,"{""month"": ""August"", ""year"": ""2025""}",employee
Could you share the exit process steps with me?,exit_process,exit_process_steps,"{""month"": ""August"", ""year"": ""2025""}",employee
What should I be aware of regarding my final settlement?,exit_process,exit_final_settlement,"{""month"": ""August"", ""year"": ""2025""}",employee
What does the final settlement process involve?,exit_process,exit_final_settlement,"{""month"": ""August"", ""year"": ""2025""}",employee
What can you tell me about the final settlement process?,exit_process,exit_final_settlement,"{""month"": ""August"", ""year"": ""2025""}",employee
"I think I need to know about the exit process steps, can you help?",exit_process,exit_process_steps,"{""month"": ""August"", ""year"": ""2025"", ""leave_type"": ""vacation""}",employee
Can you tell me what I should do for my exit process?,exit_process,exit_process_steps,"{""month"": ""August"", ""year"": ""2025"", ""leave_type"": ""vacation""}",employee
What is the final settlement process when leaving the company?,exit_process,exit_final_settlement,"{""month"": ""August"", ""year"": ""2025"", ""leave_type"": ""vacation""}",employee
I need information on the final settlement after exiting. Can you help?,exit_process,exit_final_settlement,"{""month"": ""August"", ""year"": ""2025"", ""leave_type"": ""vacation""}",employee
What do I need to know about my final settlement when I exit?,exit_process,exit_final_settlement,"{""month"": ""August"", ""year"": ""2025"", ""leave_type"": ""vacation""}",employee
What are the exit process steps for an employee leaving the company?,exit_process,exit_process_steps,"{""month"": ""August"", ""year"": ""2025"", ""leave_type"": ""vacation""}",hr
"I need to explain the exit process to someone, what should I say?",exit_process,exit_process_steps,"{""month"": ""August"", ""year"": ""2025"", ""leave_type"": ""vacation""}",hr
Can you summarize the exit process steps for me to share with an employee?,exit_process,exit_process_steps,"{""month"": ""August"", ""year"": ""2025"", ""leave_type"": ""vacation""}",hr
What is the final settlement process for an employee exiting?,exit_process,exit_final_settlement,"{""month"": ""August"", ""year"": ""2025"", ""leave_type"": ""vacation""}",hr
Could you clarify the final settlement process for someone leaving?,exit_process,exit_final_settlement,"{""month"": ""August"", ""year"": ""2025"", ""leave_type"": ""vacation""}",hr
What should I tell an employee about their final settlement upon exit?,exit_process,exit_final_settlement,"{""month"": ""August"", ""year"": ""2025"", ""leave_type"": ""vacation""}",hr
Can you provide details on the final settlement for an employee exiting?,exit_process,exit_final_settlement,"{""month"": ""August"", ""year"": ""2025"", ""leave_type"": ""vacation""}",hr
I think I need to check the exit process steps for my exit. Any ideas?,exit_process,exit_process_steps,"{""month"": ""August"", ""year"": ""2025"", ""leave_type"": ""vacation""}",employee
Where can I find the exit process steps?,exit_process,exit_process_steps,"{""month"": ""August"", ""year"": ""2025"", ""leave_type"": ""vacation""}",employee
Is there a document outlining the exit process steps?,exit_process,exit_process_steps,"{""month"": ""August"", ""year"": ""2025"", ""leave_type"": ""vacation""}",employee
Can you remind me of the final settlement process when leaving?,exit_process,exit_final_settlement,"{""month"": ""August"", ""year"": ""2025"", ""leave_type"": ""vacation""}",employee
What are the key points of the exit process I should be aware of?,exit_process,exit_process_steps,"{""month"": ""August"", ""year"": ""2025"", ""leave_type"": ""vacation""}",employee
Could you help me understand the final settlement process?,exit_process,exit_final_settlement,"{""month"": ""August"", ""year"": ""2025"", ""leave_type"": ""vacation""}",employee
What steps should I follow for my exit process?,exit_process,exit_process_steps,"{""month"": ""August"", ""year"": ""2025"", ""leave_type"": ""vacation""}",employee
Can you clarify what I need to do for my final settlement?,exit_process,exit_final_settlement,"{""month"": ""August"", ""year"": ""2025"", ""leave_type"": ""vacation""}",employee
What are the exit process steps for my friend?,exit_process,exit_process_steps,"{""month"": ""August"", ""year"": ""2025"", ""leave_type"": ""vacation""}",hr
Can you provide the exit process steps for an employee?,exit_process,exit_process_steps,"{""month"": ""August"", ""year"": ""2025"", ""leave_type"": ""vacation""}",hr
What should I inform an employee about their exit process?,exit_process,exit_process_steps,"{""month"": ""August"", ""year"": ""2025"", ""leave_type"": ""vacation""}",hr
Could you summarize the final settlement process for an employee?,exit_process,exit_final_settlement,"{""month"": ""August"", ""year"": ""2025"", ""leave_type"": ""vacation""}",hr
What is the procedure for final settlement when an employee exits?,exit_process,exit_final_settlement,"{""month"": ""August"", ""year"": ""2025"", ""leave_type"": ""vacation""}",hr
Can you tell me the exit process steps for a departing employee?,exit_process,exit_process_steps,"{""month"": ""August"", ""year"": ""2025"", ""leave_type"": ""vacation""}",hr
What are the final settlement details for someone leaving the company?,exit_process,exit_final_settlement,"{""month"": ""August"", ""year"": ""2025"", ""leave_type"": ""vacation""}",hr
Could you help me with the exit process steps for a colleague?,exit_process,exit_process_steps,"{""month"": ""August"", ""year"": ""2025"", ""leave_type"": ""vacation""}",hr
What should I know about the final settlement for an employee exiting?,exit_process,exit_final_settlement,"{""month"": ""August"", ""year"": ""2025"", ""leave_type"": ""vacation""}",hr
Can you provide a brief overview of the exit process steps?,exit_process,exit_process_steps,"{""month"": ""August"", ""year"": ""2025"", ""leave_type"": ""vacation""}",employee
What are the steps for final settlement when someone leaves?,exit_process,exit_final_settlement,"{""month"": ""August"", ""year"": ""2025"", ""leave_type"": ""vacation""}",hr
I need to know the exit process steps for my resignation.,exit_process,exit_process_steps,"{""month"": ""August"", ""year"": ""2025""}",employee
What do I need to do for the exit process?,exit_process,exit_process_steps,"{""month"": ""August"", ""year"": ""2025""}",employee
I think I need to understand the exit process better.,exit_process,exit_process_steps,"{""month"": ""August"", ""year"": ""2025""}",employee
What is the final settlement procedure upon exit?,exit_process,exit_final_settlement,"{""month"": ""August"", ""year"": ""2025""}",employee
How does the final settlement work when I leave?,exit_process,exit_final_settlement,"{""month"": ""August"", ""year"": ""2025""}",employee
What should I expect in my final settlement after resigning?,exit_process,exit_final_settlement,"{""month"": ""August"", ""year"": ""2025""}",employee
Can you provide details on the final settlement for my exit?,exit_process,exit_final_settlement,"{""month"": ""August"", ""year"": ""2025""}",employee
I need to know about the final settlement process for my exit.,exit_process,exit_final_settlement,"{""month"": ""August"", ""year"": ""2025""}",employee
What are the steps for final settlement during the exit process?,exit_process,exit_final_settlement,"{""month"": ""August"", ""year"": ""2025""}",employee
Could you tell me how to check my registered email for the exit process?,exit_process,exit_process_steps,"{""month"": ""August"", ""year"": ""2025""}",hr
When was the last time my emergency contact info was updated?,exit_process,exit_process_steps,"{""month"": ""August"", ""year"": ""2025""}",hr
Can you confirm my registered address for the exit process?,exit_process,exit_process_steps,"{""month"": ""August"", ""year"": ""2025""}",hr
What is the registered email for employee ID 12345?,exit_process,exit_process_steps,"{""month"": ""August"", ""year"": ""2025""}",hr
I need to know the last update date for my contact information.,exit_process,exit_process_steps,"{""month"": ""August"", ""year"": ""2025""}",hr
Could you check if my registered address is correct?,exit_process,exit_process_steps,"{""month"": ""August"", ""year"": ""2025""}",hr
What are the steps for processing leave balances during exit?,exit_process,exit_process_steps,"{""month"": ""August"", ""year"": ""2025""}",hr
How do I access the leave history for an employee leaving?,exit_process,exit_process_steps,"{""month"": ""August"", ""year"": ""2025""}",hr
Can you provide the leave balance for employee ID 54321?,exit_process,exit_process_steps,"{""month"": ""August"", ""year"": ""2025""}",hr
What types of leave are available for employees exiting?,exit_process,exit_process_steps,"{""month"": ""August"", ""year"": ""2025""}",hr
How can I check upcoming leave for an employee who is exiting?,exit_process,exit_process_steps,"{""month"": ""August"", ""year"": ""2025""}",hr
Can you tell me about the headcount report for employees exiting?,exit_process,exit_process_steps,"{""month"": ""August"", ""year"": ""2025""}",hr
What is the current headcount of employees in the exit process?,exit_process,exit_process_steps,"{""month"": ""August"", ""year"": ""2025""}",hr
How do I export the headcount data for the exit process?,exit_process,exit_process_steps,"{""month"": ""August"", ""year"": ""2025""}",hr
Can you show me the headcount report for this month?,exit_process,exit_process_steps,"{""month"": ""August"", ""year"": ""2025""}",hr
What filters can I apply to the exit headcount report?,exit_process,exit_process_steps,"{""month"": ""August"", ""year"": ""2025""}",hr
How do I generate a leave report for employees exiting?,exit_process,exit_process_steps,"{""month"": ""August"", ""year"": ""2025""}",hr
Can you help me with the leave report for the last quarter?,exit_process,exit_process_steps,"{""month"": ""August"", ""year"": ""2025""}",hr
What types of leave reports are available for exiting employees?,exit_process,exit_process_steps,"{""month"": ""August"", ""year"": ""2025""}",hr
How can I filter the leave report for employees leaving this month?,exit_process,exit_process_steps,"{""month"": ""August"", ""year"": ""2025""}",hr
Can you provide the performance metrics for employees in the exit process?,exit_process,exit_process_steps,"{""month"": ""August"", ""year"": ""2025""}",hr
What is the timing for processing exit interviews?,exit_process,exit_process_steps,"{""month"": ""August"", ""year"": ""2025""}",hr
How do I access the logs for exit process activities?,exit_process,exit_process_steps,"{""month"": ""August"", ""year"": ""2025""}",hr
Can you tell me about the security measures during the exit process?,exit_process,exit_process_steps,"{""month"": ""August"", ""year"": ""2025""}",hr
What maintenance is scheduled for the exit process system?,exit_process,exit_process_steps,"{""month"": ""August"", ""year"": ""2025""}",hr
I'm looking for information on the exit process. Can you help?,exit_process,exit_process_steps,"{""month"": ""August"", ""year"": ""2025"", ""leave_type"": ""vacation""}",employee
Can you tell me what the exit final settlement entails?,exit_process,exit_final_settlement,"{""month"": ""August"", ""year"": ""2025"", ""leave_type"": ""vacation""}",employee
What should I expect in my final settlement during the exit process?,exit_process,exit_final_settlement,"{""month"": ""August"", ""year"": ""2025"", ""leave_type"": ""vacation""}",employee
What are the key steps in the exit process?,exit_process,exit_process_steps,"{""month"": ""August"", ""year"": ""2025"", ""leave_type"": ""vacation""}",employee
Can you provide details on the exit final settlement process?,exit_process,exit_final_settlement,"{""month"": ""August"", ""year"": ""2025"", ""leave_type"": ""vacation""}",employee
What do I need to know about my final settlement when exiting?,exit_process,exit_final_settlement,"{""month"": ""August"", ""year"": ""2025"", ""leave_type"": ""vacation""}",employee
Could you let me know how to initiate the exit process?,exit_process,exit_process_steps,"{""month"": ""August"", ""year"": ""2025"", ""leave_type"": ""vacation""}",employee
Is there a checklist for the exit process I could refer to?,exit_process,exit_process_steps,"{""month"": ""August"", ""year"": ""2025"", ""leave_type"": ""vacation""}",employee
What is included in the exit final settlement?,exit_process,exit_final_settlement,"{""month"": ""August"", ""year"": ""2025"", ""leave_type"": ""vacation""}",employee
"I need to understand the exit final settlement better, any insights?",exit_process,exit_final_settlement,"{""month"": ""August"", ""year"": ""2025"", ""leave_type"": ""vacation""}",employee
What are the necessary steps for completing the exit process?,exit_process,exit_process_steps,"{""month"": ""August"", ""year"": ""2025"", ""leave_type"": ""vacation""}",employee
Could you provide a summary of the exit final settlement?,exit_process,exit_final_settlement,"{""month"": ""August"", ""year"": ""2025"", ""leave_type"": ""vacation""}",employee
What documents do I need for the exit process?,exit_process,exit_process_steps,"{""month"": ""August"", ""year"": ""2025"", ""leave_type"": ""vacation""}",employee
Can you tell me how the exit final settlement is calculated?,exit_process,exit_final_settlement,"{""month"": ""August"", ""year"": ""2025"", ""leave_type"": ""vacation""}",employee
What happens during the exit process?,exit_process,exit_process_steps,"{""month"": ""August"", ""year"": ""2025"", ""leave_type"": ""vacation""}",employee
Could you share the exit final settlement timeline?,exit_process,exit_final_settlement,"{""month"": ""August"", ""year"": ""2025"", ""leave_type"": ""vacation""}",employee
What is the procedure for the exit final settlement?,exit_process,exit_final_settlement,"{""month"": ""August"", ""year"": ""2025"", ""leave_type"": ""vacation""}",employee
Can you confirm the exit process steps for me?,exit_process,exit_process_steps,"{""month"": ""August"", ""year"": ""2025"", ""leave_type"": ""vacation""}",employee
Could you clarify what the exit process involves?,exit_process,exit_process_steps,"{""month"": ""August"", ""year"": ""2025"", ""leave_type"": ""vacation""}",employee
Can you provide the steps for the exit process?,exit_process,exit_process_steps,"{""month"": ""August"", ""year"": ""2025"", ""leave_type"": ""vacation""}",employee
What details should I know about the exit final settlement?,exit_process,exit_final_settlement,"{""month"": ""August"", ""year"": ""2025"", ""leave_type"": ""vacation""}",employee
Could you outline the exit process steps for me?,exit_process,exit_process_steps,"{""month"": ""August"", ""year"": ""2025"", ""leave_type"": ""vacation""}",employee
Can you tell me what to expect during the exit process?,exit_process,exit_process_steps,"{""month"": ""August"", ""year"": ""2025"", ""leave_type"": ""vacation""}",employee
What are the exit final settlement requirements?,exit_process,exit_final_settlement,"{""month"": ""August"", ""year"": ""2025"", ""leave_type"": ""vacation""}",employee
Could you explain the exit process steps in a bit more detail?,exit_process,exit_process_steps,"{""month"": ""August"", ""year"": ""2025"", ""leave_type"": ""vacation""}",employee
What is the timeline for my exit final settlement?,exit_process,exit_final_settlement,"{""month"": ""August"", ""year"": ""2025"", ""leave_type"": ""vacation""}",employee
Can you provide a brief overview of the exit process?,exit_process,exit_process_steps,"{""month"": ""August"", ""year"": ""2025"", ""leave_type"": ""vacation""}",employee
What should I know about the exit final settlement?,exit_process,exit_final_settlement,"{""month"": ""August"", ""year"": ""2025"", ""leave_type"": ""vacation""}",employee
What are the key components of the exit final settlement?,exit_process,exit_final_settlement,"{""month"": ""August"", ""year"": ""2025"", ""leave_type"": ""vacation""}",employee
Could you provide me with the exit process details?,exit_process,exit_process_steps,"{""month"": ""August"", ""year"": ""2025"", ""leave_type"": ""vacation""}",employee
I need to know how to complete my exit process. Can you help?,exit_process,exit_process_steps,"{""month"": ""August"", ""year"": ""2025""}",employee
Is there a checklist for the exit process?,exit_process,exit_process_steps,"{""month"": ""August"", ""year"": ""2025""}",employee
How do I go about my exit process?,exit_process,exit_process_steps,"{""month"": ""August"", ""year"": ""2025""}",employee
What’s the procedure for the exit process?,exit_process,exit_process_steps,"{""month"": ""August"", ""year"": ""2025""}",employee
I think I need to know about my final settlement after exiting. Can you help?,exit_process,exit_final_settlement,"{""month"": ""August"", ""year"": ""2025""}",employee
What is included in the final settlement during the exit process?,exit_process,exit_final_settlement,"{""month"": ""August"", ""year"": ""2025""}",employee
Can you tell me what I should expect in my final settlement?,exit_process,exit_final_settlement,"{""month"": ""August"", ""year"": ""2025""}",employee
I need information about my final settlement after I leave. What should I know?,exit_process,exit_final_settlement,"{""month"": ""August"", ""year"": ""2025""}",employee
What are the components of the final settlement for exiting employees?,exit_process,exit_final_settlement,"{""month"": ""August"", ""year"": ""2025""}",employee
Could you clarify what the final settlement entails?,exit_process,exit_final_settlement,"{""month"": ""August"", ""year"": ""2025""}",employee
Can I get a summary of the exit process for employees?,exit_process,exit_process_steps,"{""month"": ""August"", ""year"": ""2025""}",hr
What should I inform the team regarding the exit process?,exit_process,exit_process_steps,"{""month"": ""August"", ""year"": ""2025""}",hr
Can you provide an overview of the exit process for our records?,exit_process,exit_process_steps,"{""month"": ""August"", ""year"": ""2025""}",hr
What are the exit process steps I should communicate to employees?,exit_process,exit_process_steps,"{""month"": ""August"", ""year"": ""2025""}",hr
I need to know the final settlement details for an employee leaving soon. Can you help?,exit_process,exit_final_settlement,"{""month"": ""August"", ""year"": ""2025""}",hr
What should I include in the final settlement for departing employees?,exit_process,exit_final_settlement,"{""month"": ""August"", ""year"": ""2025""}",hr
Can you remind me of the final settlement process for an employee exiting?,exit_process,exit_final_settlement,"{""month"": ""August"", ""year"": ""2025""}",hr
What are the necessary steps for final settlement during the exit process?,exit_process,exit_final_settlement,"{""month"": ""August"", ""year"": ""2025""}",hr
I think I need to check the exit process steps for an employee. Can you assist?,exit_process,exit_process_steps,"{""month"": ""August"", ""year"": ""2025""}",hr
What are the exit process requirements for employees?,exit_process,exit_process_steps,"{""month"": ""August"", ""year"": ""2025""}",hr
Could you provide the exit process guidelines for our team?,exit_process,exit_process_steps,"{""month"": ""August"", ""year"": ""2025""}",hr
What should I tell an employee about their final settlement?,exit_process,exit_final_settlement,"{""month"": ""August"", ""year"": ""2025""}",hr
What’s the timeline for the final settlement during the exit process?,exit_process,exit_final_settlement,"{""month"": ""August"", ""year"": ""2025""}",hr
How do I ensure the final settlement is processed correctly?,exit_process,exit_final_settlement,"{""month"": ""August"", ""year"": ""2025""}",hr
What documentation is required for the exit process?,exit_process,exit_process_steps,"{""month"": ""August"", ""year"": ""2025""}",hr
Can you provide a checklist for the exit process steps?,exit_process,exit_process_steps,"{""month"": ""August"", ""year"": ""2025""}",hr
What are the exit process timelines I should be aware of?,exit_process,exit_process_steps,"{""month"": ""August"", ""year"": ""2025""}",hr
Could you clarify the final settlement process for an employee leaving?,exit_process,exit_final_settlement,"{""month"": ""August"", ""year"": ""2025""}",hr
What should I know about the exit process for employees?,exit_process,exit_process_steps,"{""month"": ""August"", ""year"": ""2025""}",hr
Can you outline the final settlement details for departing employees?,exit_process,exit_final_settlement,"{""month"": ""August"", ""year"": ""2025""}",hr
What’s the process for final settlement after an employee exits?,exit_process,exit_final_settlement,"{""month"": ""August"", ""year"": ""2025""}",hr
How do I communicate the exit process to an employee?,exit_process,exit_process_steps,"{""month"": ""August"", ""year"": ""2025""}",hr
What are the key points to cover in the exit process?,exit_process,exit_process_steps,"{""month"": ""August"", ""year"": ""2025""}",hr
What should I do first in the exit process?,exit_process,exit_process_steps,{},employee
I think I need to know about the final settlement after leaving.,exit_process,exit_final_settlement,"{""month"": ""August"", ""year"": ""2025""}",employee
What is included in the final settlement when I exit?,exit_process,exit_final_settlement,"{""month"": ""August"", ""year"": ""2025""}",employee
Can you explain the final settlement process for exiting employees?,exit_process,exit_final_settlement,"{""month"": ""August"", ""year"": ""2025""}",employee
I need details on the final settlement after my exit.,exit_process,exit_final_settlement,"{""month"": ""August"", ""year"": ""2025""}",employee
"I think my exit process might involve some paperwork, right?",exit_process,exit_process_steps,{},employee
Where can I find information about the exit process?,exit_process,exit_process_steps,{},employee
What do I need to submit for my exit process?,exit_process,exit_process_steps,{},employee
Can you tell me about the exit process for my colleague?,exit_process,exit_process_steps,{},hr
What are the exit process steps for employees leaving the company?,exit_process,exit_process_steps,{},hr
I need to know the exit process for someone in my team.,exit_process,exit_process_steps,{},hr
What should I inform the employee about the exit process?,exit_process,exit_process_steps,{},hr
How do I assist an employee with their exit process?,exit_process,exit_process_steps,{},hr
Is there a timeline for the exit process that I should be aware of?,exit_process,exit_process_steps,{},employee
What is the final settlement timeline for exiting employees?,exit_process,exit_final_settlement,"{""month"": ""August"", ""year"": ""2025""}",employee
Can you provide the final settlement details for my exit?,exit_process,exit_final_settlement,"{""month"": ""August"", ""year"": ""2025""}",employee
What deductions will be made during the final settlement?,exit_process,exit_final_settlement,"{""month"": ""August"", ""year"": ""2025""}",employee
How will my final settlement be processed after I leave?,exit_process,exit_final_settlement,"{""month"": ""August"", ""year"": ""2025""}",employee
What happens to my unused leave during the exit process?,exit_process,exit_final_settlement,"{""month"": ""August"", ""year"": ""2025""}",employee
Can I get a summary of the exit process for my records?,exit_process,exit_process_steps,{},employee
How do I check the status of my final settlement?,exit_process,exit_final_settlement,"{""month"": ""August"", ""year"": ""2025""}",employee
Could you provide an overview of the exit process for HR?,exit_process,exit_process_steps,{},hr
What should HR communicate to employees about the exit process?,exit_process,exit_process_steps,{},hr
Is there a specific format for the exit process documentation?,exit_process,exit_process_steps,{},hr
How can I ensure a smooth exit process for employees?,exit_process,exit_process_steps,{},hr
What are the common issues during the exit process?,exit_process,exit_process_steps,{},hr
Can you tell me about the exit process for my team member?,exit_process,exit_process_steps,{},hr
What are the exit process steps for a voluntary resignation?,exit_process,exit_process_steps,{},hr
How does the exit process differ for involuntary terminations?,exit_process,exit_process_steps,{},hr
What should I know about final settlements for departing employees?,exit_process,exit_final_settlement,"{""month"": ""August"", ""year"": ""2025""}",hr
What is the protocol for final settlements during the exit process?,exit_process,exit_final_settlement,"{""month"": ""August"", ""year"": ""2025""}",hr
How do I handle final settlements for employees leaving?,exit_process,exit_final_settlement,"{""month"": ""August"", ""year"": ""2025""}",hr
What are the final settlement details I should be aware of when leaving?,exit_process,exit_final_settlement,"{""month"": ""August"", ""year"": ""2025""}",employee
"I think I need to confirm my registered address for the exit process, can you help?",exit_process,exit_process_steps,"{""month"": ""August"", ""year"": ""2025""}",employee
Where can I find the steps for my exit process?,exit_process,exit_process_steps,"{""month"": ""August"", ""year"": ""2025""}",employee
Could you tell me when my emergency contact info was last updated?,exit_process,exit_process_steps,"{""month"": ""August"", ""year"": ""2025""}",hr
"I need to check my registered email for the exit process notifications, what is it?",exit_process,exit_process_steps,"{""month"": ""August"", ""year"": ""2025""}",employee
Can you remind me what my registered email is for the exit process?,exit_process,exit_process_steps,"{""month"": ""August"", ""year"": ""2025""}",employee
What happens if I can't find my final settlement details?,exit_process,exit_final_settlement,"{""month"": ""August"", ""year"": ""2025""}",employee
Could you provide the exit process steps for my colleague?,exit_process,exit_process_steps,"{""month"": ""August"", ""year"": ""2025""}",hr
"I think I need to verify my leave balance before the exit process, how do I do that?",exit_process,exit_process_steps,"{""month"": ""August"", ""year"": ""2025""}",employee
What are the steps for final settlement after resignation?,exit_process,exit_final_settlement,"{""month"": ""August"", ""year"": ""2025""}",employee
Can you check if my leave balance is updated before I exit?,exit_process,exit_process_steps,"{""month"": ""August"", ""year"": ""2025""}",hr
Could you tell me about the headcount report for employees exiting this month?,exit_process,exit_process_steps,"{""month"": ""August"", ""year"": ""2025""}",hr
"I need to know the upcoming deadlines for the exit process, can you help?",exit_process,exit_process_steps,"{""month"": ""August"", ""year"": ""2025""}",employee
What is the procedure for submitting my final settlement request?,exit_process,exit_final_settlement,"{""month"": ""August"", ""year"": ""2025""}",employee
Can you provide a summary of the exit process for my team member?,exit_process,exit_process_steps,"{""month"": ""August"", ""year"": ""2025""}",hr
"I think my emergency contact needs updating before I leave, how can I check?",exit_process,exit_process_steps,"{""month"": ""August"", ""year"": ""2025""}",employee
What are the specific steps I need to follow for my exit process?,exit_process,exit_process_steps,"{""month"": ""August"", ""year"": ""2025""}",employee
Can you tell me if my leave history is accessible during the exit process?,exit_process,exit_process_steps,"{""month"": ""August"", ""year"": ""2025""}",hr
How do I access my leave balance before completing the exit process?,exit_process,exit_process_steps,"{""month"": ""August"", ""year"": ""2025""}",employee
What should I do if my final settlement details are missing?,exit_process,exit_final_settlement,"{""month"": ""August"", ""year"": ""2025""}",employee
Can you check the headcount report for employees who have exited recently?,exit_process,exit_process_steps,"{""month"": ""August"", ""year"": ""2025""}",hr
"I need to confirm my registered address for the exit process, where can I find it?",exit_process,exit_process_steps,"{""month"": ""August"", ""year"": ""2025""}",employee
What are the requirements for my final settlement?,exit_process,exit_final_settlement,"{""month"": ""August"", ""year"": ""2025""}",employee
Can you provide information on the exit process for my colleague?,exit_process,exit_process_steps,"{""month"": ""August"", ""year"": ""2025""}",hr
Is there a specific format for submitting my final settlement request?,exit_process,exit_final_settlement,"{""month"": ""August"", ""year"": ""2025""}",employee
What happens if I miss the deadline for my exit process?,exit_process,exit_process_steps,"{""month"": ""August"", ""year"": ""2025""}",employee
Can you help me with the exit process steps for someone in my department?,exit_process,exit_process_steps,"{""month"": ""August"", ""year"": ""2025""}",hr
"I think my leave balance should be checked before I exit, how do I do that?",exit_process,exit_process_steps,"{""month"": ""August"", ""year"": ""2025""}",employee
What is the timeline for the final settlement process?,exit_process,exit_final_settlement,"{""month"": ""August"", ""year"": ""2025""}",employee
Can you confirm if my emergency contact details are correct before I leave?,exit_process,exit_process_steps,"{""month"": ""August"", ""year"": ""2025""}",hr
What are the exit process steps for someone in a managerial position?,exit_process,exit_process_steps,"{""month"": ""August"", ""year"": ""2025""}",hr
How can I ensure my leave history is accurate before the exit process?,exit_process,exit_process_steps,"{""month"": ""August"", ""year"": ""2025""}",employee
What should I do if I can't find my registered email for the exit process?,exit_process,exit_process_steps,"{""month"": ""August"", ""year"": ""2025""}",employee
What should I expect in my final settlement after I resign?,exit_process,exit_final_settlement,"{""month"": ""August"", ""year"": ""2025""}",employee
Could you explain the final settlement details for my exit?,exit_process,exit_final_settlement,"{""month"": ""August"", ""year"": ""2025""}",employee
I need to understand the exit process steps for my resignation.,exit_process,exit_process_steps,"{""month"": ""August"", ""year"": ""2025""}",employee
What are the required documents for the exit process?,exit_process,exit_process_steps,"{""month"": ""August"", ""year"": ""2025""}",employee
Can you provide the timeline for the exit process?,exit_process,exit_process_steps,"{""month"": ""August"", ""year"": ""2025""}",employee
I heard there are specific steps for exiting; can you list them?,exit_process,exit_process_steps,"{""month"": ""August"", ""year"": ""2025""}",employee
What is the procedure for my final settlement after leaving?,exit_process,exit_final_settlement,"{""month"": ""August"", ""year"": ""2025""}",employee
Can you clarify what I should expect in my final settlement?,exit_process,exit_final_settlement,"{""month"": ""August"", ""year"": ""2025""}",employee
I think I need to know about the final settlement process.,exit_process,exit_final_settlement,"{""month"": ""August"", ""year"": ""2025""}",employee
Could you remind me of the exit process steps?,exit_process,exit_process_steps,"{""month"": ""August"", ""year"": ""2025""}",employee
What documents do I need for my exit process?,exit_process,exit_process_steps,"{""month"": ""August"", ""year"": ""2025""}",employee
Can you tell me how long the exit process usually takes?,exit_process,exit_process_steps,"{""month"": ""August"", ""year"": ""2025""}",employee
What should I do to ensure my final settlement is processed?,exit_process,exit_final_settlement,"{""month"": ""August"", ""year"": ""2025""}",employee
I need to know the steps for my exit process; can you help?,exit_process,exit_process_steps,"{""month"": ""August"", ""year"": ""2025""}",employee
Could you explain the exit process for my colleague?,exit_process,exit_process_steps,"{""month"": ""August"", ""year"": ""2025""}",hr
Can you detail the final settlement for an employee leaving?,exit_process,exit_final_settlement,"{""month"": ""August"", ""year"": ""2025""}",hr
What should I inform an employee about their final settlement?,exit_process,exit_final_settlement,"{""month"": ""August"", ""year"": ""2025""}",hr
Could you summarize the exit process for someone resigning?,exit_process,exit_process_steps,"{""month"": ""August"", ""year"": ""2025""}",hr
What is the timeline for processing an employee's exit?,exit_process,exit_process_steps,"{""month"": ""August"", ""year"": ""2025""}",hr
Can you provide information on the final settlement for departing employees?,exit_process,exit_final_settlement,"{""month"": ""August"", ""year"": ""2025""}",hr
What steps should I tell an employee to follow for their exit?,exit_process,exit_process_steps,"{""month"": ""August"", ""year"": ""2025""}",hr
How do I handle the final settlement for an employee leaving?,exit_process,exit_final_settlement,"{""month"": ""August"", ""year"": ""2025""}",hr
What details should I provide about the exit process to employees?,exit_process,exit_process_steps,"{""month"": ""August"", ""year"": ""2025""}",hr
Can you clarify the exit process steps for HR?,exit_process,exit_process_steps,"{""month"": ""August"", ""year"": ""2025""}",hr
What should I know about the final settlement for resigning employees?,exit_process,exit_final_settlement,"{""month"": ""August"", ""year"": ""2025""}",hr
What are the key points of the exit process for HR to communicate?,exit_process,exit_process_steps,"{""month"": ""August"", ""year"": ""2025""}",hr
Can you provide a summary of the exit process for employees?,exit_process,exit_process_steps,"{""month"": ""August"", ""year"": ""2025""}",hr
What are the common queries regarding final settlements?,exit_process,exit_final_settlement,"{""month"": ""August"", ""year"": ""2025""}",hr
How should I assist an employee with their exit process?,exit_process,exit_process_steps,"{""month"": ""August"", ""year"": ""2025""}",hr
What information do I need to provide about final settlements?,exit_process,exit_final_settlement,"{""month"": ""August"", ""year"": ""2025""}",hr
What are the exit process steps for an employee who is resigning?,exit_process,exit_process_steps,"{""month"": ""August"", ""year"": ""2025""}",hr
Can you help me understand the final settlement process for employees?,exit_process,exit_final_settlement,"{""month"": ""August"", ""year"": ""2025""}",hr
What should I communicate to employees about the exit process?,exit_process,exit_process_steps,"{""month"": ""August"", ""year"": ""2025""}",hr
Can you tell me what I should do for the exit process?,exit_process,exit_process_steps,{},employee
How does the final settlement work when I exit the company?,exit_process,exit_final_settlement,{},employee
What do I need to know about my final settlement upon exit?,exit_process,exit_final_settlement,{},employee
I think I need to confirm my registered email for the exit process.,exit_process,exit_process_steps,{},employee
Where can I find my registered address for the exit process?,exit_process,exit_process_steps,{},employee
Can you tell me when my emergency contact info was last updated?,exit_process,exit_process_steps,{},employee
What is the registered email I should use for the exit process?,exit_process,exit_process_steps,{},employee
"I need to check my registered address for the exit process, can you help?",exit_process,exit_process_steps,{},employee
Could you remind me of the steps for my exit process?,exit_process,exit_process_steps,{},employee
Can you provide details on the exit process for my resignation?,exit_process,exit_process_steps,{},employee
What do I need to do for my final settlement after leaving?,exit_process,exit_final_settlement,{},employee
Is there a specific process for final settlement when I exit?,exit_process,exit_final_settlement,{},employee
I would like to know about the final settlement process for exiting employees.,exit_process,exit_final_settlement,{},employee
Can you clarify the final settlement steps for me?,exit_process,exit_final_settlement,{},employee
What happens to my leave balance during the exit process?,exit_process,exit_process_steps,{},employee
I think I need to check my leave balance before exiting.,exit_process,exit_process_steps,{},employee
Can you tell me how my leave balance is handled in the exit process?,exit_process,exit_process_steps,{},employee
What will happen to my vacation days during the exit process?,exit_process,exit_process_steps,{},employee
Can you provide me with the headcount report for my department?,exit_process,exit_process_steps,{},hr
"I need the latest headcount report for the team, please.",exit_process,exit_process_steps,{},hr
Could you send me the headcount report for last month?,exit_process,exit_process_steps,{},hr
What is the current headcount in our department?,exit_process,exit_process_steps,{},hr
Can you tell me how many employees are in the company right now?,exit_process,exit_process_steps,{},hr
"I need to check the leave report for this month, can you help?",exit_process,exit_process_steps,{},hr
What leave types are available for employees exiting the company?,exit_process,exit_process_steps,{},hr
Can you provide a summary of leave balances for employees leaving?,exit_process,exit_process_steps,{},hr
I think I need to review the leave history for an employee before they exit.,exit_process,exit_process_steps,{},hr
What leave types can I filter for in the exit report?,exit_process,exit_process_steps,{},hr
Can you tell me how to access the performance report for exiting employees?,exit_process,exit_process_steps,{},hr
What are the access controls for employee data during the exit process?,exit_process,exit_process_steps,{},hr
I need to know about the logging of exit process activities.,exit_process,exit_process_steps,{},hr
Can you clarify the security measures in place for the exit process?,exit_process,exit_process_steps,{},hr
What maintenance is scheduled during the exit process?,exit_process,exit_process_steps,{},hr
"I think there might be an error in the exit process documentation, can you check?",exit_process,exit_process_steps,{},hr
How can I ensure the exit process is completed smoothly?,exit_process,exit_process_steps,{},hr
What should I be aware of regarding the exit process for employees?,exit_process,exit_process_steps,{},hr
How do I access the exit process documentation?,exit_process,exit_process_steps,{},hr
Can you tell me the timeline for the exit process?,exit_process,exit_process_steps,{},hr
What resources are available for employees going through the exit process?,exit_process,exit_process_steps,{},hr
"I need to know the exit process for a colleague, can you help?",exit_process,exit_process_steps,{},hr
Can you provide details on the final settlement process for employees?,exit_process,exit_final_settlement,{},hr
What should I inform employees about their final settlement?,exit_process,exit_final_settlement,{},hr
How do I handle final settlements for employees leaving the company?,exit_process,exit_final_settlement,{},hr
Can you tell me about the final settlement process when leaving the company?,exit_process,exit_final_settlement,{},employee
Where can I find the details on my final settlement after resigning?,exit_process,exit_final_settlement,{},employee
What is the registered address I need to provide for the exit process?,exit_process,exit_process_steps,"{""registered_address"": ""123 Main St, City, Country""}",employee
Could you remind me of my emergency contact details for the exit process?,exit_process,exit_process_steps,"{""emergency_contact"": ""John Doe, 555-1234""}",employee
When was my contact information last updated in the system?,exit_process,exit_process_steps,{},employee
Can you check what my registered email is for the exit process?,exit_process,exit_process_steps,"{""registered_email"": ""user@example.com""}",employee
I need to know if there's any unavailable field in my exit process form.,exit_process,exit_process_steps,{},employee
How can I view the formatting of my exit process documents?,exit_process,exit_process_steps,{},employee
What is my leave balance before I complete the exit process?,exit_process,exit_process_steps,"{""leave_balance"": ""10 days""}",employee
Can you provide the details of my vacation leave history before I exit?,exit_process,exit_process_steps,"{""leave_type"": ""vacation""}",employee
What upcoming leaves do I have before I leave the company?,exit_process,exit_process_steps,{},employee
"As HR, can you check the exit process for employee ID 12345?",exit_process,exit_process_steps,"{""employee_id"": ""12345""}",hr
What are the exit process steps for employee Jane Doe?,exit_process,exit_process_steps,"{""employee_name"": ""Jane Doe""}",hr
Can I get a headcount report for the exit process this month?,exit_process,exit_process_steps,"{""month"": ""August"", ""year"": ""2025""}",hr
How many employees are currently in the exit process?,exit_process,exit_process_steps,{},hr
Can you export the headcount report for the exit process?,exit_process,exit_process_steps,{},hr
What filters can I apply to the exit process report?,exit_process,exit_process_steps,{},hr
Can you provide a leave report for the last quarter before exiting?,exit_process,exit_process_steps,"{""quarter"": ""Q3"", ""year"": ""2025""}",hr
What are the available leave types I can check before exiting?,exit_process,exit_process_steps,{},hr
Can you show me the leave history for employee ID 67890?,exit_process,exit_process_steps,"{""employee_id"": ""67890""}",hr
Is there a way to log the exit process activities for auditing?,exit_process,exit_process_steps,{},hr
What security measures are in place for the exit process?,exit_process,exit_process_steps,{},hr
Can you check the availability of the exit process documentation?,exit_process,exit_process_steps,{},hr
"If there's an error in the exit process, how should I report it?",exit_process,exit_process_steps,{},hr
Could you guide me through the exit process steps? I want to make sure I don't miss anything important.,exit_process,exit_process_steps,"{""month"": ""August"", ""year"": ""2025""}",employee
What is the process for exporting headcount data?,human_handoff,human_escalation_request,"{""export_format"": ""Excel""}",hr
I need to know if there are any issues with the HR system right now.,human_handoff,human_escalation_request,"{""system_name"": ""HR System""}",hr
Could you tell me what email I have registered with HR?,human_handoff,human_escalation_request,"{""email"": ""employee@example.com""}",employee
"I need to know my leave balance, but I'm not sure where to look.",human_handoff,human_escalation_request,"{""leave_type"": ""vacation"", ""balance"": ""10 days""}",employee
Can you confirm if my leave request for August was approved?,human_handoff,human_escalation_request,"{""month"": ""August"", ""year"": ""2025"", ""leave_type"": ""vacation""}",employee
"I think I submitted a leave request last month, can you check its status?",human_handoff,human_escalation_request,"{""month"": ""July"", ""year"": ""2025"", ""leave_type"": ""sick""}",employee
Could you provide me with a history of my leave requests?,human_handoff,human_escalation_request,"{""leave_type"": ""personal""}",employee
What leave types are available for me to take?,human_handoff,human_escalation_request,"{""leave_type"": ""annual""}",employee
"I need to check the headcount report for this month, can you assist?",human_handoff,human_escalation_request,"{""month"": ""October"", ""year"": ""2023""}",hr
Is there a way to export the headcount data for last quarter?,human_handoff,human_escalation_request,"{""quarter"": ""Q3 2023""}",hr
Could you provide the latest headcount figures?,human_handoff,human_escalation_request,"{""month"": ""October"", ""year"": ""2023""}",hr
"I would like to see the headcount trends over the past year, please.",human_handoff,human_escalation_request,"{""year"": ""2023""}",hr
Can you help me with the leave report for last month?,human_handoff,human_escalation_request,"{""month"": ""September"", ""year"": ""2023""}",hr
Can you export the leave data for the last six months?,human_handoff,human_escalation_request,"{""months"": ""6""}",hr
Could you provide the timings for the last performance review?,human_handoff,human_escalation_request,"{""review_period"": ""Q3 2023""}",hr
Is there a way to check the access logs for employee records?,human_handoff,human_escalation_request,"{""log_type"": ""access"", ""date"": ""October 2023""}",hr
Can you tell me about the security measures in place for employee data?,human_handoff,human_escalation_request,"{""data_type"": ""employee"", ""security_level"": ""high""}",hr
What maintenance is scheduled for the HR system this month?,human_handoff,human_escalation_request,"{""month"": ""October"", ""year"": ""2023""}",hr
"I think there might be an error with my leave balance, can you check?",human_handoff,human_escalation_request,"{""leave_type"": ""vacation""}",employee
Could you help me understand the error I received when checking my leave?,human_handoff,human_escalation_request,"{""error_code"": ""404""}",employee
Can you confirm if my performance review is scheduled for this month?,human_handoff,human_escalation_request,"{""month"": ""October"", ""year"": ""2023""}",employee
I need to know if there are any upcoming maintenance windows for the HR portal.,human_handoff,human_escalation_request,"{""month"": ""October"", ""year"": ""2023""}",hr
Could you clarify the access controls for sensitive employee information?,human_handoff,human_escalation_request,"{""data_type"": ""sensitive"", ""access_level"": ""restricted""}",hr
Can you provide the latest updates on the HR system's availability?,human_handoff,human_escalation_request,"{""system"": ""HR Portal""}",hr
"I think my email might not be registered correctly, can you verify?",human_handoff,human_escalation_request,"{""email"": ""employee@example.com""}",employee
Could you check if my emergency contact is still valid?,human_handoff,human_escalation_request,"{""contact_name"": ""Jane Doe"", ""contact_number"": ""987-654-3210""}",employee
When was the last time my leave balance was updated?,human_handoff,human_escalation_request,"{""last_updated"": ""September 2023""}",employee
Can you help me find out if my leave request for next month is still pending?,human_handoff,human_escalation_request,"{""month"": ""November"", ""year"": ""2023"", ""leave_type"": ""vacation""}",employee
What is the process for escalating a leave request?,human_handoff,human_escalation_request,{},employee
"I need to check who my emergency contact is, can you assist?",human_handoff,human_escalation_request,"{""contact_name"": ""John Doe"", ""relationship"": ""Brother""}",employee
"I think my registered email might be incorrect, can you verify it?",human_handoff,human_escalation_request,"{""email"": ""user@example.com""}",employee
What if I wanted to know my leave balance for vacation days?,human_handoff,human_escalation_request,"{""leave_type"": ""vacation"", ""balance"": ""10 days""}",employee
Could you tell me the types of leave I have available?,human_handoff,human_escalation_request,"{""available_leaves"": [""sick"", ""vacation"", ""personal""]}",employee
Can HR check the headcount report for this month?,human_handoff,human_escalation_request,"{""month"": ""October"", ""year"": ""2023""}",hr
What’s the latest on the leave reports for our team?,human_handoff,human_escalation_request,"{""team"": ""Sales"", ""month"": ""September"", ""year"": ""2023""}",hr
Can you provide the leave balance for employee ID 12345?,human_handoff,human_escalation_request,"{""employee_id"": ""12345"", ""leave_type"": ""sick""}",hr
I think I need to check the performance metrics for the last quarter.,human_handoff,human_escalation_request,"{""quarter"": ""Q3"", ""year"": ""2023""}",hr
Could you tell me when the system will be available again?,human_handoff,human_escalation_request,"{""maintenance_date"": ""October 10, 2023""}",employee
Is there a way to see my access logs for the past month?,human_handoff,human_escalation_request,"{""month"": ""September"", ""year"": ""2023""}",employee
I need to know if there's any maintenance scheduled for the HR portal.,human_handoff,human_escalation_request,"{""maintenance_date"": ""October 15, 2023""}",employee
Can I find out how to update my emergency contact details?,human_handoff,human_escalation_request,"{""contact_name"": ""Jane Smith"", ""relationship"": ""Sister""}",employee
What’s the process for checking my registered email?,human_handoff,human_escalation_request,"{""email"": ""user@example.com""}",employee
Could you help me with the formatting of my leave report?,human_handoff,human_escalation_request,"{""report_type"": ""leave"", ""month"": ""August"", ""year"": ""2023""}",hr
I think I need to escalate an issue regarding my leave balance.,human_handoff,human_escalation_request,"{""leave_type"": ""vacation""}",employee
Can you provide a summary of my performance reviews?,human_handoff,human_escalation_request,"{""employee_id"": ""67890""}",employee
What’s the latest update on the headcount for our department?,human_handoff,human_escalation_request,"{""department"": ""Marketing"", ""month"": ""October"", ""year"": ""2023""}",hr
I need to know if my leave request for next month was approved.,human_handoff,human_escalation_request,"{""leave_type"": ""vacation"", ""month"": ""November"", ""year"": ""2023""}",employee
Can I see the leave history for employee ID 54321?,human_handoff,human_escalation_request,"{""employee_id"": ""54321"", ""year"": ""2023""}",hr
When was the last time my emergency contact was updated?,human_handoff,human_escalation_request,"{""last_updated"": ""March 2023""}",employee
Can you help me understand the access controls for my account?,human_handoff,human_escalation_request,"{""account_id"": ""user123""}",employee
I need to check the leave reports for the last quarter.,human_handoff,human_escalation_request,"{""quarter"": ""Q3"", ""year"": ""2023""}",hr
What’s the process for exporting headcount data?,human_handoff,human_escalation_request,"{""month"": ""October"", ""year"": ""2023""}",hr
Can I find out how many vacation days I have left?,human_handoff,human_escalation_request,"{""leave_type"": ""vacation"", ""balance"": ""5 days""}",employee
Could you clarify the upcoming maintenance schedule for the HR system?,human_handoff,human_escalation_request,"{""maintenance_date"": ""October 20, 2023""}",hr
What’s the latest on my leave request for December?,human_handoff,human_escalation_request,"{""leave_type"": ""vacation"", ""month"": ""December"", ""year"": ""2023""}",employee
Can you provide the performance review timeline for our team?,human_handoff,human_escalation_request,"{""team"": ""Engineering"", ""year"": ""2023""}",hr
I think I need to escalate a concern about my registered email.,human_handoff,human_escalation_request,"{""email"": ""user@example.com""}",employee
What’s the process for checking my leave balance?,human_handoff,human_escalation_request,"{""leave_type"": ""sick""}",employee
Can I see the headcount report for the last month?,human_handoff,human_escalation_request,"{""month"": ""September"", ""year"": ""2023""}",hr
"I can't seem to find my leave balance for this month, could you check?",human_handoff,human_escalation_request,"{""month"": ""August"", ""year"": ""2025"", ""leave_type"": ""vacation""}",employee
Could you tell me my leave history?,human_handoff,human_escalation_request,"{""year"": ""2025"", ""leave_type"": ""sick""}",employee
"I need to know my upcoming leave requests, can you help?",human_handoff,human_escalation_request,"{""month"": ""September"", ""year"": ""2025""}",employee
Can you provide me with the headcount report for this quarter?,human_handoff,human_escalation_request,"{""quarter"": ""Q3"", ""year"": ""2025""}",hr
I was wondering if I could get an export of the employee data?,human_handoff,human_escalation_request,"{""export_type"": ""employee_data"", ""year"": ""2025""}",hr
Could you check the leave reports for last month?,human_handoff,human_escalation_request,"{""month"": ""July"", ""year"": ""2025""}",hr
"I think I need to verify my performance review timing, can you assist?",human_handoff,human_escalation_request,"{""review_period"": ""2025-Q2""}",employee
Can you help me with the access controls for the HR system?,human_handoff,human_escalation_request,"{""system"": ""HR Management System""}",hr
I need to know when the system will be available again after maintenance.,human_handoff,human_escalation_request,"{""maintenance_date"": ""2025-08-15""}",employee
Can you tell me how to log my work hours correctly?,human_handoff,human_escalation_request,"{""system"": ""Time Tracking System""}",employee
"I think my leave request was not processed, could you check on that?",human_handoff,human_escalation_request,"{""leave_type"": ""vacation"", ""month"": ""August"", ""year"": ""2025""}",employee
Could you provide me with the latest headcount statistics?,human_handoff,human_escalation_request,"{""report_type"": ""headcount"", ""year"": ""2025""}",hr
"I need assistance with the formatting of the leave report, can you help?",human_handoff,human_escalation_request,"{""report_type"": ""leave"", ""month"": ""August"", ""year"": ""2025""}",hr
"I need to check the visibility settings for employee data, can you assist?",human_handoff,human_escalation_request,"{""data_type"": ""employee"", ""visibility"": ""public""}",hr
Could you help me with the error I encountered while logging in?,human_handoff,human_escalation_request,"{""error_code"": ""401"", ""system"": ""HR Portal""}",employee
"I think my email notifications for leave approvals are not working, can you check?",human_handoff,human_escalation_request,"{""email"": ""employee@example.com""}",employee
Can you help me find out about the leave types available?,human_handoff,human_escalation_request,"{""year"": ""2025""}",employee
"I need to know how to access my performance metrics, can you assist?",human_handoff,human_escalation_request,"{""system"": ""Performance Management System""}",employee
Could you clarify the process for exporting leave reports?,human_handoff,human_escalation_request,"{""report_type"": ""leave"", ""year"": ""2025""}",hr
"I think I need to update my emergency contact, can you help with that?",human_handoff,human_escalation_request,"{""contact_name"": ""Jane Smith"", ""contact_number"": ""987-654-3210""}",employee
Can you provide the latest updates on employee headcount?,human_handoff,human_escalation_request,"{""report_type"": ""headcount"", ""month"": ""August"", ""year"": ""2025""}",hr
"I need to know if my leave request was approved, can you check?",human_handoff,human_escalation_request,"{""leave_type"": ""sick"", ""month"": ""August"", ""year"": ""2025""}",employee
Could you assist me with the performance review schedule?,human_handoff,human_escalation_request,"{""year"": ""2025""}",hr
"I think I need help with the access logs for the HR system, can you assist?",human_handoff,human_escalation_request,"{""system"": ""HR Management System""}",hr
Can you tell me about the upcoming maintenance for the HR portal?,human_handoff,human_escalation_request,"{""maintenance_date"": ""2025-09-01""}",employee
"I need to check if my leave balance is correct, can you help?",human_handoff,human_escalation_request,"{""month"": ""August"", ""year"": ""2025"", ""leave_type"": ""vacation""}",employee
Could you provide me with the latest leave report for the team?,human_handoff,human_escalation_request,"{""month"": ""August"", ""year"": ""2025""}",hr
"I think I need to verify my registered email, can you assist?",human_handoff,human_escalation_request,"{""email"": ""employee@example.com""}",employee
Can you help me with the formatting issues in the headcount report?,human_handoff,human_escalation_request,"{""report_type"": ""headcount"", ""year"": ""2025""}",hr
I need to know when I can expect the system to be back online after maintenance.,human_handoff,human_escalation_request,"{""maintenance_date"": ""2025-08-15""}",employee
"I think my emergency contact details need updating, can someone assist?",human_handoff,human_escalation_request,"{""contact_name"": ""John Doe"", ""contact_number"": ""123-456-7890""}",employee
"I can't seem to access my leave balance, could you escalate this?",human_handoff,human_escalation_request,"{""leave_type"": ""vacation""}",employee
Could you clarify the format of the leave balance report?,human_handoff,human_escalation_request,"{""report_type"": ""leave_balance""}",employee
Can I get a report on my leave history for the past year?,human_handoff,human_escalation_request,"{""year"": ""2023""}",employee
"I need to check my upcoming leave requests, can someone help?",human_handoff,human_escalation_request,"{""leave_type"": ""sick""}",employee
Could you provide the headcount report for this month?,human_handoff,human_escalation_request,"{""month"": ""October"", ""year"": ""2023""}",hr
"I think I need to export the headcount data, can you assist?",human_handoff,human_escalation_request,"{""month"": ""October"", ""year"": ""2023""}",hr
Can you tell me how many employees are on leave this week?,human_handoff,human_escalation_request,"{""week"": ""42""}",hr
"I need the leave report filtered by department, can you help?",human_handoff,human_escalation_request,"{""department"": ""Sales""}",hr
Could you escalate my request for the leave report for last month?,human_handoff,human_escalation_request,"{""month"": ""September"", ""year"": ""2023""}",hr
"I think there’s an issue with my performance review timing, can someone look into it?",human_handoff,human_escalation_request,"{""review_period"": ""2023-Q3""}",employee
Can you help me with the access controls for employee records?,human_handoff,human_escalation_request,"{""access_level"": ""restricted""}",hr
"I need to know the logging details for my last login, can you assist?",human_handoff,human_escalation_request,"{""login_date"": ""2023-10-01""}",hr
Could you provide information on system availability during maintenance?,human_handoff,human_escalation_request,"{""maintenance_date"": ""2023-10-15""}",hr
"I’m having trouble accessing my leave balance, can someone help?",human_handoff,human_escalation_request,"{""leave_type"": ""personal""}",employee
Can you tell me when my registered address was last updated?,human_handoff,human_escalation_request,"{""last_updated"": ""2023-05-20""}",employee
"I think my emergency contact needs to be updated, can you escalate this?",human_handoff,human_escalation_request,"{""contact_name"": ""Jane Smith"", ""contact_number"": ""987-654-3210""}",employee
Where can I check my registered email?,human_handoff,human_escalation_request,"{""email"": ""employee@example.com""}",employee
"I need to see my leave history for the last two years, can you help?",human_handoff,human_escalation_request,"{""years"": ""2022,2023""}",employee
Could you provide the headcount report for last quarter?,human_handoff,human_escalation_request,"{""quarter"": ""Q3"", ""year"": ""2023""}",hr
"I need to export the leave report for the last month, can you assist?",human_handoff,human_escalation_request,"{""month"": ""September"", ""year"": ""2023""}",hr
Can you clarify the performance review process for this year?,human_handoff,human_escalation_request,"{""year"": ""2023""}",hr
"I think there’s a problem with my access to employee records, can you help?",human_handoff,human_escalation_request,"{""access_level"": ""full""}",hr
Could you tell me about the system maintenance schedule?,human_handoff,human_escalation_request,"{""maintenance_date"": ""2023-11-01""}",hr
"I need to check my leave balance for this month, can someone assist?",human_handoff,human_escalation_request,"{""month"": ""October"", ""year"": ""2023"", ""leave_type"": ""vacation""}",employee
Can you provide the headcount for the finance department?,human_handoff,human_escalation_request,"{""department"": ""Finance""}",hr
"I think my leave request from last month is missing, can you escalate this?",human_handoff,human_escalation_request,"{""month"": ""September"", ""year"": ""2023""}",hr
Could you help me with the performance review timing for my team?,human_handoff,human_escalation_request,"{""team"": ""Sales""}",hr
"I need to know the access permissions for the HR system, can you assist?",human_handoff,human_escalation_request,"{""system"": ""HR Management""}",hr
Can you provide the availability of the HR system during maintenance?,human_handoff,human_escalation_request,"{""maintenance_date"": ""2023-10-15""}",hr
"I think my emergency contact details might be outdated, can someone assist?",human_handoff,human_escalation_request,"{""contact_name"": ""John Doe"", ""contact_number"": ""555-1234""}",employee
Where can I find my registered email address in the system?,human_handoff,human_escalation_request,"{""email"": ""employee@example.com""}",employee
"I can't seem to access my leave balance, could someone look into it?",human_handoff,human_escalation_request,"{""leave_type"": ""vacation""}",employee
Is there a way to check my leave history for the past year?,human_handoff,human_escalation_request,"{""year"": ""2023"", ""leave_type"": ""sick""}",employee
"I need to know the types of leave available to me, can someone help?",human_handoff,human_escalation_request,"{""leave_type"": ""personal""}",employee
Can I get a report of my upcoming leaves?,human_handoff,human_escalation_request,"{""leave_type"": ""vacation""}",employee
"I need to check the headcount report for our department, who can assist?",human_handoff,human_escalation_request,"{""department"": ""Sales""}",hr
Could you provide the latest headcount figures for the company?,human_handoff,human_escalation_request,"{""report_period"": ""Q3 2023""}",hr
"I think I need help exporting the headcount data, can someone assist?",human_handoff,human_escalation_request,"{""format"": ""CSV""}",hr
Can I get a leave report filtered by type for last month?,human_handoff,human_escalation_request,"{""month"": ""September"", ""year"": ""2023"", ""leave_type"": ""sick""}",hr
"I need to see the leave reports for the entire team, who can help?",human_handoff,human_escalation_request,"{""team"": ""Marketing""}",hr
Could you clarify the process for accessing performance reviews?,human_handoff,human_escalation_request,"{""review_period"": ""2023""}",employee
"I have questions about my performance metrics, can someone assist?",human_handoff,human_escalation_request,"{""metric"": ""sales""}",employee
Can you tell me what email is registered for me?,human_handoff,human_escalation_request,"{""email"": ""employee@example.com""}",employee
"I think my registered email might be incorrect, can you check?",human_handoff,human_escalation_request,"{""email"": ""employee@example.com""}",employee
What’s my leave balance looking like right now?,human_handoff,human_escalation_request,"{""leave_balance"": ""15 days""}",employee
Could you provide details on my vacation leave balance?,human_handoff,human_escalation_request,"{""leave_type"": ""vacation"", ""leave_balance"": ""10 days""}",employee
"I need to see my sick leave history, can you help?",human_handoff,human_escalation_request,"{""leave_type"": ""sick"", ""history"": ""5 days""}",employee
What are my upcoming leave dates?,human_handoff,human_escalation_request,"{""upcoming_leaves"": ""2023-09-10 to 2023-09-15""}",employee
Can you tell me the headcount for our department?,human_handoff,human_escalation_request,"{""department"": ""Sales"", ""headcount"": ""25""}",hr
"I need the latest headcount report, can you assist?",human_handoff,human_escalation_request,"{""report_type"": ""headcount"", ""date"": ""2023-08-31""}",hr
Can you provide me with the leave report for last month?,human_handoff,human_escalation_request,"{""month"": ""July"", ""year"": ""2023""}",hr
"I need to filter the leave report by department, how can I do that?",human_handoff,human_escalation_request,"{""filter"": ""department"", ""month"": ""August"", ""year"": ""2023""}",hr
What’s the process for accessing performance reports?,human_handoff,human_escalation_request,"{""report_type"": ""performance"", ""access_level"": ""manager""}",hr
Can you tell me how to log performance metrics?,human_handoff,human_escalation_request,"{""metrics"": ""KPIs"", ""frequency"": ""monthly""}",hr
What’s the current status of the system maintenance?,human_handoff,human_escalation_request,"{""maintenance_status"": ""ongoing""}",hr
"I think there’s an error with my leave request, can you check?",human_handoff,human_escalation_request,"{""leave_request_id"": ""12345""}",employee
Could you help me find out about my security access?,human_handoff,human_escalation_request,"{""access_level"": ""employee""}",employee
When was the last time my access was logged?,human_handoff,human_escalation_request,"{""last_logged"": ""2023-08-20""}",employee
Can you provide me with the details of my performance review?,human_handoff,human_escalation_request,"{""review_date"": ""2023-09-01""}",employee
I need to know if there are any upcoming maintenance windows. Can you help?,human_handoff,human_escalation_request,"{""upcoming_maintenance"": ""2023-09-05""}",hr
What’s the procedure for handling system errors?,human_handoff,human_escalation_request,"{""error_type"": ""system"", ""procedure"": ""report to IT""}",hr
Can you tell me how to access my performance metrics?,human_handoff,human_escalation_request,"{""metrics"": ""KPIs"", ""access_level"": ""employee""}",employee
"I’m curious about the leave history for my team, can you provide that?",human_handoff,human_escalation_request,"{""team"": ""Sales"", ""history"": ""last 6 months""}",hr
Could you assist me with my registered phone number?,human_handoff,human_escalation_request,"{""phone_number"": ""(123) 456-7890""}",employee
What’s the last update date for my emergency contact?,human_handoff,human_escalation_request,"{""last_updated"": ""2023-08-15""}",employee
Can you help me find out about my leave types?,human_handoff,human_escalation_request,"{""leave_types"": ""vacation, sick, personal""}",employee
"I need to see the headcount for the entire company, can you assist?",human_handoff,human_escalation_request,"{""company"": ""XYZ Corp"", ""headcount"": ""200""}",hr
Can you provide a report on sick leave taken this year?,human_handoff,human_escalation_request,"{""year"": ""2023"", ""leave_type"": ""sick""}",hr
What’s the process for updating my registered address?,human_handoff,human_escalation_request,"{""address"": ""456 Elm St, City, State, 67890""}",employee
I need to know the status of my leave request from last month. Can you help?,human_handoff,human_escalation_request,"{""leave_request_id"": ""54321"", ""month"": ""July"", ""year"": ""2023""}",employee
I think my emergency contact details might be outdated. Can someone assist?,human_handoff,human_escalation_request,"{""emergency_contact"": ""John Doe, 555-1234""}",employee
"I can't seem to find my leave balance for this year, could you help?",human_handoff,human_escalation_request,"{""year"": ""2025""}",employee
Is there a way to check my vacation leave history?,human_handoff,human_escalation_request,"{""leave_type"": ""vacation""}",employee
I need to know how many sick days I have left. Can someone assist?,human_handoff,human_escalation_request,"{""leave_type"": ""sick""}",employee
Could you provide me with the details of my upcoming leave?,human_handoff,human_escalation_request,"{""leave_type"": ""vacation"", ""upcoming_date"": ""March 2025""}",employee
I think my payslip for May is missing. Can I get some help?,human_handoff,human_escalation_request,"{""month"": ""May"", ""year"": ""2025""}",employee
Where can I find the headcount report for the last quarter?,human_handoff,human_escalation_request,"{""quarter"": ""Q1 2025""}",employee
Can someone tell me how to export the headcount data?,human_handoff,human_escalation_request,"{""report_type"": ""headcount""}",employee
I need to check the leave report for last month. Can you assist?,human_handoff,human_escalation_request,"{""month"": ""April"", ""year"": ""2025""}",employee
I think there might be an issue with my access controls. Can someone look into it?,human_handoff,human_escalation_request,"{""access_type"": ""employee portal""}",employee
When is the next maintenance scheduled for the HR system?,human_handoff,human_escalation_request,"{""maintenance_date"": ""February 2025""}",employee
I need to know if my leave request was logged correctly. Can someone check?,human_handoff,human_escalation_request,"{""leave_type"": ""vacation""}",employee
Could I get assistance with my performance metrics?,human_handoff,human_escalation_request,"{""metric_type"": ""sales performance""}",employee
I think my email notifications for leave approvals are not working. Can someone help?,human_handoff,human_escalation_request,"{""issue_type"": ""email notifications""}",employee
I need to verify if my emergency contact is up to date. Can someone assist?,human_handoff,human_escalation_request,"{""emergency_contact"": ""Jane Doe, 555-5678""}",employee
Is there a way to check if my contact info was updated recently?,human_handoff,human_escalation_request,"{""last_updated"": ""February 2025""}",employee
Could you help me find the headcount report for this month?,human_handoff,human_escalation_request,"{""month"": ""January"", ""year"": ""2025""}",employee
I need to know how to export my leave history. Can someone assist?,human_handoff,human_escalation_request,"{""leave_type"": ""sick""}",employee
Can I get help with the performance review process?,human_handoff,human_escalation_request,"{""review_period"": ""2025""}",employee
I think there’s an error with my leave request status. Can someone check?,human_handoff,human_escalation_request,"{""leave_type"": ""vacation""}",employee
Could you provide information on the upcoming maintenance for the HR system?,human_handoff,human_escalation_request,"{""maintenance_date"": ""March 2025""}",employee
I need to know the last time my registered email was updated. Can someone help?,human_handoff,human_escalation_request,"{""last_updated"": ""December 2023""}",employee
Can someone assist me in checking my leave balance for this month?,human_handoff,human_escalation_request,"{""month"": ""August"", ""year"": ""2025""}",employee
I think my performance metrics are incorrect. Can someone look into it?,human_handoff,human_escalation_request,"{""metric_type"": ""performance review""}",employee
Could you help me with the headcount data for last year?,human_handoff,human_escalation_request,"{""year"": ""2024""}",employee
I need to verify my emergency contact information. Can someone assist?,human_handoff,human_escalation_request,"{""emergency_contact"": ""Alice Smith, 555-8765""}",employee
Can I get help with the leave report for this quarter?,human_handoff,human_escalation_request,"{""quarter"": ""Q2 2025""}",employee
I think I need to check my registered address again. Can someone assist?,human_handoff,human_escalation_request,"{""address"": ""456 Elm St, City, State, 67890""}",employee
Could you provide me with the details of my sick leave history?,human_handoff,human_escalation_request,"{""leave_type"": ""sick""}",employee
I need to check what email address is registered for me.,human_handoff,human_escalation_request,"{""email"": ""user@example.com""}",employee
"I can't seem to find my leave balance, could you escalate this?",human_handoff,human_escalation_request,"{""leave_type"": ""vacation"", ""balance"": ""10 days""}",employee
"I think I might have some leave history that’s missing, can someone look into it?",human_handoff,human_escalation_request,"{""leave_type"": ""vacation"", ""history"": ""2023-06-01 to 2023-06-05""}",employee
Could you provide a report on headcount for this month?,human_handoff,human_escalation_request,"{""month"": ""August"", ""year"": ""2023""}",hr
"I need the latest headcount report, please.",human_handoff,human_escalation_request,"{""month"": ""August"", ""year"": ""2023""}",hr
Can you help me with exporting the headcount data?,human_handoff,human_escalation_request,"{""month"": ""August"", ""year"": ""2023""}",hr
"I need to check the leave reports for last month, can someone assist?",human_handoff,human_escalation_request,"{""month"": ""July"", ""year"": ""2023""}",hr
I think I need to check the performance metrics for our last quarter.,human_handoff,human_escalation_request,"{""quarter"": ""Q2"", ""year"": ""2023""}",hr
Can I get a report on the performance reviews conducted this year?,human_handoff,human_escalation_request,"{""year"": ""2023""}",hr
What’s the status of the security access requests?,human_handoff,human_escalation_request,"{""request_type"": ""access"", ""status"": ""pending""}",hr
I need to verify the access controls for our new software.,human_handoff,human_escalation_request,"{""software_name"": ""NewApp"", ""status"": ""active""}",hr
Can someone check the logging details for the last week?,human_handoff,human_escalation_request,"{""week"": ""2023-08-01 to 2023-08-07""}",hr
I’m curious about the maintenance schedule for our HR systems.,human_handoff,human_escalation_request,"{""system_name"": ""HR Portal"", ""schedule"": ""monthly""}",hr
Could you help me with an error I encountered while checking my leave?,human_handoff,human_escalation_request,"{""error_message"": ""Leave balance not found""}",employee
"I think there’s an issue with my performance review access, can someone escalate?",human_handoff,human_escalation_request,"{""issue"": ""access denied""}",employee
What’s the process for updating my emergency contact?,human_handoff,human_escalation_request,"{""contact_name"": ""Jane Smith"", ""contact_number"": ""(987) 654-3210""}",employee
Can I get assistance with my leave history for the past year?,human_handoff,human_escalation_request,"{""year"": ""2023""}",employee
I need to know the leave types available for this year.,human_handoff,human_escalation_request,"{""year"": ""2023""}",employee
Could you provide the leave report for my department?,human_handoff,human_escalation_request,"{""department"": ""Marketing"", ""month"": ""August"", ""year"": ""2023""}",hr
I’m looking for the headcount trends over the last few months.,human_handoff,human_escalation_request,"{""months"": ""June to August"", ""year"": ""2023""}",hr
Can someone check the leave balances for my team?,human_handoff,human_escalation_request,"{""team"": ""Development"", ""month"": ""August"", ""year"": ""2023""}",hr
What’s the current status of my leave request?,human_handoff,human_escalation_request,"{""leave_request_id"": ""REQ12345""}",employee
Could you help me find the headcount for the last quarter?,human_handoff,human_escalation_request,"{""quarter"": ""Q2"", ""year"": ""2023""}",hr
I need to verify the leave types available for employees.,human_handoff,human_escalation_request,"{""year"": ""2023""}",hr
Can someone assist with the performance review timelines?,human_handoff,human_escalation_request,"{""year"": ""2023""}",hr
What’s the process for accessing my performance metrics?,human_handoff,human_escalation_request,"{""year"": ""2023""}",employee
Could you check the security settings for our HR platform?,human_handoff,human_escalation_request,"{""platform_name"": ""HR Portal""}",hr
I think I need help with the maintenance updates for our HR systems.,human_handoff,human_escalation_request,"{""system_name"": ""HR Portal"", ""update_frequency"": ""monthly""}",hr
"I'm not sure if I can access my leave balance, could you check?",human_handoff,human_escalation_request,"{""leave_type"": ""vacation""}",employee
Can you tell me how much vacation leave I have left?,human_handoff,human_escalation_request,"{""leave_type"": ""vacation""}",employee
What types of leave can I take this year?,human_handoff,human_escalation_request,"{""year"": ""2025""}",employee
"I need to see my leave history, can you help with that?",human_handoff,human_escalation_request,"{""leave_type"": ""sick""}",employee
Could you provide details on my upcoming leave?,human_handoff,human_escalation_request,"{""leave_type"": ""vacation""}",employee
"I think I need to check the headcount for our department, can you assist?",human_handoff,human_escalation_request,"{""department"": ""Sales""}",hr
Can you help me with exporting the headcount report?,human_handoff,human_escalation_request,"{""report_type"": ""headcount"", ""month"": ""August"", ""year"": ""2025""}",hr
"I need to know the current headcount in the IT department, please.",human_handoff,human_escalation_request,"{""department"": ""IT""}",hr
What’s the process for exporting leave reports?,human_handoff,human_escalation_request,"{""leave_type"": ""sick"", ""month"": ""September"", ""year"": ""2025""}",hr
Could you tell me how to filter leave reports by type?,human_handoff,human_escalation_request,"{""leave_type"": ""vacation""}",hr
"I need to check the leave balance for another employee, can you help?",human_handoff,human_escalation_request,"{""employee_id"": ""E12345"", ""leave_type"": ""vacation""}",hr
Can you provide the leave history for the team?,human_handoff,human_escalation_request,"{""team"": ""Marketing""}",hr
"I’d like to see the upcoming leave for our department, please.",human_handoff,human_escalation_request,"{""department"": ""HR""}",hr
Could you assist me with performance review timings?,human_handoff,human_escalation_request,"{""review_period"": ""Q1 2025""}",hr
Can you help me with access controls for the HR system?,human_handoff,human_escalation_request,"{""system"": ""HR Management System""}",hr
"I think there’s an issue with logging into the employee portal, can you check?",human_handoff,human_escalation_request,"{""portal"": ""Employee Portal""}",hr
What’s the maintenance schedule for the HR software?,human_handoff,human_escalation_request,"{""software"": ""HR Management System""}",hr
Could you clarify the error handling procedures for our HR system?,human_handoff,human_escalation_request,"{""system"": ""HR Management System""}",hr
I need to know the availability of the HR team this week.,human_handoff,human_escalation_request,"{""week"": ""Week of August 1, 2025""}",hr
Can you help me find out if there are any system outages?,human_handoff,human_escalation_request,"{""system"": ""HR Management System""}",hr
Could you provide guidance on employee data access requests?,human_handoff,human_escalation_request,"{""data_type"": ""employee records""}",hr
"I think I need help with my performance review process, can you assist?",human_handoff,human_escalation_request,"{""review_period"": ""Q1 2025""}",employee
Can you tell me how to access my leave reports?,human_handoff,human_escalation_request,"{""leave_type"": ""vacation""}",employee
"I’m unsure about the leave policies, could you clarify?",human_handoff,human_escalation_request,"{""year"": ""2025""}",employee
Could you assist me in understanding the leave application process?,human_handoff,human_escalation_request,"{""leave_type"": ""sick""}",employee
I need to know how to check my leave balance for this month.,human_handoff,human_escalation_request,"{""month"": ""August"", ""year"": ""2025""}",employee
Where can I find the email I registered with the company?,human_handoff,human_escalation_request,"{""email"": ""employee@example.com""}",employee
"I can't seem to access my leave balance, could you check that?",human_handoff,human_escalation_request,"{""leave_type"": ""vacation""}",employee
What’s the history of my sick leave usage?,human_handoff,human_escalation_request,"{""leave_type"": ""sick""}",employee
"I need to know my upcoming leave dates, can you help?",human_handoff,human_escalation_request,"{""leave_type"": ""personal""}",employee
Can you assist with the leave report for last month?,human_handoff,human_escalation_request,"{""month"": ""September"", ""year"": ""2023""}",hr
"I need to filter the leave report by department, can you help?",human_handoff,human_escalation_request,"{""department"": ""Sales""}",hr
What’s the total number of vacation days taken this year?,human_handoff,human_escalation_request,"{""year"": ""2023"", ""leave_type"": ""vacation""}",hr
Can you provide the performance review timings for my team?,human_handoff,human_escalation_request,"{""team"": ""Marketing""}",hr
"I think there’s an issue with my access controls, can you check?",human_handoff,human_escalation_request,"{""access_level"": ""employee""}",employee
Can you help me with the visibility settings for my profile?,human_handoff,human_escalation_request,"{""profile_id"": ""employee123""}",employee
"I need to know how to check my leave balance, any tips?",human_handoff,human_escalation_request,"{""leave_type"": ""sick""}",employee
Can you provide the headcount report for the last quarter?,human_handoff,human_escalation_request,"{""quarter"": ""Q3"", ""year"": ""2023""}",hr
"I think my leave request was not processed, can you look into it?",human_handoff,human_escalation_request,"{""leave_type"": ""vacation""}",employee
What’s the latest update on my performance review?,human_handoff,human_escalation_request,"{""review_period"": ""2023-09""}",employee
Can you tell me if my emergency contact is up to date?,human_handoff,human_escalation_request,"{""contact_name"": ""Jane Smith"", ""contact_number"": ""(987) 654-3210""}",employee
I need to know the last time my leave balance was updated.,human_handoff,human_escalation_request,"{""last_updated"": ""2023-09-30""}",employee
Could you provide a summary of my leave history?,human_handoff,human_escalation_request,"{""employee_id"": ""employee456""}",employee
I’m looking for the headcount data for the finance department.,human_handoff,human_escalation_request,"{""department"": ""Finance"", ""month"": ""October"", ""year"": ""2023""}",hr
Can you assist with exporting the leave report for this year?,human_handoff,human_escalation_request,"{""year"": ""2023""}",hr
"I think there’s an error with my leave request status, can you check?",human_handoff,human_escalation_request,"{""leave_type"": ""sick""}",employee
What’s the process for accessing my performance review?,human_handoff,human_escalation_request,"{""review_period"": ""2023-10""}",employee
Can you tell me when the system will be undergoing maintenance?,human_handoff,human_escalation_request,"{""maintenance_date"": ""2023-11-01""}",employee
"I need help with the visibility of my leave records, can you assist?",human_handoff,human_escalation_request,"{""leave_type"": ""personal""}",employee
Could you provide details on the upcoming performance evaluations?,human_handoff,human_escalation_request,"{""evaluation_period"": ""2023-11""}",hr
Can you check if my registered address is correct?,human_handoff,human_escalation_request,"{""address"": ""456 Elm St, City, State, 67890""}",employee
I need to know how to update my emergency contact information.,human_handoff,human_escalation_request,"{""contact_name"": ""Alice Johnson"", ""contact_number"": ""(321) 654-0987""}",employee
"I need to know my leave balance, but I can't find that info anywhere.",human_handoff,human_escalation_request,"{""leave_balance"": ""15 days""}",employee
Could you tell me what types of leave I have available?,human_handoff,human_escalation_request,"{""leave_types"": [""vacation"", ""sick"", ""personal""]}",employee
Can I check my leave history for the past year?,human_handoff,human_escalation_request,"{""leave_history"": ""2022""}",employee
I think I need to check the headcount report for our department.,human_handoff,human_escalation_request,"{""department"": ""Sales""}",hr
Could you help me export the latest headcount data?,human_handoff,human_escalation_request,"{""export_format"": ""CSV""}",hr
Is there a way to filter the headcount report by location?,human_handoff,human_escalation_request,"{""location"": ""New York""}",hr
"I need to see the leave reports for last quarter, can you assist?",human_handoff,human_escalation_request,"{""quarter"": ""Q2 2025""}",hr
Can I get a summary of leave balances for all employees?,human_handoff,human_escalation_request,"{""summary_period"": ""2025""}",hr
I need to check the performance metrics for my team.,human_handoff,human_escalation_request,"{""team"": ""Development""}",hr
Can I see the security access logs for last month?,human_handoff,human_escalation_request,"{""log_month"": ""September 2025""}",hr
Is there a maintenance schedule I should be aware of?,human_handoff,human_escalation_request,"{""maintenance_date"": ""October 2025""}",hr
"I think there was an error with my leave application, can you check?",human_handoff,human_escalation_request,"{""leave_application_id"": ""LA12345""}",employee
Could you clarify how to access the employee handbook?,human_handoff,human_escalation_request,"{""handbook_location"": ""intranet""}",employee
"I believe my email was not updated correctly, can you assist?",human_handoff,human_escalation_request,"{""email"": ""old_email@example.com""}",employee
Can I find out the last time my leave balance was updated?,human_handoff,human_escalation_request,"{""last_balance_update"": ""July 2025""}",employee
I need to see my leave history for the past two years.,human_handoff,human_escalation_request,"{""leave_history_period"": ""2023-2024""}",employee
Could you tell me about the upcoming performance review dates?,human_handoff,human_escalation_request,"{""review_dates"": ""August 2025""}",hr
I think I need to check the headcount for the entire company.,human_handoff,human_escalation_request,"{""company"": ""XYZ Corp""}",hr
Can I get a report on leave taken by employees in July?,human_handoff,human_escalation_request,"{""month"": ""July"", ""year"": ""2025""}",hr
What are the access controls for employee data?,human_handoff,human_escalation_request,"{""data_type"": ""employee records""}",hr
Could you help me with the performance metrics for my department?,human_handoff,human_escalation_request,"{""department"": ""Marketing""}",hr
I need to know if there are any errors in my leave application.,human_handoff,human_escalation_request,"{""application_id"": ""LA67890""}",employee
Can I see the leave report for the last month?,human_handoff,human_escalation_request,"{""month"": ""September"", ""year"": ""2025""}",hr
What is the process for updating emergency contact information?,human_handoff,human_escalation_request,"{""contact_info"": ""Jane Smith, 555-5678""}",employee
Is there a way to export the leave balances for all employees?,human_handoff,human_escalation_request,"{""export_format"": ""PDF""}",hr
I think I need to check the leave types available for this year.,human_handoff,human_escalation_request,"{""year"": ""2025""}",employee
Could you clarify the headcount for the IT department?,human_handoff,human_escalation_request,"{""department"": ""IT""}",hr
Could you tell me what email I have registered with the company?,human_handoff,human_escalation_request,"{""email"": ""employee@example.com""}",employee
"I can't seem to find my registered email, can you check that for me?",human_handoff,human_escalation_request,"{""email"": ""employee@example.com""}",employee
What’s my leave balance for vacation days?,human_handoff,human_escalation_request,"{""leave_type"": ""vacation"", ""balance"": ""10 days""}",employee
Could you provide me with my sick leave balance?,human_handoff,human_escalation_request,"{""leave_type"": ""sick"", ""balance"": ""5 days""}",employee
I’d like to know how many vacation days I have left this year.,human_handoff,human_escalation_request,"{""leave_type"": ""vacation"", ""year"": ""2025"", ""balance"": ""10 days""}",employee
What vacation days do I have scheduled for next month?,human_handoff,human_escalation_request,"{""month"": ""September"", ""year"": ""2025"", ""leave_type"": ""vacation""}",employee
"I need to check the headcount report for our department, can you assist?",human_handoff,human_escalation_request,"{""department"": ""Sales"", ""report_type"": ""headcount""}",hr
Can you provide the latest headcount figures for the company?,human_handoff,human_escalation_request,"{""report_type"": ""headcount"", ""date"": ""August 2023""}",hr
"I think I need the headcount report exported, can you help with that?",human_handoff,human_escalation_request,"{""report_type"": ""headcount"", ""format"": ""CSV""}",hr
What’s the current headcount in the IT department?,human_handoff,human_escalation_request,"{""department"": ""IT"", ""report_type"": ""headcount""}",hr
Can I get a summary of the headcount changes over the last quarter?,human_handoff,human_escalation_request,"{""report_type"": ""headcount"", ""quarter"": ""Q2 2023""}",hr
"I need to see the leave report for last month, can you assist?",human_handoff,human_escalation_request,"{""month"": ""July"", ""year"": ""2023"", ""leave_type"": ""all""}",hr
Can you filter the leave report by department for me?,human_handoff,human_escalation_request,"{""department"": ""HR"", ""report_type"": ""leave""}",hr
Could you export the leave report for this year?,human_handoff,human_escalation_request,"{""year"": ""2025"", ""report_type"": ""leave"", ""format"": ""PDF""}",hr
What’s the leave balance for employees in the Marketing department?,human_handoff,human_escalation_request,"{""department"": ""Marketing"", ""leave_type"": ""all""}",hr
Can you provide the leave history for employee ID 12345?,human_handoff,human_escalation_request,"{""employee_id"": ""12345"", ""leave_type"": ""all""}",hr
I need to check the performance review timings for our team.,human_handoff,human_escalation_request,"{""team"": ""Sales"", ""year"": ""2025""}",hr
Can you tell me when the next performance reviews are scheduled?,human_handoff,human_escalation_request,"{""year"": ""2025"", ""event"": ""performance review""}",hr
Could you explain the security measures in place for our HR system?,human_handoff,human_escalation_request,"{""system"": ""HR system"", ""security_type"": ""measures""}",hr
I’m curious about the logging practices for employee data access.,human_handoff,human_escalation_request,"{""data_type"": ""employee"", ""logging_type"": ""access""}",hr
Can you tell me if there’s any maintenance scheduled for the HR portal?,human_handoff,human_escalation_request,"{""portal"": ""HR portal"", ""maintenance_date"": ""August 2023""}",hr
What’s the availability status of the HR system right now?,human_handoff,human_escalation_request,"{""system"": ""HR system"", ""status"": ""availability""}",hr
Could you help me with an error I encountered while accessing my leave balance?,human_handoff,human_escalation_request,"{""error_type"": ""access"", ""system"": ""leave balance""}",employee
"I think there’s an issue with the leave report generation, can you check?",human_handoff,human_escalation_request,"{""report_type"": ""leave"", ""issue"": ""generation""}",hr
Can you assist me with understanding the leave types available?,human_handoff,human_escalation_request,"{""leave_type"": ""all""}",employee
Could you clarify how to access my performance review results?,human_handoff,human_escalation_request,"{""review_type"": ""performance"", ""access_method"": ""online""}",employee
I need to know the upcoming maintenance schedule for the HR system.,human_handoff,human_escalation_request,"{""system"": ""HR system"", ""maintenance_schedule"": ""September 2023""}",hr
Can you provide details on the security protocols for employee data?,human_handoff,human_escalation_request,"{""data_type"": ""employee"", ""protocol_type"": ""security""}",hr
Could you help me find out what my registered address is?,human_handoff,human_escalation_request,"{""address"": ""123 Main St, Cityville, ST 12345""}",employee
I think my emergency contact details might be outdated. Can you check that for me?,human_handoff,human_escalation_request,"{""emergency_contact"": ""John Doe, 555-1234""}",employee
What email address do you have registered for me?,human_handoff,human_escalation_request,"{""email"": ""employee@example.com""}",employee
I can't seem to find my leave balance. Is there a way to check that?,human_handoff,human_escalation_request,"{""leave_balance"": ""15 days""}",employee
Could you let me know how many vacation days I have left?,human_handoff,human_escalation_request,"{""leave_type"": ""vacation"", ""leave_balance"": ""10 days""}",employee
What is the history of my sick leave usage?,human_handoff,human_escalation_request,"{""leave_type"": ""sick"", ""leave_history"": ""5 days used in 2023""}",employee
"I need to see the headcount report for this month, please.",human_handoff,human_escalation_request,"{""month"": ""October"", ""year"": ""2023""}",hr
Is there a way to export the current headcount data?,human_handoff,human_escalation_request,"{""export_format"": ""CSV""}",hr
Could you provide me with the headcount report for last quarter?,human_handoff,human_escalation_request,"{""quarter"": ""Q3"", ""year"": ""2023""}",hr
I would like to see the headcount trends over the last year.,human_handoff,human_escalation_request,"{""year"": ""2023""}",hr
Can you help me with the leave report for the last month?,human_handoff,human_escalation_request,"{""month"": ""September"", ""year"": ""2023""}",hr
I need to export the leave data for the last six months. Can you assist?,human_handoff,human_escalation_request,"{""export_format"": ""Excel"", ""duration"": ""6 months""}",hr
Could you provide me with the performance review timelines for this year?,human_handoff,human_escalation_request,"{""year"": ""2023""}",hr
Can you tell me about the security measures in place for our HR system?,human_handoff,human_escalation_request,"{""system"": ""HR management system""}",hr
I think there might be an error with my leave balance. Can you check?,human_handoff,human_escalation_request,"{""leave_balance"": ""error detected""}",employee
What maintenance is scheduled for the HR portal?,human_handoff,human_escalation_request,"{""portal"": ""HR portal""}",hr
Could you tell me if there are any known issues with the leave application system?,human_handoff,human_escalation_request,"{""system"": ""leave application""}",hr
Can you provide the latest updates on system maintenance?,human_handoff,human_escalation_request,"{""system"": ""HR management system""}",hr
I have a question about the logging of employee activities. Can you help?,human_handoff,human_escalation_request,"{""activity_type"": ""employee activities""}",hr
Are there any upcoming maintenance windows for the HR system?,human_handoff,human_escalation_request,"{""system"": ""HR system""}",hr
Could you clarify how to report a security issue with employee data?,human_handoff,human_escalation_request,"{""data_type"": ""employee records""}",hr
Could you help me with my registered address? I think it might be outdated.,human_handoff,human_escalation_request,"{""address"": ""123 Main St, Cityville, ST 12345""}",employee
I need to check who my emergency contact is on file. Can you assist?,human_handoff,human_escalation_request,"{""contact_name"": ""John Doe"", ""contact_number"": ""(123) 456-7890""}",employee
I think my registered email might be incorrect. Can you verify it for me?,human_handoff,human_escalation_request,"{""email"": ""user@example.com""}",employee
Could you let me know the leave history for employee ID 12345?,human_handoff,human_escalation_request,"{""employee_id"": ""12345"", ""leave_history"": ""2023-01-05 to 2023-01-10""}",hr
I need the headcount report for the last quarter. Can you help with that?,human_handoff,human_escalation_request,"{""quarter"": ""Q3 2023""}",hr
Can you provide the upcoming leave requests for the team?,human_handoff,human_escalation_request,"{""team_id"": ""team_001"", ""upcoming_requests"": ""5 requests""}",hr
Could you help me get in touch with someone regarding my leave balance?,human_handoff,human_escalation_request,"{""leave_type"": ""vacation"", ""month"": ""August"", ""year"": ""2025""}",employee
"I think I need to escalate an issue about my emergency contact details, can you assist?",human_handoff,human_escalation_request,"{""contact_type"": ""emergency"", ""last_updated"": ""2023-10-01""}",hr
Could you tell me what my registered phone number is?,profile_information_request,profile_phone,"{""phone_number"": ""(123) 456-7890""}",employee
"I think my email was changed recently, can you confirm it?",profile_information_request,profile_email,"{""email"": ""employee@example.com""}",employee
What is the address I have on file with HR?,profile_information_request,profile_address,"{""address"": ""123 Main St, City, State, 12345""}",employee
Can you check who my manager is in the system?,profile_information_request,profile_manager,"{""manager"": ""John Doe""}",employee
"I need to verify my job title, can you help?",profile_information_request,profile_designation,"{""designation"": ""Software Engineer""}",employee
What is the last date my contact information was updated?,profile_information_request,profile_phone,"{""last_updated"": ""2023-09-15""}",employee
Where can I find my emergency contact details?,profile_information_request,profile_address,"{""emergency_contact"": ""Jane Smith, (987) 654-3210""}",employee
Can you remind me of my registered email address?,profile_information_request,profile_email,"{""email"": ""employee@example.com""}",employee
What is the address listed for me in the HR system?,profile_information_request,profile_address,"{""address"": ""456 Elm St, City, State, 67890""}",employee
"I think I might have forgotten my manager's name, can you help?",profile_information_request,profile_manager,"{""manager"": ""John Doe""}",employee
Can I see the last time my phone number was updated?,profile_information_request,profile_phone,"{""last_updated"": ""2023-09-15""}",employee
Is there a way to check my current email on file?,profile_information_request,profile_email,"{""email"": ""employee@example.com""}",employee
"I need to know my job title for a form, can you provide that?",profile_information_request,profile_designation,"{""designation"": ""Software Engineer""}",employee
Could you tell me if my emergency contact is up to date?,profile_information_request,profile_address,"{""emergency_contact"": ""Jane Smith, (987) 654-3210""}",employee
What is the format for viewing my registered phone number?,profile_information_request,profile_phone,"{""phone_number"": ""(123) 456-7890""}",employee
Can I check who my direct supervisor is?,profile_information_request,profile_manager,"{""manager"": ""John Doe""}",employee
What is the last update date for my email address?,profile_information_request,profile_email,"{""last_updated"": ""2023-09-15""}",employee
"I think my address might be incorrect, how can I verify it?",profile_information_request,profile_address,"{""address"": ""123 Main St, City, State, 12345""}",employee
Can you tell me if my designation is correctly recorded?,profile_information_request,profile_designation,"{""designation"": ""Software Engineer""}",employee
What is the last date my emergency contact was updated?,profile_information_request,profile_address,"{""last_updated"": ""2023-09-15""}",employee
Can you provide the current phone number linked to my profile?,profile_information_request,profile_phone,"{""phone_number"": ""(123) 456-7890""}",employee
"I need to check my email address for an application, can you help?",profile_information_request,profile_email,"{""email"": ""employee@example.com""}",employee
Is there a way to find out who my manager is?,profile_information_request,profile_manager,"{""manager"": ""John Doe""}",employee
Can you confirm my registered address for me?,profile_information_request,profile_address,"{""address"": ""456 Elm St, City, State, 67890""}",employee
What is the last time my designation was updated?,profile_information_request,profile_designation,"{""last_updated"": ""2023-09-15""}",employee
Can you check if my emergency contact is still valid?,profile_information_request,profile_address,"{""emergency_contact"": ""Jane Smith, (987) 654-3210""}",employee
"I need to verify my phone number, can you assist?",profile_information_request,profile_phone,"{""phone_number"": ""(123) 456-7890""}",employee
What is the email address associated with my profile?,profile_information_request,profile_email,"{""email"": ""employee@example.com""}",employee
Can you help me find out who my supervisor is?,profile_information_request,profile_manager,"{""manager"": ""John Doe""}",employee
"I think my address is outdated, how can I check?",profile_information_request,profile_address,"{""address"": ""123 Main St, City, State, 12345""}",employee
What is my current job title according to HR?,profile_information_request,profile_designation,"{""designation"": ""Software Engineer""}",employee
Can you tell me when my emergency contact was last updated?,profile_information_request,profile_address,"{""last_updated"": ""2023-09-15""}",employee
"I need to confirm my phone number for a verification process, can you help?",profile_information_request,profile_phone,"{""phone_number"": ""(123) 456-7890""}",employee
What email address is linked to my account?,profile_information_request,profile_email,"{""email"": ""employee@example.com""}",employee
Could you remind me of my manager's name?,profile_information_request,profile_manager,"{""manager"": ""John Doe""}",employee
What is the registered address I have with HR?,profile_information_request,profile_address,"{""address"": ""456 Elm St, City, State, 67890""}",employee
Can you tell me if my designation is still accurate?,profile_information_request,profile_designation,"{""designation"": ""Software Engineer""}",employee
Is my emergency contact information up to date?,profile_information_request,profile_address,"{""emergency_contact"": ""Jane Smith, (987) 654-3210""}",employee
Can you check the last update on my phone number?,profile_information_request,profile_phone,"{""last_updated"": ""2023-09-15""}",employee
"I need to verify my email for a login, what is it?",profile_information_request,profile_email,"{""email"": ""employee@example.com""}",employee
Can you tell me who my direct manager is?,profile_information_request,profile_manager,"{""manager"": ""John Doe""}",employee
What is the address I have registered with HR?,profile_information_request,profile_address,"{""address"": ""123 Main St, City, State, 12345""}",employee
Can you confirm my job title as per HR records?,profile_information_request,profile_designation,"{""designation"": ""Software Engineer""}",employee
I think my email was updated recently. Can you confirm what it is?,profile_information_request,profile_email,"{""email"": ""user@example.com""}",employee
What is the address that I have on file?,profile_information_request,profile_address,"{""address"": ""123 Main St, City, State, 12345""}",employee
Can you remind me who my manager is?,profile_information_request,profile_manager,"{""manager"": ""John Doe""}",employee
What designation do I hold in the company?,profile_information_request,profile_designation,"{""designation"": ""Software Engineer""}",employee
"I need to check my emergency contact details, can you help?",profile_information_request,profile_phone,"{""phone_number"": ""(987) 654-3210""}",employee
Can you tell me my registered email address?,profile_information_request,profile_email,"{""email"": ""user@example.com""}",employee
"I can't recall my registered address, could you provide that?",profile_information_request,profile_address,"{""address"": ""456 Elm St, City, State, 67890""}",employee
What is the name of my manager again?,profile_information_request,profile_manager,"{""manager"": ""Jane Smith""}",employee
Could you check what my job title is?,profile_information_request,profile_designation,"{""designation"": ""Project Manager""}",employee
"I think my email might be wrong, what is it?",profile_information_request,profile_email,"{""email"": ""user@example.com""}",employee
Can you tell me when my phone number was last updated?,profile_information_request,profile_phone,"{""last_updated"": ""February 2023""}",employee
"I need to verify who my direct supervisor is, can you help?",profile_information_request,profile_manager,"{""manager"": ""Emily Johnson""}",employee
What is my current designation within the organization?,profile_information_request,profile_designation,"{""designation"": ""Data Analyst""}",employee
Could you let me know my emergency contact's phone number?,profile_information_request,profile_phone,"{""phone_number"": ""(321) 654-0987""}",employee
When was my email last updated?,profile_information_request,profile_email,"{""last_updated"": ""March 2023""}",employee
"I need to find out my registered address, can you assist?",profile_information_request,profile_address,"{""address"": ""321 Pine St, City, State, 24680""}",employee
What is the name of my manager?,profile_information_request,profile_manager,"{""manager"": ""Michael Brown""}",employee
Can you tell me my job title?,profile_information_request,profile_designation,"{""designation"": ""UX Designer""}",employee
"I forgot my email address, could you remind me?",profile_information_request,profile_email,"{""email"": ""user@example.com""}",employee
What was the last date my phone number was updated?,profile_information_request,profile_phone,"{""last_updated"": ""April 2023""}",employee
Can you provide my registered address?,profile_information_request,profile_address,"{""address"": ""654 Maple St, City, State, 86420""}",employee
Who is my current manager?,profile_information_request,profile_manager,"{""manager"": ""Sarah Davis""}",employee
What designation do I currently hold?,profile_information_request,profile_designation,"{""designation"": ""Marketing Specialist""}",employee
Can you check my emergency contact details?,profile_information_request,profile_phone,"{""phone_number"": ""(456) 789-0123""}",employee
When was my email last modified?,profile_information_request,profile_email,"{""last_updated"": ""May 2023""}",employee
What is my registered address with HR?,profile_information_request,profile_address,"{""address"": ""987 Birch St, City, State, 97531""}",employee
Can you tell me the name of my supervisor?,profile_information_request,profile_manager,"{""manager"": ""David Wilson""}",employee
What is my job title in the company?,profile_information_request,profile_designation,"{""designation"": ""Sales Executive""}",employee
"I need to verify my emergency contact's number, can you help?",profile_information_request,profile_phone,"{""phone_number"": ""(654) 321-0987""}",employee
When was my phone number updated last?,profile_information_request,profile_phone,"{""last_updated"": ""June 2023""}",employee
Can you provide my current address?,profile_information_request,profile_address,"{""address"": ""159 Cedar St, City, State, 75319""}",employee
Who is my manager currently?,profile_information_request,profile_manager,"{""manager"": ""Lisa Green""}",employee
What designation do I have now?,profile_information_request,profile_designation,"{""designation"": ""HR Coordinator""}",employee
Can you check my emergency contact information?,profile_information_request,profile_phone,"{""phone_number"": ""(789) 012-3456""}",employee
When was my email address last updated?,profile_information_request,profile_email,"{""last_updated"": ""July 2023""}",employee
What is my registered address?,profile_information_request,profile_address,"{""address"": ""753 Spruce St, City, State, 86420""}",employee
Could you tell me the name of my direct supervisor?,profile_information_request,profile_manager,"{""manager"": ""Tom Harris""}",employee
What is my current job title?,profile_information_request,profile_designation,"{""designation"": ""Finance Analyst""}",employee
Can you help me find my emergency contact's phone number?,profile_information_request,profile_phone,"{""phone_number"": ""(321) 987-6543""}",employee
When was my phone number last changed?,profile_information_request,profile_phone,"{""last_updated"": ""August 2023""}",employee
Can you provide my registered address details?,profile_information_request,profile_address,"{""address"": ""852 Walnut St, City, State, 13579""}",employee
What designation do I currently hold in the company?,profile_information_request,profile_designation,"{""designation"": ""IT Support Specialist""}",employee
"I think my email was updated recently, can you confirm it?",profile_information_request,profile_email,"{""email"": ""user@example.com""}",employee
"I need to check my job title, can you help?",profile_information_request,profile_designation,"{""designation"": ""Software Engineer""}",employee
Could you provide my registered email address?,profile_information_request,profile_email,"{""email"": ""user@example.com""}",employee
"I think I might have forgotten my address on file, can you check?",profile_information_request,profile_address,"{""address"": ""123 Main St, City, State, 12345""}",employee
What is the name of my direct supervisor?,profile_information_request,profile_manager,"{""manager_name"": ""John Doe""}",employee
Can you tell me my job title again?,profile_information_request,profile_designation,"{""designation"": ""Software Engineer""}",employee
Is there a way to see my emergency contact information?,profile_information_request,profile_phone,"{""emergency_contact"": ""Jane Doe""}",employee
Could you check if my email is still the same?,profile_information_request,profile_email,"{""email"": ""user@example.com""}",employee
What address do you have for me in the system?,profile_information_request,profile_address,"{""address"": ""123 Main St, City, State, 12345""}",employee
"I forgot who my manager is, can you help?",profile_information_request,profile_manager,"{""manager_name"": ""John Doe""}",employee
When was my job title last updated?,profile_information_request,profile_designation,"{""last_updated"": ""2023-01-15""}",employee
Can I see my registered phone number?,profile_information_request,profile_phone,"{""phone_number"": ""(123) 456-7890""}",employee
"I need to verify my emergency contact, can you assist?",profile_information_request,profile_phone,"{""emergency_contact"": ""Jane Doe""}",employee
What is my current email address on file?,profile_information_request,profile_email,"{""email"": ""user@example.com""}",employee
Can you tell me my address as per the records?,profile_information_request,profile_address,"{""address"": ""123 Main St, City, State, 12345""}",employee
Could you remind me who my manager is?,profile_information_request,profile_manager,"{""manager_name"": ""John Doe""}",employee
"I need to know my designation, can you help?",profile_information_request,profile_designation,"{""designation"": ""Software Engineer""}",employee
Can I find out what my registered phone number is?,profile_information_request,profile_phone,"{""phone_number"": ""(123) 456-7890""}",employee
What is the emergency contact you have for me?,profile_information_request,profile_phone,"{""emergency_contact"": ""Jane Doe""}",employee
"I want to check my email address, can you assist?",profile_information_request,profile_email,"{""email"": ""user@example.com""}",employee
What address is listed for me in the system?,profile_information_request,profile_address,"{""address"": ""123 Main St, City, State, 12345""}",employee
Can you tell me who my manager is?,profile_information_request,profile_manager,"{""manager_name"": ""John Doe""}",employee
What is my job title right now?,profile_information_request,profile_designation,"{""designation"": ""Software Engineer""}",employee
When was the last update to my contact details?,profile_information_request,profile_phone,"{""last_updated"": ""2023-01-15""}",employee
Could you confirm my emergency contact information?,profile_information_request,profile_phone,"{""emergency_contact"": ""Jane Doe""}",employee
What email address do you have for me?,profile_information_request,profile_email,"{""email"": ""user@example.com""}",employee
Can you check what address is on file for me?,profile_information_request,profile_address,"{""address"": ""123 Main St, City, State, 12345""}",employee
What is my designation in the company?,profile_information_request,profile_designation,"{""designation"": ""Software Engineer""}",employee
I think my email was updated recently; can you confirm what it is?,profile_information_request,profile_email,"{""email"": ""employee@example.com""}",employee
Who is my direct manager according to my profile?,profile_information_request,profile_manager,"{""manager"": ""John Doe""}",employee
Can you remind me of my current job designation?,profile_information_request,profile_designation,"{""designation"": ""Software Engineer""}",employee
I need to check when my contact information was last updated. Any idea?,profile_information_request,profile_phone,"{""last_updated"": ""2023-08-15""}",employee
What is the emergency contact I have listed?,profile_information_request,profile_phone,"{""emergency_contact"": ""Jane Doe, (987) 654-3210""}",employee
Can you show me my registered email address?,profile_information_request,profile_email,"{""email"": ""employee@example.com""}",employee
I think I might need to verify my address on file; what is it?,profile_information_request,profile_address,"{""address"": ""456 Elm St, City, Country""}",employee
Could you check who my manager is?,profile_information_request,profile_manager,"{""manager"": ""John Doe""}",employee
What designation do I have in the company records?,profile_information_request,profile_designation,"{""designation"": ""Project Manager""}",employee
Can I see my phone number registered with HR?,profile_information_request,profile_phone,"{""phone_number"": ""(123) 456-7890""}",employee
I’m curious about my email; can you pull that up for me?,profile_information_request,profile_email,"{""email"": ""employee@example.com""}",employee
What’s the address that HR has for me?,profile_information_request,profile_address,"{""address"": ""789 Oak St, City, Country""}",employee
Who is listed as my manager in the HR system?,profile_information_request,profile_manager,"{""manager"": ""John Doe""}",employee
What is my current designation in the company?,profile_information_request,profile_designation,"{""designation"": ""Senior Developer""}",employee
What’s the emergency contact number I have on file?,profile_information_request,profile_phone,"{""emergency_contact"": ""Jane Doe, (987) 654-3210""}",employee
Can I check my registered email address again?,profile_information_request,profile_email,"{""email"": ""employee@example.com""}",employee
I need to verify my address; what does HR have on record?,profile_information_request,profile_address,"{""address"": ""123 Main St, City, Country""}",employee
What is my designation according to HR?,profile_information_request,profile_designation,"{""designation"": ""Software Engineer""}",employee
I’d like to know the last time my contact info was updated.,profile_information_request,profile_phone,"{""last_updated"": ""2023-08-15""}",employee
Can you remind me of my emergency contact?,profile_information_request,profile_phone,"{""emergency_contact"": ""Jane Doe, (987) 654-3210""}",employee
What email address is associated with my profile?,profile_information_request,profile_email,"{""email"": ""employee@example.com""}",employee
What’s the address I have registered with HR?,profile_information_request,profile_address,"{""address"": ""456 Elm St, City, Country""}",employee
Who is my manager according to the HR records?,profile_information_request,profile_manager,"{""manager"": ""John Doe""}",employee
Could you tell me when my emergency contact was last updated?,profile_information_request,profile_phone,"{""last_updated"": ""2023-08-15""}",employee
What’s the emergency contact I have listed in my profile?,profile_information_request,profile_phone,"{""emergency_contact"": ""Jane Doe, (987) 654-3210""}",employee
Can you confirm my registered email address?,profile_information_request,profile_email,"{""email"": ""employee@example.com""}",employee
What is the address HR has for me?,profile_information_request,profile_address,"{""address"": ""789 Oak St, City, Country""}",employee
What is my current job designation in the company?,profile_information_request,profile_designation,"{""designation"": ""Senior Developer""}",employee
I’d like to know when my contact information was last updated.,profile_information_request,profile_phone,"{""last_updated"": ""2023-08-15""}",employee
What’s the emergency contact number I have on file with HR?,profile_information_request,profile_phone,"{""emergency_contact"": ""Jane Doe, (987) 654-3210""}",employee
What’s the address that HR has on record for me?,profile_information_request,profile_address,"{""address"": ""123 Main St, City, Country""}",employee
Can you tell me who my manager is in the HR system?,profile_information_request,profile_manager,"{""manager"": ""John Doe""}",employee
What is my designation according to HR records?,profile_information_request,profile_designation,"{""designation"": ""Software Engineer""}",employee
Can you let me know who my manager is?,profile_information_request,profile_manager,"{""manager_name"": ""John Doe""}",employee
"I need to check my job title, what is it?",profile_information_request,profile_designation,"{""designation"": ""Software Engineer""}",employee
Is there a way to see my emergency contact details?,profile_information_request,profile_phone,"{""emergency_contact"": ""Jane Doe, (987) 654-3210""}",employee
Could you remind me of my registered email address?,profile_information_request,profile_email,"{""email"": ""user@example.com""}",employee
Can you tell me my current designation?,profile_information_request,profile_designation,"{""designation"": ""Software Engineer""}",employee
I need to find out what my phone number is in the system.,profile_information_request,profile_phone,"{""phone_number"": ""(123) 456-7890""}",employee
When was the last update made to my email?,profile_information_request,profile_email,"{""last_updated"": ""2023-09-15""}",employee
Could you check who my manager is again?,profile_information_request,profile_manager,"{""manager_name"": ""John Doe""}",employee
What is my job title at the company?,profile_information_request,profile_designation,"{""designation"": ""Software Engineer""}",employee
"I can't recall my emergency contact details, can you help?",profile_information_request,profile_phone,"{""emergency_contact"": ""Jane Doe, (987) 654-3210""}",employee
Can you tell me if my phone number is up to date?,profile_information_request,profile_phone,"{""phone_number"": ""(123) 456-7890""}",employee
"I need to verify my email address, what is it?",profile_information_request,profile_email,"{""email"": ""user@example.com""}",employee
Could you remind me of my current address?,profile_information_request,profile_address,"{""address"": ""123 Main St, City, State, 12345""}",employee
Who is my direct manager right now?,profile_information_request,profile_manager,"{""manager_name"": ""John Doe""}",employee
When was my contact info last updated?,profile_information_request,profile_phone,"{""last_updated"": ""2023-09-15""}",employee
Can you provide my emergency contact information?,profile_information_request,profile_phone,"{""emergency_contact"": ""Jane Doe, (987) 654-3210""}",employee
Can you check my address on file?,profile_information_request,profile_address,"{""address"": ""123 Main St, City, State, 12345""}",employee
Who is currently managing my team?,profile_information_request,profile_manager,"{""manager_name"": ""John Doe""}",employee
What is my official job title?,profile_information_request,profile_designation,"{""designation"": ""Software Engineer""}",employee
"I need to check my emergency contact, what is it?",profile_information_request,profile_phone,"{""emergency_contact"": ""Jane Doe, (987) 654-3210""}",employee
What email do you have registered for me?,profile_information_request,profile_email,"{""email"": ""user@example.com""}",employee
Can you remind me of my registered address?,profile_information_request,profile_address,"{""address"": ""123 Main St, City, State, 12345""}",employee
What is my designation at work?,profile_information_request,profile_designation,"{""designation"": ""Software Engineer""}",employee
Can you check my emergency contact info?,profile_information_request,profile_phone,"{""emergency_contact"": ""Jane Doe, (987) 654-3210""}",employee
Could you tell me my address on file?,profile_information_request,profile_address,"{""address"": ""123 Main St, City, State, 12345""}",employee
Who is managing my department?,profile_information_request,profile_manager,"{""manager_name"": ""John Doe""}",employee
What is my job title here?,profile_information_request,profile_designation,"{""designation"": ""Software Engineer""}",employee
When was my phone number last updated in the system?,profile_information_request,profile_phone,"{""last_updated"": ""2023-09-15""}",employee
Can you provide my emergency contact details?,profile_information_request,profile_phone,"{""emergency_contact"": ""Jane Doe, (987) 654-3210""}",employee
What email do you have for my profile?,profile_information_request,profile_email,"{""email"": ""user@example.com""}",employee
Who is my direct supervisor?,profile_information_request,profile_manager,"{""manager_name"": ""John Doe""}",employee
What is my designation in the organization?,profile_information_request,profile_designation,"{""designation"": ""Software Engineer""}",employee
What is the address that I have on file with HR?,profile_information_request,profile_address,"{""address"": ""123 Main St, City, Country""}",employee
Is there a way to find out when my contact information was last updated?,profile_information_request,profile_phone,"{""last_updated"": ""2023-08-15""}",employee
What is the emergency contact number I have listed?,profile_information_request,profile_phone,"{""emergency_contact"": ""(987) 654-3210""}",employee
"I think my address might be outdated, what do you have on file?",profile_information_request,profile_address,"{""address"": ""123 Main St, City, Country""}",employee
Can you tell me my job designation?,profile_information_request,profile_designation,"{""designation"": ""Software Engineer""}",employee
"I need to verify my phone number, what is it?",profile_information_request,profile_phone,"{""phone_number"": ""(123) 456-7890""}",employee
Could you check if my address is correct?,profile_information_request,profile_address,"{""address"": ""123 Main St, City, Country""}",employee
Who do I report to in the company?,profile_information_request,profile_manager,"{""manager_name"": ""John Doe""}",employee
Can you tell me when my email was last updated?,profile_information_request,profile_email,"{""last_updated"": ""2023-08-15""}",employee
"I need to know my emergency contact details, can you help?",profile_information_request,profile_phone,"{""emergency_contact"": ""(987) 654-3210""}",employee
What is the last date my phone number was updated?,profile_information_request,profile_phone,"{""last_updated"": ""2023-08-15""}",employee
"I forgot my manager's name, can you remind me?",profile_information_request,profile_manager,"{""manager_name"": ""John Doe""}",employee
Can you tell me if my email is still the same?,profile_information_request,profile_email,"{""email"": ""user@example.com""}",employee
"I need to find out my emergency contact name, do you have that?",profile_information_request,profile_phone,"{""emergency_contact_name"": ""Jane Smith""}",employee
What is my registered email address again?,profile_information_request,profile_email,"{""email"": ""user@example.com""}",employee
"I want to confirm who my manager is, can you help?",profile_information_request,profile_manager,"{""manager_name"": ""John Doe""}",employee
What is my job title currently?,profile_information_request,profile_designation,"{""designation"": ""Software Engineer""}",employee
Can you tell me when my address was last updated?,profile_information_request,profile_address,"{""last_updated"": ""2023-08-15""}",employee
"I need to check my phone number, what do you have?",profile_information_request,profile_phone,"{""phone_number"": ""(123) 456-7890""}",employee
What email is associated with my account?,profile_information_request,profile_email,"{""email"": ""user@example.com""}",employee
Can you remind me of my emergency contact number?,profile_information_request,profile_phone,"{""emergency_contact"": ""(987) 654-3210""}",employee
"I think my address is incorrect, can you verify it?",profile_information_request,profile_address,"{""address"": ""123 Main St, City, Country""}",employee
Who is my direct manager?,profile_information_request,profile_manager,"{""manager_name"": ""John Doe""}",employee
What is my current designation?,profile_information_request,profile_designation,"{""designation"": ""Software Engineer""}",employee
Can you tell me the last time my email was updated?,profile_information_request,profile_email,"{""last_updated"": ""2023-08-15""}",employee
I need to check my job title; what is it?,profile_information_request,profile_designation,"{""designation"": ""Software Engineer""}",employee
Could you provide my emergency contact details?,profile_information_request,profile_phone,"{""emergency_contact"": ""Jane Doe, (987) 654-3210""}",employee
Is there a way to see my registered address?,profile_information_request,profile_address,"{""address"": ""456 Elm St, City, Country""}",employee
Can you tell me who my direct supervisor is?,profile_information_request,profile_manager,"{""manager_name"": ""Alice Smith""}",employee
I think my job title might have changed; what is it currently?,profile_information_request,profile_designation,"{""designation"": ""Senior Developer""}",employee
Can I check what phone number is on file for me?,profile_information_request,profile_phone,"{""phone_number"": ""(321) 654-0987""}",employee
What is my current email address registered with HR?,profile_information_request,profile_email,"{""email"": ""user2@example.com""}",employee
Where can I find my registered address in the system?,profile_information_request,profile_address,"{""address"": ""789 Oak St, City, Country""}",employee
Could you let me know who my manager is right now?,profile_information_request,profile_manager,"{""manager_name"": ""Bob Johnson""}",employee
Can I see my emergency contact information?,profile_information_request,profile_phone,"{""emergency_contact"": ""Tom Brown, (654) 321-9870""}",employee
Could you tell me who is my current supervisor?,profile_information_request,profile_manager,"{""manager_name"": ""Sarah Lee""}",employee
"I think my email was changed recently, could you confirm it for me?",profile_information_request,profile_email,"{""email"": ""user@example.com""}",employee
What is the address I have on file with the company?,profile_information_request,profile_address,"{""address"": ""123 Main St, City, Country""}",employee
"I need to check my job title, can you help with that?",profile_information_request,profile_designation,"{""designation"": ""Software Engineer""}",employee
When was the last time my emergency contact information was updated?,profile_information_request,profile_address,"{""last_updated"": ""2023-01-15""}",employee
Can you provide me with my current email address on file?,profile_information_request,profile_email,"{""email"": ""user@example.com""}",employee
What is the registered phone number for employee ID 456?,profile_information_request,profile_phone,"{""phone_number"": ""987-654-3210""}",hr
"I need to verify the address for employee ID 789, can you help?",profile_information_request,profile_address,"{""address"": ""456 Elm St, City, Country""}",hr
Could you check who the manager is for employee ID 123?,profile_information_request,profile_manager,"{""manager_name"": ""Jane Smith""}",hr
What is the job title for employee ID 234?,profile_information_request,profile_designation,"{""designation"": ""Project Manager""}",hr
Can you tell me if my phone number is still the same?,profile_information_request,profile_phone,"{""phone_number"": ""123-456-7890""}",employee
Is my email address still user@example.com?,profile_information_request,profile_email,"{""email"": ""user@example.com""}",employee
What is the current registered address for employee ID 345?,profile_information_request,profile_address,"{""address"": ""789 Pine St, City, Country""}",hr
Can you confirm my manager's name again?,profile_information_request,profile_manager,"{""manager_name"": ""John Doe""}",employee
"I need to know my job title for the records, can you help?",profile_information_request,profile_designation,"{""designation"": ""Software Engineer""}",employee
When was the last update for my email address?,profile_information_request,profile_email,"{""last_updated"": ""2023-02-01""}",employee
What is the phone number for employee ID 567?,profile_information_request,profile_phone,"{""phone_number"": ""321-654-0987""}",hr
Can you tell me the address for employee ID 678?,profile_information_request,profile_address,"{""address"": ""321 Oak St, City, Country""}",hr
"I need to verify the manager for employee ID 890, can you assist?",profile_information_request,profile_manager,"{""manager_name"": ""Alice Johnson""}",hr
What is the designation for employee ID 901?,profile_information_request,profile_designation,"{""designation"": ""Data Analyst""}",hr
"I think my emergency contact is not updated, can you check?",profile_information_request,profile_address,"{""last_updated"": ""2023-03-01""}",employee
Can you remind me of my registered phone number?,profile_information_request,profile_phone,"{""phone_number"": ""123-456-7890""}",employee
What is the email I have on file?,profile_information_request,profile_email,"{""email"": ""user@example.com""}",employee
Could you check the address for employee ID 234?,profile_information_request,profile_address,"{""address"": ""654 Maple St, City, Country""}",hr
Can you tell me who manages employee ID 345?,profile_information_request,profile_manager,"{""manager_name"": ""Bob Brown""}",hr
What is the current designation for employee ID 456?,profile_information_request,profile_designation,"{""designation"": ""UX Designer""}",hr
"I need to know who the manager is for employee ID 789, can you help?",profile_information_request,profile_manager,"{""manager_name"": ""Charlie Green""}",hr
What is the job title for employee ID 890?,profile_information_request,profile_designation,"{""designation"": ""Marketing Specialist""}",hr
Can you check if my emergency contact is correct?,profile_information_request,profile_address,"{""last_updated"": ""2023-05-01""}",employee
What is my registered phone number?,profile_information_request,profile_phone,"{""phone_number"": ""123-456-7890""}",employee
Can you confirm my email address?,profile_information_request,profile_email,"{""email"": ""user@example.com""}",employee
I think my email was changed recently; can you confirm what it is?,profile_information_request,profile_email,"{""email"": ""user@example.com""}",employee
I’d like to check my job title; what is it?,profile_information_request,profile_designation,"{""designation"": ""Software Engineer""}",employee
Is there a way to see my current email address?,profile_information_request,profile_email,"{""email"": ""user@example.com""}",employee
What’s the registered phone number for employee ID 12345?,profile_information_request,profile_phone,"{""phone_number"": ""(123) 456-7890""}",hr
Can you check the address on file for Jane Smith?,profile_information_request,profile_address,"{""address"": ""456 Elm St, City, State, 67890""}",hr
I need to verify the designation of employee ID 67890; what is it?,profile_information_request,profile_designation,"{""designation"": ""Project Manager""}",hr
What is the email address for employee ID 54321?,profile_information_request,profile_email,"{""email"": ""jane.smith@example.com""}",hr
Can you tell me the last time the phone number was updated for John Doe?,profile_information_request,profile_phone,"{""last_updated"": ""February 2023""}",hr
I think my address is incorrect; can you check what’s on file?,profile_information_request,profile_address,"{""address"": ""123 Main St, City, State, 12345""}",employee
Could you let me know who my current manager is?,profile_information_request,profile_manager,"{""manager_name"": ""John Doe""}",employee
What’s the emergency contact number I have registered?,profile_information_request,profile_phone,"{""phone_number"": ""(987) 654-3210""}",employee
Can I see the last update date for my email address?,profile_information_request,profile_email,"{""last_updated"": ""March 2023""}",employee
What is the current address for employee ID 11223?,profile_information_request,profile_address,"{""address"": ""789 Oak St, City, State, 13579""}",hr
Can you tell me the registered email for employee ID 33445?,profile_information_request,profile_email,"{""email"": ""employee@example.com""}",hr
I’d like to know the last time my phone number was updated; can you check?,profile_information_request,profile_phone,"{""last_updated"": ""April 2023""}",employee
What’s the registered address for employee ID 55667?,profile_information_request,profile_address,"{""address"": ""321 Pine St, City, State, 24680""}",hr
Can you confirm my job title?,profile_information_request,profile_designation,"{""designation"": ""Data Analyst""}",employee
What’s the phone number for employee ID 77889?,profile_information_request,profile_phone,"{""phone_number"": ""(321) 654-0987""}",hr
Could you remind me of my emergency contact details?,profile_information_request,profile_address,"{""address"": ""123 Main St, City, State, 12345""}",employee
What’s the last update date for my registered address?,profile_information_request,profile_address,"{""last_updated"": ""May 2023""}",employee
Can you check the email address for employee ID 99001?,profile_information_request,profile_email,"{""email"": ""another.employee@example.com""}",hr
I need to verify my current designation; can you help?,profile_information_request,profile_designation,"{""designation"": ""HR Specialist""}",employee
What is the phone number for employee ID 22334?,profile_information_request,profile_phone,"{""phone_number"": ""(456) 789-0123""}",hr
What’s the registered address for employee ID 44556?,profile_information_request,profile_address,"{""address"": ""654 Maple St, City, State, 98765""}",hr
Could you confirm my manager’s name?,profile_information_request,profile_manager,"{""manager_name"": ""Jane Doe""}",employee
What’s the phone number for employee ID 66778?,profile_information_request,profile_phone,"{""phone_number"": ""(789) 012-3456""}",hr
Can you check the last update for my emergency contact?,profile_information_request,profile_address,"{""last_updated"": ""July 2023""}",employee
What’s the email address for employee ID 88990?,profile_information_request,profile_email,"{""email"": ""hr@example.com""}",hr
I’d like to know the last update date for my designation; can you check?,profile_information_request,profile_designation,"{""last_updated"": ""August 2023""}",employee
Can you tell me the registered phone number for employee ID 10101?,profile_information_request,profile_phone,"{""phone_number"": ""(012) 345-6789""}",hr
What’s the registered address for employee ID 12121?,profile_information_request,profile_address,"{""address"": ""987 Birch St, City, State, 54321""}",hr
Could you tell me the current status of the project 'Alpha'?,project_information,project_status,"{""project_name"": ""Alpha""}",employee
What is the deadline for project 'Beta'?,project_information,project_deadline,"{""project_name"": ""Beta"", ""deadline"": ""2025-12-31""}",employee
I need to know who the owner of project 'Gamma' is.,project_information,project_owner,"{""project_name"": ""Gamma""}",employee
Can you provide me with the status update for project 'Delta'?,project_information,project_status,"{""project_name"": ""Delta""}",employee
What is the expected completion date for project 'Epsilon'?,project_information,project_deadline,"{""project_name"": ""Epsilon"", ""deadline"": ""2025-11-30""}",employee
Who is managing project 'Zeta' right now?,project_information,project_owner,"{""project_name"": ""Zeta""}",employee
I was wondering about the status of project 'Eta'.,project_information,project_status,"{""project_name"": ""Eta""}",employee
When is the deadline for project 'Theta'?,project_information,project_deadline,"{""project_name"": ""Theta"", ""deadline"": ""2025-10-15""}",employee
Could you let me know who the project owner is for 'Iota'?,project_information,project_owner,"{""project_name"": ""Iota""}",employee
What’s the latest on project 'Kappa'?,project_information,project_status,"{""project_name"": ""Kappa""}",employee
Is there a deadline set for project 'Lambda'?,project_information,project_deadline,"{""project_name"": ""Lambda"", ""deadline"": ""2025-09-01""}",employee
Can you tell me who oversees project 'Mu'?,project_information,project_owner,"{""project_name"": ""Mu""}",employee
I think I missed the update on project 'Nu'. What’s the status?,project_information,project_status,"{""project_name"": ""Nu""}",employee
What’s the deadline for project 'Xi'?,project_information,project_deadline,"{""project_name"": ""Xi"", ""deadline"": ""2025-08-20""}",employee
Could you inform me about the owner of project 'Omicron'?,project_information,project_owner,"{""project_name"": ""Omicron""}",employee
Where can I find the status of project 'Pi'?,project_information,project_status,"{""project_name"": ""Pi""}",employee
What’s the due date for project 'Rho'?,project_information,project_deadline,"{""project_name"": ""Rho"", ""deadline"": ""2025-07-30""}",employee
Who is the lead for project 'Sigma'?,project_information,project_owner,"{""project_name"": ""Sigma""}",employee
Could you update me on the status of project 'Tau'?,project_information,project_status,"{""project_name"": ""Tau""}",employee
What’s the deadline for project 'Upsilon'?,project_information,project_deadline,"{""project_name"": ""Upsilon"", ""deadline"": ""2025-06-25""}",employee
Who is responsible for project 'Phi'?,project_information,project_owner,"{""project_name"": ""Phi""}",employee
Can I get an update on project 'Chi'?,project_information,project_status,"{""project_name"": ""Chi""}",employee
What’s the completion date for project 'Psi'?,project_information,project_deadline,"{""project_name"": ""Psi"", ""deadline"": ""2025-05-10""}",employee
Who is the project owner for 'Omega'?,project_information,project_owner,"{""project_name"": ""Omega""}",employee
Can you share the status of project 'Alpha' with me?,project_information,project_status,"{""project_name"": ""Alpha""}",hr
What is the deadline for project 'Beta' as of now?,project_information,project_deadline,"{""project_name"": ""Beta"", ""deadline"": ""2025-12-31""}",hr
I need to know who is in charge of project 'Gamma' currently.,project_information,project_owner,"{""project_name"": ""Gamma""}",hr
Could you provide the status of project 'Delta' for the team?,project_information,project_status,"{""project_name"": ""Delta""}",hr
What is the expected completion date for project 'Epsilon' this quarter?,project_information,project_deadline,"{""project_name"": ""Epsilon"", ""deadline"": ""2025-11-30""}",hr
Who is managing project 'Zeta' at the moment?,project_information,project_owner,"{""project_name"": ""Zeta""}",hr
Can you update me on the status of project 'Eta' for reporting?,project_information,project_status,"{""project_name"": ""Eta""}",hr
When is the deadline for project 'Theta' according to the latest report?,project_information,project_deadline,"{""project_name"": ""Theta"", ""deadline"": ""2025-10-15""}",hr
Could you let me know who the project owner is for 'Iota' for our records?,project_information,project_owner,"{""project_name"": ""Iota""}",hr
What’s the latest on project 'Kappa' for the board meeting?,project_information,project_status,"{""project_name"": ""Kappa""}",hr
Is there a deadline set for project 'Lambda' for the upcoming review?,project_information,project_deadline,"{""project_name"": ""Lambda"", ""deadline"": ""2025-09-01""}",hr
Can you tell me who oversees project 'Mu' for the audit?,project_information,project_owner,"{""project_name"": ""Mu""}",hr
I think I missed the update on project 'Nu'. What’s the status for the report?,project_information,project_status,"{""project_name"": ""Nu""}",hr
Could you let me know the current status of the project X?,project_information,project_status,"{""project_name"": ""Project X""}",employee
What is the deadline for project Y?,project_information,project_deadline,"{""project_name"": ""Project Y"", ""date"": ""December 2025""}",employee
Who is the owner of project Z?,project_information,project_owner,"{""project_name"": ""Project Z""}",employee
"I was wondering about the status of project A, any updates?",project_information,project_status,"{""project_name"": ""Project A""}",employee
Can you tell me when project B is due?,project_information,project_deadline,"{""project_name"": ""Project B"", ""date"": ""January 2026""}",employee
Is there a specific person managing project C?,project_information,project_owner,"{""project_name"": ""Project C""}",employee
What’s the latest on project D?,project_information,project_status,"{""project_name"": ""Project D""}",employee
When is project E expected to be completed?,project_information,project_deadline,"{""project_name"": ""Project E"", ""date"": ""February 2026""}",employee
Who is overseeing project F?,project_information,project_owner,"{""project_name"": ""Project F""}",employee
Any chance you could share the status of project G?,project_information,project_status,"{""project_name"": ""Project G""}",employee
Could you remind me of the deadline for project H?,project_information,project_deadline,"{""project_name"": ""Project H"", ""date"": ""March 2026""}",employee
"I think project I has a specific owner, who is it?",project_information,project_owner,"{""project_name"": ""Project I""}",employee
What’s going on with project J?,project_information,project_status,"{""project_name"": ""Project J""}",employee
When is project K due to finish?,project_information,project_deadline,"{""project_name"": ""Project K"", ""date"": ""April 2026""}",employee
Can you tell me who is in charge of project L?,project_information,project_owner,"{""project_name"": ""Project L""}",employee
"I need an update on project M, any news?",project_information,project_status,"{""project_name"": ""Project M""}",employee
What’s the expected completion date for project N?,project_information,project_deadline,"{""project_name"": ""Project N"", ""date"": ""May 2026""}",employee
Who is the lead for project O?,project_information,project_owner,"{""project_name"": ""Project O""}",employee
Could you provide the status of project P?,project_information,project_status,"{""project_name"": ""Project P""}",employee
When does project Q need to be wrapped up?,project_information,project_deadline,"{""project_name"": ""Project Q"", ""date"": ""June 2026""}",employee
Who is managing project R?,project_information,project_owner,"{""project_name"": ""Project R""}",employee
"I’d like to know the status of project S, please.",project_information,project_status,"{""project_name"": ""Project S""}",employee
What’s the deadline for project T?,project_information,project_deadline,"{""project_name"": ""Project T"", ""date"": ""July 2026""}",employee
Can you tell me who oversees project U?,project_information,project_owner,"{""project_name"": ""Project U""}",employee
Any updates on project V?,project_information,project_status,"{""project_name"": ""Project V""}",employee
When is project W due?,project_information,project_deadline,"{""project_name"": ""Project W"", ""date"": ""August 2026""}",employee
Who is the project owner for project X?,project_information,project_owner,"{""project_name"": ""Project X""}",employee
What’s the latest status on project Y?,project_information,project_status,"{""project_name"": ""Project Y""}",employee
Can you remind me of the deadline for project Z?,project_information,project_deadline,"{""project_name"": ""Project Z"", ""date"": ""September 2026""}",employee
I need to know who is in charge of project A.,project_information,project_owner,"{""project_name"": ""Project A""}",employee
Could you check the status of project B for me?,project_information,project_status,"{""project_name"": ""Project B""}",employee
What is the expected completion date for project C?,project_information,project_deadline,"{""project_name"": ""Project C"", ""date"": ""October 2026""}",employee
Who is the owner of project D?,project_information,project_owner,"{""project_name"": ""Project D""}",employee
Can you give me an update on project E?,project_information,project_status,"{""project_name"": ""Project E""}",employee
When is project F supposed to be finished?,project_information,project_deadline,"{""project_name"": ""Project F"", ""date"": ""November 2026""}",employee
Who is overseeing project G?,project_information,project_owner,"{""project_name"": ""Project G""}",employee
Could you tell me the current status of the project X?,project_information,project_status,"{""project_name"": ""Project X""}",employee
I need to know who the owner of project Z is.,project_information,project_owner,"{""project_name"": ""Project Z""}",employee
Is there any update on the status of project A?,project_information,project_status,"{""project_name"": ""Project A""}",employee
When is the deadline for project B again?,project_information,project_deadline,"{""project_name"": ""Project B"", ""due_date"": ""March 2025""}",employee
Who is managing project C currently?,project_information,project_owner,"{""project_name"": ""Project C""}",employee
Can you provide the latest status for project D?,project_information,project_status,"{""project_name"": ""Project D""}",employee
What’s the expected completion date for project E?,project_information,project_deadline,"{""project_name"": ""Project E"", ""due_date"": ""June 2025""}",employee
"I think I heard project F has a new owner, can you confirm?",project_information,project_owner,"{""project_name"": ""Project F""}",employee
Could you check the status of project G for me?,project_information,project_status,"{""project_name"": ""Project G""}",employee
What’s the deadline for project H?,project_information,project_deadline,"{""project_name"": ""Project H"", ""due_date"": ""September 2025""}",employee
Who is the lead on project I?,project_information,project_owner,"{""project_name"": ""Project I""}",employee
Can you give me an update on project J's status?,project_information,project_status,"{""project_name"": ""Project J""}",employee
When is project K due?,project_information,project_deadline,"{""project_name"": ""Project K"", ""due_date"": ""November 2025""}",employee
"I heard project L has a new project owner, is that true?",project_information,project_owner,"{""project_name"": ""Project L""}",employee
What’s the current status of project M?,project_information,project_status,"{""project_name"": ""Project M""}",employee
Can you remind me of the deadline for project N?,project_information,project_deadline,"{""project_name"": ""Project N"", ""due_date"": ""February 2025""}",employee
Who is overseeing project O right now?,project_information,project_owner,"{""project_name"": ""Project O""}",employee
Is there any news on project P's status?,project_information,project_status,"{""project_name"": ""Project P""}",employee
What’s the due date for project Q?,project_information,project_deadline,"{""project_name"": ""Project Q"", ""due_date"": ""April 2025""}",employee
Can you tell me who the project owner is for project R?,project_information,project_owner,"{""project_name"": ""Project R""}",employee
Could you provide an update on project S?,project_information,project_status,"{""project_name"": ""Project S""}",employee
When is project T expected to be completed?,project_information,project_deadline,"{""project_name"": ""Project T"", ""due_date"": ""July 2025""}",employee
Who is in charge of project U?,project_information,project_owner,"{""project_name"": ""Project U""}",employee
What’s the latest on project V's status?,project_information,project_status,"{""project_name"": ""Project V""}",employee
Can you remind me of the deadline for project W?,project_information,project_deadline,"{""project_name"": ""Project W"", ""due_date"": ""January 2025""}",employee
Who is the owner of project X?,project_information,project_owner,"{""project_name"": ""Project X""}",employee
Is project Y still on track?,project_information,project_status,"{""project_name"": ""Project Y""}",employee
What’s the completion date for project Z?,project_information,project_deadline,"{""project_name"": ""Project Z"", ""due_date"": ""October 2025""}",employee
Can you tell me who is leading project A?,project_information,project_owner,"{""project_name"": ""Project A""}",employee
What’s the status of project B?,project_information,project_status,"{""project_name"": ""Project B""}",employee
When is project C due for completion?,project_information,project_deadline,"{""project_name"": ""Project C"", ""due_date"": ""August 2025""}",employee
Who is responsible for project D?,project_information,project_owner,"{""project_name"": ""Project D""}",employee
Could you check the status of project E for me?,project_information,project_status,"{""project_name"": ""Project E""}",employee
What’s the deadline for project F?,project_information,project_deadline,"{""project_name"": ""Project F"", ""due_date"": ""May 2025""}",employee
"I think project G has a new owner, can you verify?",project_information,project_owner,"{""project_name"": ""Project G""}",employee
Can you provide me with the status of project H?,project_information,project_status,"{""project_name"": ""Project H""}",employee
When is project I expected to finish?,project_information,project_deadline,"{""project_name"": ""Project I"", ""due_date"": ""September 2025""}",employee
Who is overseeing project J now?,project_information,project_owner,"{""project_name"": ""Project J""}",employee
Could you tell me the status of the project X?,project_information,project_status,"{""project_name"": ""Project X""}",employee
What’s the current status of the Alpha project?,project_information,project_status,"{""project_name"": ""Alpha""}",employee
"I need to check the status of the Beta project, please.",project_information,project_status,"{""project_name"": ""Beta""}",employee
Is there any update on the Gamma project?,project_information,project_status,"{""project_name"": ""Gamma""}",employee
Can you provide the deadline for the Delta project?,project_information,project_deadline,"{""project_name"": ""Delta"", ""deadline"": ""2025-12-31""}",employee
When is the deadline for the Omega project?,project_information,project_deadline,"{""project_name"": ""Omega"", ""deadline"": ""2025-11-30""}",employee
What’s the final date for the Zeta project?,project_information,project_deadline,"{""project_name"": ""Zeta"", ""deadline"": ""2025-10-15""}",employee
Could you remind me of the deadline for the Theta project?,project_information,project_deadline,"{""project_name"": ""Theta"", ""deadline"": ""2025-09-01""}",employee
Who is the owner of the project Epsilon?,project_information,project_owner,"{""project_name"": ""Epsilon""}",employee
Can you tell me who manages the project Kappa?,project_information,project_owner,"{""project_name"": ""Kappa""}",employee
I’m curious about the owner of the project Sigma.,project_information,project_owner,"{""project_name"": ""Sigma""}",employee
Who is overseeing the project Lambda?,project_information,project_owner,"{""project_name"": ""Lambda""}",employee
What’s the status of the project I submitted last month?,project_information,project_status,"{""project_name"": ""Project submitted last month""}",employee
Can you check the status of the project I worked on last quarter?,project_information,project_status,"{""project_name"": ""Project worked last quarter""}",employee
I think I need to know the deadline for the project I’m involved in.,project_information,project_deadline,"{""project_name"": ""Project involved"", ""deadline"": ""2025-08-15""}",employee
Could you let me know who the project owner is for the project I’m assigned to?,project_information,project_owner,"{""project_name"": ""Project assigned""}",employee
What is the deadline for the project I submitted?,project_information,project_deadline,"{""project_name"": ""Project submitted"", ""deadline"": ""2025-07-20""}",employee
I need to find out the owner of the project I was part of.,project_information,project_owner,"{""project_name"": ""Project part of""}",employee
Can you tell me the status of the project I heard about?,project_information,project_status,"{""project_name"": ""Project heard about""}",employee
What’s the deadline for the project I was discussing with my team?,project_information,project_deadline,"{""project_name"": ""Project discussed"", ""deadline"": ""2025-06-30""}",employee
I’d like to know the owner of the project I was assigned to last year.,project_information,project_owner,"{""project_name"": ""Project assigned last year""}",employee
Could you provide the status of the project that was initiated last month?,project_information,project_status,"{""project_name"": ""Project initiated last month""}",employee
What’s the deadline for the project we are currently working on?,project_information,project_deadline,"{""project_name"": ""Current project"", ""deadline"": ""2025-05-15""}",employee
Can you tell me who is in charge of the project we discussed?,project_information,project_owner,"{""project_name"": ""Project discussed""}",employee
I think I need to check the project status for the project I submitted last week.,project_information,project_status,"{""project_name"": ""Project submitted last week""}",employee
What’s the deadline for the project I’m collaborating on?,project_information,project_deadline,"{""project_name"": ""Collaborating project"", ""deadline"": ""2025-04-30""}",employee
Can you confirm the owner of the project I was involved with?,project_information,project_owner,"{""project_name"": ""Project involved with""}",employee
What’s the status of the project I was told about during the last meeting?,project_information,project_status,"{""project_name"": ""Project told about in last meeting""}",employee
Could you let me know the deadline for the project I’m currently handling?,project_information,project_deadline,"{""project_name"": ""Currently handling project"", ""deadline"": ""2025-03-15""}",employee
Who is the owner of the project I was assigned to last month?,project_information,project_owner,"{""project_name"": ""Assigned project last month""}",employee
Can you provide the status of the project I submitted for review?,project_information,project_status,"{""project_name"": ""Project submitted for review""}",employee
What’s the deadline for the project I’m working on this quarter?,project_information,project_deadline,"{""project_name"": ""Working on this quarter"", ""deadline"": ""2025-02-28""}",employee
Could you tell me who is overseeing the project I’m part of?,project_information,project_owner,"{""project_name"": ""Project part of""}",employee
I’d like to know the status of the project I heard about last week.,project_information,project_status,"{""project_name"": ""Project heard about last week""}",employee
What’s the deadline for the project I’m involved in right now?,project_information,project_deadline,"{""project_name"": ""Currently involved project"", ""deadline"": ""2025-01-15""}",employee
Can you tell me who is managing the project I was assigned to last year?,project_information,project_owner,"{""project_name"": ""Assigned project last year""}",employee
Can you tell me the current status of the project X?,project_information,project_status,"{""project_name"": ""Project X""}",employee
I was wondering about the status of project A. Any updates?,project_information,project_status,"{""project_name"": ""Project A""}",employee
Could you remind me when project B is due?,project_information,project_deadline,"{""project_name"": ""Project B"", ""deadline"": ""2025-11-30""}",employee
Who is managing project C right now?,project_information,project_owner,"{""project_name"": ""Project C""}",employee
Is project E still on track for its deadline?,project_information,project_deadline,"{""project_name"": ""Project E"", ""deadline"": ""2025-10-15""}",employee
Can you let me know who the project lead is for project F?,project_information,project_owner,"{""project_name"": ""Project F""}",employee
"I think I missed the deadline for project G, when is it?",project_information,project_deadline,"{""project_name"": ""Project G"", ""deadline"": ""2025-09-20""}",employee
Could you check the status of project H for me?,project_information,project_status,"{""project_name"": ""Project H""}",employee
What’s the deadline for project I?,project_information,project_deadline,"{""project_name"": ""Project I"", ""deadline"": ""2025-08-05""}",employee
Who is overseeing project J?,project_information,project_owner,"{""project_name"": ""Project J""}",employee
Any updates on project K's status?,project_information,project_status,"{""project_name"": ""Project K""}",employee
Can you remind me of the deadline for project L?,project_information,project_deadline,"{""project_name"": ""Project L"", ""deadline"": ""2025-07-30""}",employee
Who is the project owner for project M?,project_information,project_owner,"{""project_name"": ""Project M""}",employee
"I’d like to know the status of project N, please.",project_information,project_status,"{""project_name"": ""Project N""}",employee
What’s the due date for project O?,project_information,project_deadline,"{""project_name"": ""Project O"", ""deadline"": ""2025-06-25""}",employee
Can you tell me who is in charge of project P?,project_information,project_owner,"{""project_name"": ""Project P""}",employee
Is there any news on project Q's progress?,project_information,project_status,"{""project_name"": ""Project Q""}",employee
When is project R expected to be completed?,project_information,project_deadline,"{""project_name"": ""Project R"", ""deadline"": ""2025-05-15""}",employee
Who is leading project S right now?,project_information,project_owner,"{""project_name"": ""Project S""}",employee
Could you provide an update on project T?,project_information,project_status,"{""project_name"": ""Project T""}",employee
What’s the deadline for project U?,project_information,project_deadline,"{""project_name"": ""Project U"", ""deadline"": ""2025-04-10""}",employee
Who is the owner of project V?,project_information,project_owner,"{""project_name"": ""Project V""}",employee
Can you check the status of project W for me?,project_information,project_status,"{""project_name"": ""Project W""}",employee
What’s the due date for project X?,project_information,project_deadline,"{""project_name"": ""Project X"", ""deadline"": ""2025-03-05""}",employee
Who is managing project Y currently?,project_information,project_owner,"{""project_name"": ""Project Y""}",employee
Any updates on project Z?,project_information,project_status,"{""project_name"": ""Project Z""}",employee
When is project A due?,project_information,project_deadline,"{""project_name"": ""Project A"", ""deadline"": ""2025-02-20""}",employee
Could you tell me who is overseeing project B?,project_information,project_owner,"{""project_name"": ""Project B""}",employee
What’s the latest status on project C?,project_information,project_status,"{""project_name"": ""Project C""}",employee
When is the deadline for project D?,project_information,project_deadline,"{""project_name"": ""Project D"", ""deadline"": ""2025-01-15""}",employee
Who is the project owner for project E?,project_information,project_owner,"{""project_name"": ""Project E""}",employee
I need to know who is the owner of Project Z.,project_information,project_owner,"{""project_name"": ""Project Z""}",employee
Who is managing Project C?,project_information,project_owner,"{""project_name"": ""Project C""}",employee
Can you provide me with the status of Project D?,project_information,project_status,"{""project_name"": ""Project D""}",employee
I think I need to check who owns Project F.,project_information,project_owner,"{""project_name"": ""Project F""}",employee
Could you remind me of the status of Project G?,project_information,project_status,"{""project_name"": ""Project G""}",employee
What is the deadline for Project H?,project_information,project_deadline,"{""project_name"": ""Project H"", ""deadline"": ""February 2026""}",employee
Can you tell me the current status of Project J?,project_information,project_status,"{""project_name"": ""Project J""}",employee
What’s the deadline for Project K?,project_information,project_deadline,"{""project_name"": ""Project K"", ""deadline"": ""March 2026""}",employee
I need to find out who is overseeing Project L.,project_information,project_owner,"{""project_name"": ""Project L""}",employee
Could you give me an update on Project M's status?,project_information,project_status,"{""project_name"": ""Project M""}",employee
What is the completion date for Project N?,project_information,project_deadline,"{""project_name"": ""Project N"", ""deadline"": ""April 2026""}",employee
Who is responsible for Project O?,project_information,project_owner,"{""project_name"": ""Project O""}",employee
Can I get the latest status on Project P?,project_information,project_status,"{""project_name"": ""Project P""}",employee
What’s the deadline for Project Q?,project_information,project_deadline,"{""project_name"": ""Project Q"", ""deadline"": ""May 2026""}",employee
I need to know who is in charge of Project R.,project_information,project_owner,"{""project_name"": ""Project R""}",employee
Could you provide me with the status of Project S?,project_information,project_status,"{""project_name"": ""Project S""}",employee
What is the deadline for Project T?,project_information,project_deadline,"{""project_name"": ""Project T"", ""deadline"": ""June 2026""}",employee
Who is leading Project U?,project_information,project_owner,"{""project_name"": ""Project U""}",employee
Can you tell me the status of Project V?,project_information,project_status,"{""project_name"": ""Project V""}",employee
What’s the deadline for Project W?,project_information,project_deadline,"{""project_name"": ""Project W"", ""deadline"": ""July 2026""}",employee
I think I need to check who is managing Project X.,project_information,project_owner,"{""project_name"": ""Project X""}",employee
Could you update me on the status of Project Y?,project_information,project_status,"{""project_name"": ""Project Y""}",employee
What is the expected deadline for Project Z?,project_information,project_deadline,"{""project_name"": ""Project Z"", ""deadline"": ""August 2026""}",employee
Who is the project owner for Project A?,project_information,project_owner,"{""project_name"": ""Project A""}",employee
Can you provide me with the status of Project B?,project_information,project_status,"{""project_name"": ""Project B""}",employee
What’s the deadline for Project C?,project_information,project_deadline,"{""project_name"": ""Project C"", ""deadline"": ""September 2026""}",employee
Who is overseeing Project D?,project_information,project_owner,"{""project_name"": ""Project D""}",employee
Could you tell me the status of Project E?,project_information,project_status,"{""project_name"": ""Project E""}",employee
What is the deadline for Project F?,project_information,project_deadline,"{""project_name"": ""Project F"", ""deadline"": ""October 2026""}",employee
I need to know who is in charge of Project G.,project_information,project_owner,"{""project_name"": ""Project G""}",employee
Can I get an update on the status of Project H?,project_information,project_status,"{""project_name"": ""Project H""}",employee
Who is leading Project J?,project_information,project_owner,"{""project_name"": ""Project J""}",employee
What is the deadline for the upcoming project Y?,project_information,project_deadline,"{""project_name"": ""Project Y"", ""month"": ""December"", ""year"": ""2025""}",employee
When is the deadline for project B?,project_information,project_deadline,"{""project_name"": ""Project B"", ""month"": ""November"", ""year"": ""2025""}",employee
Who can I contact regarding project C?,project_information,project_owner,"{""project_name"": ""Project C""}",employee
Could you remind me of the deadline for project E?,project_information,project_deadline,"{""project_name"": ""Project E"", ""month"": ""January"", ""year"": ""2026""}",employee
"I’m curious about the owner of project F, can you help?",project_information,project_owner,"{""project_name"": ""Project F""}",employee
What’s the status of project G right now?,project_information,project_status,"{""project_name"": ""Project G""}",employee
Can you provide the deadline for project H?,project_information,project_deadline,"{""project_name"": ""Project H"", ""month"": ""February"", ""year"": ""2026""}",employee
Who is managing project I?,project_information,project_owner,"{""project_name"": ""Project I""}",employee
Could you check the status of project J for me?,project_information,project_status,"{""project_name"": ""Project J""}",employee
I’d like to know who owns project L.,project_information,project_owner,"{""project_name"": ""Project L""}",employee
Can you tell me the current status of project M?,project_information,project_status,"{""project_name"": ""Project M""}",employee
What’s the deadline for project N?,project_information,project_deadline,"{""project_name"": ""Project N"", ""month"": ""April"", ""year"": ""2026""}",employee
Could you provide me with the status of project P?,project_information,project_status,"{""project_name"": ""Project P""}",employee
I need to find out who owns project R.,project_information,project_owner,"{""project_name"": ""Project R""}",employee
Can you check the status of project S for me?,project_information,project_status,"{""project_name"": ""Project S""}",employee
Who is the owner of project U?,project_information,project_owner,"{""project_name"": ""Project U""}",employee
Could you tell me the status of project V?,project_information,project_status,"{""project_name"": ""Project V""}",employee
I’d like to know who is in charge of project X.,project_information,project_owner,"{""project_name"": ""Project X""}",employee
Can you provide an update on project Y?,project_information,project_status,"{""project_name"": ""Project Y""}",employee
What’s the deadline for project Z?,project_information,project_deadline,"{""project_name"": ""Project Z"", ""month"": ""August"", ""year"": ""2026""}",employee
Who is overseeing project A?,project_information,project_owner,"{""project_name"": ""Project A""}",employee
Could you let me know the status of project B?,project_information,project_status,"{""project_name"": ""Project B""}",employee
I’m trying to find out who owns project D.,project_information,project_owner,"{""project_name"": ""Project D""}",employee
Can you check the current status of project E?,project_information,project_status,"{""project_name"": ""Project E""}",employee
Who is responsible for project G?,project_information,project_owner,"{""project_name"": ""Project G""}",employee
Could you tell me the status of project H?,project_information,project_status,"{""project_name"": ""Project H""}",employee
I’d like to know who is managing project J.,project_information,project_owner,"{""project_name"": ""Project J""}",employee
Could you tell me the status of the project 'Alpha'?,project_information,project_status,"{""project_name"": ""Alpha""}",employee
I was wondering who the owner of project 'Gamma' is?,project_information,project_owner,"{""project_name"": ""Gamma""}",employee
Can you provide the current status of the 'Delta' project?,project_information,project_status,"{""project_name"": ""Delta""}",employee
Who is managing the 'Zeta' project right now?,project_information,project_owner,"{""project_name"": ""Zeta""}",employee
Is there an update on the 'Eta' project status?,project_information,project_status,"{""project_name"": ""Eta""}",employee
When is the deadline for project 'Theta' due?,project_information,project_deadline,"{""project_name"": ""Theta"", ""deadline"": ""June 2025""}",employee
What’s the latest on the 'Kappa' project status?,project_information,project_status,"{""project_name"": ""Kappa""}",employee
When is the 'Lambda' project supposed to be finished?,project_information,project_deadline,"{""project_name"": ""Lambda"", ""deadline"": ""September 2025""}",employee
Who is in charge of the 'Mu' project currently?,project_information,project_owner,"{""project_name"": ""Mu""}",employee
Can you check the status of project 'Nu' for me?,project_information,project_status,"{""project_name"": ""Nu""}",employee
What’s the deadline for project 'Xi' looking like?,project_information,project_deadline,"{""project_name"": ""Xi"", ""deadline"": ""November 2025""}",employee
I need to know who owns the 'Omicron' project.,project_information,project_owner,"{""project_name"": ""Omicron""}",employee
Could you provide an update on the 'Pi' project status?,project_information,project_status,"{""project_name"": ""Pi""}",employee
When is the 'Rho' project due to be completed?,project_information,project_deadline,"{""project_name"": ""Rho"", ""deadline"": ""January 2026""}",employee
Who is the project owner for 'Sigma'?,project_information,project_owner,"{""project_name"": ""Sigma""}",employee
Can you tell me the status of project 'Tau'?,project_information,project_status,"{""project_name"": ""Tau""}",employee
Who is overseeing the 'Phi' project right now?,project_information,project_owner,"{""project_name"": ""Phi""}",employee
Could you give me the current status of the 'Chi' project?,project_information,project_status,"{""project_name"": ""Chi""}",employee
When is the completion date for project 'Psi'?,project_information,project_deadline,"{""project_name"": ""Psi"", ""deadline"": ""February 2026""}",employee
Who is responsible for the 'Omega' project?,project_information,project_owner,"{""project_name"": ""Omega""}",employee
Can you check the status of project 'Alpha' for me?,project_information,project_status,"{""project_name"": ""Alpha""}",hr
What is the deadline for project 'Beta' as per the latest update?,project_information,project_deadline,"{""project_name"": ""Beta"", ""deadline"": ""December 2025""}",hr
I need to know who is the owner of project 'Gamma' right now.,project_information,project_owner,"{""project_name"": ""Gamma""}",hr
Could you provide the status of the 'Delta' project for my report?,project_information,project_status,"{""project_name"": ""Delta""}",hr
What’s the expected completion date for project 'Epsilon' according to the latest data?,project_information,project_deadline,"{""project_name"": ""Epsilon"", ""deadline"": ""March 2025""}",hr
Is there any update on the status of project 'Eta' that I should know about?,project_information,project_status,"{""project_name"": ""Eta""}",hr
When is the deadline for project 'Theta' as per the latest schedule?,project_information,project_deadline,"{""project_name"": ""Theta"", ""deadline"": ""June 2025""}",hr
Could you let me know who the project owner is for 'Iota' in the system?,project_information,project_owner,"{""project_name"": ""Iota""}",hr
What’s the latest on the status of the 'Kappa' project for our records?,project_information,project_status,"{""project_name"": ""Kappa""}",hr
When is the 'Lambda' project expected to be completed according to the timeline?,project_information,project_deadline,"{""project_name"": ""Lambda"", ""deadline"": ""September 2025""}",hr
Who is currently overseeing the 'Mu' project for our department?,project_information,project_owner,"{""project_name"": ""Mu""}",hr
Who is managing project C these days?,project_information,project_owner,"{""project_name"": ""Project C""}",employee
Can you provide the latest status of project D?,project_information,project_status,"{""project_name"": ""Project D""}",employee
I was wondering who the lead for project F is.,project_information,project_owner,"{""project_name"": ""Project F""}",employee
What’s the final deadline for project H?,project_information,project_deadline,"{""project_name"": ""Project H"", ""month"": ""February"", ""year"": ""2026""}",employee
Can you tell me who is in charge of project I?,project_information,project_owner,"{""project_name"": ""Project I""}",employee
"I think I missed the status update for project J, can you help?",project_information,project_status,"{""project_name"": ""Project J""}",employee
When is project K due to be completed?,project_information,project_deadline,"{""project_name"": ""Project K"", ""month"": ""March"", ""year"": ""2026""}",employee
Who is overseeing project L at the moment?,project_information,project_owner,"{""project_name"": ""Project L""}",employee
Could you remind me of the deadline for project N?,project_information,project_deadline,"{""project_name"": ""Project N"", ""month"": ""April"", ""year"": ""2026""}",employee
I need to know who the project owner is for project O.,project_information,project_owner,"{""project_name"": ""Project O""}",employee
Can you provide an update on project P's status?,project_information,project_status,"{""project_name"": ""Project P""}",employee
Who is leading project R currently?,project_information,project_owner,"{""project_name"": ""Project R""}",employee
What’s the completion date for project T?,project_information,project_deadline,"{""project_name"": ""Project T"", ""month"": ""June"", ""year"": ""2026""}",employee
I was curious about who owns project U.,project_information,project_owner,"{""project_name"": ""Project U""}",employee
When is project W expected to be finished?,project_information,project_deadline,"{""project_name"": ""Project W"", ""month"": ""July"", ""year"": ""2026""}",employee
Who is responsible for project X right now?,project_information,project_owner,"{""project_name"": ""Project X""}",employee
Can you give me an update on project Y's status?,project_information,project_status,"{""project_name"": ""Project Y""}",employee
"I think I need the status of project B, can you help?",project_information,project_status,"{""project_name"": ""Project B""}",employee
What’s the expected completion date for project C?,project_information,project_deadline,"{""project_name"": ""Project C"", ""month"": ""September"", ""year"": ""2026""}",employee
Can you tell me who is managing project D?,project_information,project_owner,"{""project_name"": ""Project D""}",employee
Who is overseeing project G currently?,project_information,project_owner,"{""project_name"": ""Project G""}",hr
Can you provide an update on project H's status?,project_information,project_status,"{""project_name"": ""Project H""}",hr
What’s the completion date for project I?,project_information,project_deadline,"{""project_name"": ""Project I"", ""month"": ""November"", ""year"": ""2026""}",hr
Who is the project owner for project J?,project_information,project_owner,"{""project_name"": ""Project J""}",hr
What is the current status of the 'Beta' project?,project_information,project_status,"{""project_name"": ""Beta""}",employee
I was wondering about the deadline for project 'Gamma'.,project_information,project_deadline,"{""project_name"": ""Gamma"", ""deadline"": ""2025-12-31""}",employee
Can you provide the deadline for the 'Delta' project?,project_information,project_deadline,"{""project_name"": ""Delta"", ""deadline"": ""2025-11-30""}",employee
Who is the owner of project 'Epsilon'?,project_information,project_owner,"{""project_name"": ""Epsilon""}",employee
I need to know who is managing the 'Zeta' project.,project_information,project_owner,"{""project_name"": ""Zeta""}",employee
Is there any update on the 'Eta' project status?,project_information,project_status,"{""project_name"": ""Eta""}",employee
Can I get the project deadline for 'Theta'?,project_information,project_deadline,"{""project_name"": ""Theta"", ""deadline"": ""2025-10-15""}",employee
What is the status of the 'Iota' project right now?,project_information,project_status,"{""project_name"": ""Iota""}",employee
Could you let me know the owner of project 'Kappa'?,project_information,project_owner,"{""project_name"": ""Kappa""}",employee
I think I need to check the deadline for project 'Lambda'.,project_information,project_deadline,"{""project_name"": ""Lambda"", ""deadline"": ""2025-09-30""}",employee
What’s the current status of the 'Mu' project?,project_information,project_status,"{""project_name"": ""Mu""}",employee
Can you tell me who is in charge of project 'Nu'?,project_information,project_owner,"{""project_name"": ""Nu""}",employee
I was curious about the deadline for the 'Xi' project.,project_information,project_deadline,"{""project_name"": ""Xi"", ""deadline"": ""2025-08-31""}",employee
What is the status of the 'Omicron' project?,project_information,project_status,"{""project_name"": ""Omicron""}",employee
Could you provide the owner of project 'Pi'?,project_information,project_owner,"{""project_name"": ""Pi""}",employee
I need to know the deadline for project 'Rho'.,project_information,project_deadline,"{""project_name"": ""Rho"", ""deadline"": ""2025-07-15""}",employee
What’s the latest on the 'Sigma' project's status?,project_information,project_status,"{""project_name"": ""Sigma""}",employee
Can you tell me who is overseeing project 'Tau'?,project_information,project_owner,"{""project_name"": ""Tau""}",employee
I think I need to find out the deadline for project 'Upsilon'.,project_information,project_deadline,"{""project_name"": ""Upsilon"", ""deadline"": ""2025-06-30""}",employee
What is the current status of project 'Phi'?,project_information,project_status,"{""project_name"": ""Phi""}",employee
Could you let me know who is responsible for project 'Chi'?,project_information,project_owner,"{""project_name"": ""Chi""}",employee
I was wondering about the deadline for project 'Psi'.,project_information,project_deadline,"{""project_name"": ""Psi"", ""deadline"": ""2025-05-31""}",employee
What’s the status of the 'Omega' project?,project_information,project_status,"{""project_name"": ""Omega""}",employee
Can you tell me who is leading project 'Alpha'?,project_information,project_owner,"{""project_name"": ""Alpha""}",hr
I need to check the deadline for project 'Beta' from last quarter.,project_information,project_deadline,"{""project_name"": ""Beta"", ""deadline"": ""2025-04-30""}",hr
What is the current status of project 'Gamma' for the team?,project_information,project_status,"{""project_name"": ""Gamma""}",hr
Can you provide the owner of project 'Delta' for reporting?,project_information,project_owner,"{""project_name"": ""Delta""}",hr
I think I need to know the deadline for project 'Epsilon' for the report.,project_information,project_deadline,"{""project_name"": ""Epsilon"", ""deadline"": ""2025-03-15""}",hr
What’s the status of the 'Zeta' project for the last review?,project_information,project_status,"{""project_name"": ""Zeta""}",hr
Can you tell me who is managing project 'Eta' for the team?,project_information,project_owner,"{""project_name"": ""Eta""}",hr
I need to find out the deadline for project 'Theta' for the upcoming meeting.,project_information,project_deadline,"{""project_name"": ""Theta"", ""deadline"": ""2025-02-28""}",hr
What is the status of the 'Iota' project for the quarterly report?,project_information,project_status,"{""project_name"": ""Iota""}",hr
Could you let me know who is overseeing project 'Kappa' for the audit?,project_information,project_owner,"{""project_name"": ""Kappa""}",hr
What is the current deadline for project 'Beta'?,project_information,project_deadline,"{""project_name"": ""Beta"", ""deadline_date"": ""2025-09-30""}",employee
I need to know who is the owner of project 'Gamma'.,project_information,project_owner,"{""project_name"": ""Gamma""}",employee
Can you provide me with the deadline for project 'Delta'?,project_information,project_deadline,"{""project_name"": ""Delta"", ""deadline_date"": ""2025-12-15""}",employee
What’s the status of project 'Epsilon' right now?,project_information,project_status,"{""project_name"": ""Epsilon""}",employee
Who is overseeing project 'Zeta' these days?,project_information,project_owner,"{""project_name"": ""Zeta""}",employee
Is there an update on the project 'Eta' status?,project_information,project_status,"{""project_name"": ""Eta""}",employee
Could you let me know who is the project owner for 'Iota'?,project_information,project_owner,"{""project_name"": ""Iota""}",employee
I was wondering about the deadline for project 'Lambda'.,project_information,project_deadline,"{""project_name"": ""Lambda"", ""deadline_date"": ""2025-10-05""}",employee
Can you tell me who is managing project 'Mu'?,project_information,project_owner,"{""project_name"": ""Mu""}",employee
What is the current status of project 'Nu'?,project_information,project_status,"{""project_name"": ""Nu""}",employee
When is project 'Xi' expected to be completed?,project_information,project_deadline,"{""project_name"": ""Xi"", ""deadline_date"": ""2025-08-25""}",employee
Who is in charge of project 'Omicron'?,project_information,project_owner,"{""project_name"": ""Omicron""}",employee
Can you provide the status of project 'Pi'?,project_information,project_status,"{""project_name"": ""Pi""}",employee
What’s the deadline for project 'Rho'?,project_information,project_deadline,"{""project_name"": ""Rho"", ""deadline_date"": ""2025-07-30""}",employee
Could you check the status of project 'Tau' for me?,project_information,project_status,"{""project_name"": ""Tau""}",employee
When is project 'Upsilon' due to finish?,project_information,project_deadline,"{""project_name"": ""Upsilon"", ""deadline_date"": ""2025-06-15""}",employee
I need to know who is responsible for project 'Phi'.,project_information,project_owner,"{""project_name"": ""Phi""}",employee
What’s the latest update on project 'Chi'?,project_information,project_status,"{""project_name"": ""Chi""}",employee
Can you tell me the deadline for project 'Psi'?,project_information,project_deadline,"{""project_name"": ""Psi"", ""deadline_date"": ""2025-05-10""}",employee
Who oversees project 'Omega' at the moment?,project_information,project_owner,"{""project_name"": ""Omega""}",employee
What’s the status of project 'Alpha' currently?,project_information,project_status,"{""project_name"": ""Alpha""}",hr
Can you provide the deadline for project 'Beta' from last quarter?,project_information,project_deadline,"{""project_name"": ""Beta"", ""deadline_date"": ""2025-09-30""}",hr
Who is the project owner for 'Gamma' as of now?,project_information,project_owner,"{""project_name"": ""Gamma""}",hr
What’s the current status of project 'Delta' for reporting?,project_information,project_status,"{""project_name"": ""Delta""}",hr
When is the deadline for project 'Epsilon' due this year?,project_information,project_deadline,"{""project_name"": ""Epsilon"", ""deadline_date"": ""2025-12-15""}",hr
Can you tell me who is overseeing project 'Zeta' for the audit?,project_information,project_owner,"{""project_name"": ""Zeta""}",hr
Is there an update on the project 'Eta' status for the board meeting?,project_information,project_status,"{""project_name"": ""Eta""}",hr
When is the deadline for project 'Theta' expected to be finalized?,project_information,project_deadline,"{""project_name"": ""Theta"", ""deadline_date"": ""2025-11-20""}",hr
Could you let me know who is the project owner for 'Iota' in the report?,project_information,project_owner,"{""project_name"": ""Iota""}",hr
What’s the latest on project 'Kappa' for the team review?,project_information,project_status,"{""project_name"": ""Kappa""}",hr
Can you remind me when project B is due?,project_information,project_deadline,"{""project_name"": ""Project B"", ""due_date"": ""January 2025""}",employee
Who is responsible for project C?,project_information,project_owner,"{""project_name"": ""Project C""}",employee
Is there any news on the status of project D?,project_information,project_status,"{""project_name"": ""Project D""}",employee
What’s the deadline for project E again?,project_information,project_deadline,"{""project_name"": ""Project E"", ""due_date"": ""February 2025""}",employee
Could you let me know who owns project F?,project_information,project_owner,"{""project_name"": ""Project F""}",employee
Any updates on project G's status?,project_information,project_status,"{""project_name"": ""Project G""}",employee
When is project H expected to be completed?,project_information,project_deadline,"{""project_name"": ""Project H"", ""due_date"": ""March 2025""}",employee
What’s the latest on project J?,project_information,project_status,"{""project_name"": ""Project J""}",employee
Could you remind me of the deadline for project K?,project_information,project_deadline,"{""project_name"": ""Project K"", ""due_date"": ""April 2025""}",employee
Who is the point of contact for project L?,project_information,project_owner,"{""project_name"": ""Project L""}",employee
I think I missed the update on project M. What’s the status?,project_information,project_status,"{""project_name"": ""Project M""}",employee
When is project N due?,project_information,project_deadline,"{""project_name"": ""Project N"", ""due_date"": ""May 2025""}",employee
Can you tell me who is overseeing project O?,project_information,project_owner,"{""project_name"": ""Project O""}",employee
What’s the current status of project P?,project_information,project_status,"{""project_name"": ""Project P""}",employee
I need to know the deadline for project Q. Can you help?,project_information,project_deadline,"{""project_name"": ""Project Q"", ""due_date"": ""June 2025""}",employee
Who is in charge of project R?,project_information,project_owner,"{""project_name"": ""Project R""}",employee
Any updates on project S?,project_information,project_status,"{""project_name"": ""Project S""}",employee
Can you tell me who is leading project U?,project_information,project_owner,"{""project_name"": ""Project U""}",employee
I think I need the status of project V. What is it?,project_information,project_status,"{""project_name"": ""Project V""}",employee
When is project W expected to finish?,project_information,project_deadline,"{""project_name"": ""Project W"", ""due_date"": ""August 2025""}",employee
Could you provide the status of project Y?,project_information,project_status,"{""project_name"": ""Project Y""}",employee
Who is responsible for project A?,project_information,project_owner,"{""project_name"": ""Project A""}",employee
I would like to know the status of project B. Any updates?,project_information,project_status,"{""project_name"": ""Project B""}",employee
Can you remind me when project C is due?,project_information,project_deadline,"{""project_name"": ""Project C"", ""due_date"": ""October 2025""}",employee
What’s the latest on project E?,project_information,project_status,"{""project_name"": ""Project E""}",employee
When is project F expected to be completed?,project_information,project_deadline,"{""project_name"": ""Project F"", ""due_date"": ""November 2025""}",employee
Who is managing project G?,project_information,project_owner,"{""project_name"": ""Project G""}",employee
Any updates on project H's status?,project_information,project_status,"{""project_name"": ""Project H""}",employee
Can you tell me who is in charge of project J?,project_information,project_owner,"{""project_name"": ""Project J""}",employee
Is there an update on the status of project A?,project_information,project_status,"{""project_name"": ""Project A""}",employee
When is the deadline for project B due?,project_information,project_deadline,"{""project_name"": ""Project B"", ""month"": ""November"", ""year"": ""2025""}",employee
Can you provide the status of project D?,project_information,project_status,"{""project_name"": ""Project D""}",employee
I was wondering who oversees project F?,project_information,project_owner,"{""project_name"": ""Project F""}",employee
Who is the project owner for project I?,project_information,project_owner,"{""project_name"": ""Project I""}",employee
Can you give me an update on project J’s status?,project_information,project_status,"{""project_name"": ""Project J""}",employee
When is project K supposed to be completed?,project_information,project_deadline,"{""project_name"": ""Project K"", ""month"": ""March"", ""year"": ""2026""}",employee
I need to find out who is in charge of project L.,project_information,project_owner,"{""project_name"": ""Project L""}",employee
What’s the latest on project M?,project_information,project_status,"{""project_name"": ""Project M""}",employee
Can you check the status of project P?,project_information,project_status,"{""project_name"": ""Project P""}",employee
I’d like to know who is overseeing project R.,project_information,project_owner,"{""project_name"": ""Project R""}",employee
Could you tell me the status of project S?,project_information,project_status,"{""project_name"": ""Project S""}",employee
When is project T expected to finish?,project_information,project_deadline,"{""project_name"": ""Project T"", ""month"": ""June"", ""year"": ""2026""}",employee
Who is responsible for project U?,project_information,project_owner,"{""project_name"": ""Project U""}",employee
Can you provide an update on project V’s status?,project_information,project_status,"{""project_name"": ""Project V""}",employee
Who is leading project X?,project_information,project_owner,"{""project_name"": ""Project X""}",employee
Could you check the status of project Y for me?,project_information,project_status,"{""project_name"": ""Project Y""}",employee
When is project Z due?,project_information,project_deadline,"{""project_name"": ""Project Z"", ""month"": ""August"", ""year"": ""2026""}",employee
I need to know who is managing project A.,project_information,project_owner,"{""project_name"": ""Project A""}",employee
Can you tell me the current status of project B?,project_information,project_status,"{""project_name"": ""Project B""}",employee
Who is in charge of project D?,project_information,project_owner,"{""project_name"": ""Project D""}",employee
Could you provide an update on project E’s status?,project_information,project_status,"{""project_name"": ""Project E""}",employee
When is project F supposed to be completed?,project_information,project_deadline,"{""project_name"": ""Project F"", ""month"": ""October"", ""year"": ""2026""}",employee
Who oversees project G?,project_information,project_owner,"{""project_name"": ""Project G""}",employee
Is there a specific person in charge of project C?,project_information,project_owner,"{""project_name"": ""Project C""}",employee
When is the completion date for project E?,project_information,project_deadline,"{""project_name"": ""Project E"", ""deadline_date"": ""2025-10-15""}",employee
Who oversees project F?,project_information,project_owner,"{""project_name"": ""Project F""}",employee
Any news regarding the status of project G?,project_information,project_status,"{""project_name"": ""Project G""}",employee
Can you tell me who is leading project I?,project_information,project_owner,"{""project_name"": ""Project I""}",employee
"I think I missed the update on project J, what’s the status?",project_information,project_status,"{""project_name"": ""Project J""}",employee
What’s the due date for project K?,project_information,project_deadline,"{""project_name"": ""Project K"", ""deadline_date"": ""2025-08-20""}",employee
Who is responsible for project L?,project_information,project_owner,"{""project_name"": ""Project L""}",employee
Can you provide the status of project M?,project_information,project_status,"{""project_name"": ""Project M""}",employee
When is project N expected to be completed?,project_information,project_deadline,"{""project_name"": ""Project N"", ""deadline_date"": ""2025-07-15""}",employee
Who is the project owner for project O?,project_information,project_owner,"{""project_name"": ""Project O""}",employee
Could you remind me of the deadline for project Q?,project_information,project_deadline,"{""project_name"": ""Project Q"", ""deadline_date"": ""2025-06-10""}",employee
"I think there’s an update on project S, what’s the status?",project_information,project_status,"{""project_name"": ""Project S""}",employee
When is project T due?,project_information,project_deadline,"{""project_name"": ""Project T"", ""deadline_date"": ""2025-05-05""}",employee
Who is the lead for project U?,project_information,project_owner,"{""project_name"": ""Project U""}",employee
Can you check the status of project V for me?,project_information,project_status,"{""project_name"": ""Project V""}",employee
Who is overseeing project X?,project_information,project_owner,"{""project_name"": ""Project X""}",employee
Any updates on project Y’s status?,project_information,project_status,"{""project_name"": ""Project Y""}",employee
What’s the expected completion date for project Z?,project_information,project_deadline,"{""project_name"": ""Project Z"", ""deadline_date"": ""2025-03-15""}",employee
Who is in charge of project A?,project_information,project_owner,"{""project_name"": ""Project A""}",employee
Can you provide me with the latest status of project B?,project_information,project_status,"{""project_name"": ""Project B""}",employee
When is project C supposed to be finished?,project_information,project_deadline,"{""project_name"": ""Project C"", ""deadline_date"": ""2025-02-28""}",employee
Who is the project owner for project D?,project_information,project_owner,"{""project_name"": ""Project D""}",employee
What’s the current status of project E?,project_information,project_status,"{""project_name"": ""Project E""}",employee
Could you tell me the deadline for project F?,project_information,project_deadline,"{""project_name"": ""Project F"", ""deadline_date"": ""2025-01-10""}",employee
What is the current status of the Alpha project?,project_information,project_status,"{""project_name"": ""Alpha""}",employee
I need to know if Project Y is on track. Any updates?,project_information,project_status,"{""project_name"": ""Project Y""}",employee
Can you provide the status for the Beta project?,project_information,project_status,"{""project_name"": ""Beta""}",employee
Is there any update on the project Z's current status?,project_information,project_status,"{""project_name"": ""Project Z""}",employee
When is the deadline for the Gamma project?,project_information,project_deadline,"{""project_name"": ""Gamma"", ""deadline_date"": ""2025-12-31""}",employee
I was wondering about the deadline for Project A. Can you help?,project_information,project_deadline,"{""project_name"": ""Project A"", ""deadline_date"": ""2025-11-30""}",employee
What’s the deadline for the Delta project?,project_information,project_deadline,"{""project_name"": ""Delta"", ""deadline_date"": ""2025-10-15""}",employee
Could you remind me of the deadline for Project B?,project_information,project_deadline,"{""project_name"": ""Project B"", ""deadline_date"": ""2025-09-20""}",employee
I think I missed the deadline for the Epsilon project. When is it?,project_information,project_deadline,"{""project_name"": ""Epsilon"", ""deadline_date"": ""2025-08-05""}",employee
Who is the owner of the project Omega?,project_information,project_owner,"{""project_name"": ""Project Omega""}",employee
Can you tell me who is managing the project Theta?,project_information,project_owner,"{""project_name"": ""Project Theta""}",employee
I need to know the owner of the project Sigma. Any idea?,project_information,project_owner,"{""project_name"": ""Project Sigma""}",employee
Who is responsible for the project Rho?,project_information,project_owner,"{""project_name"": ""Project Rho""}",employee
Could you let me know who the project owner is for the project Kappa?,project_information,project_owner,"{""project_name"": ""Project Kappa""}",employee
Can you check the deadline for the project I was working on?,project_information,project_deadline,"{""project_name"": ""Project J"", ""deadline_date"": ""2025-07-30""}",hr
I need to find out who is overseeing the project L. Can you help?,project_information,project_owner,"{""project_name"": ""Project L""}",hr
What’s the latest on project M's status?,project_information,project_status,"{""project_name"": ""Project M""}",hr
Could you tell me the deadline for project N?,project_information,project_deadline,"{""project_name"": ""Project N"", ""deadline_date"": ""2025-06-15""}",hr
Is there an update on the project O?,project_information,project_status,"{""project_name"": ""Project O""}",employee
What is the deadline for project P?,project_information,project_deadline,"{""project_name"": ""Project P"", ""deadline_date"": ""2025-05-10""}",employee
Who is the owner of project Q?,project_information,project_owner,"{""project_name"": ""Project Q""}",employee
Can you provide the status of project R?,project_information,project_status,"{""project_name"": ""Project R""}",employee
I need to know the deadline for project S. Can you help?,project_information,project_deadline,"{""project_name"": ""Project S"", ""deadline_date"": ""2025-04-25""}",employee
Who’s managing project T?,project_information,project_owner,"{""project_name"": ""Project T""}",employee
What’s the current status of project U?,project_information,project_status,"{""project_name"": ""Project U""}",hr
Can you tell me the deadline for project V?,project_information,project_deadline,"{""project_name"": ""Project V"", ""deadline_date"": ""2025-03-15""}",hr
Who is overseeing project W?,project_information,project_owner,"{""project_name"": ""Project W""}",hr
What’s the status of project X?,project_information,project_status,"{""project_name"": ""Project X""}",hr
Can you remind me of the deadline for project Y?,project_information,project_deadline,"{""project_name"": ""Project Y"", ""deadline_date"": ""2025-02-28""}",hr
Is there any update on the project A's status?,project_information,project_status,"{""project_name"": ""Project A""}",employee
What is the deadline for project B?,project_information,project_deadline,"{""project_name"": ""Project B"", ""deadline_date"": ""2025-01-10""}",employee
Can you tell me who is managing project C?,project_information,project_owner,"{""project_name"": ""Project C""}",employee
I need to know who the owner of Project Z is. Can you help?,project_information,project_owner,"{""project_name"": ""Project Z""}",employee
What’s the deadline for Project E?,project_information,project_deadline,"{""project_name"": ""Project E"", ""month"": ""January"", ""year"": ""2026""}",employee
Who is the project owner for Project F?,project_information,project_owner,"{""project_name"": ""Project F""}",employee
I was wondering about the status of Project G. Any updates?,project_information,project_status,"{""project_name"": ""Project G""}",employee
Can you tell me when Project H is due?,project_information,project_deadline,"{""project_name"": ""Project H"", ""month"": ""February"", ""year"": ""2026""}",employee
Who is overseeing Project I these days?,project_information,project_owner,"{""project_name"": ""Project I""}",employee
When is the completion date for Project K?,project_information,project_deadline,"{""project_name"": ""Project K"", ""month"": ""March"", ""year"": ""2026""}",employee
I need to check the status of Project M. Any news?,project_information,project_status,"{""project_name"": ""Project M""}",employee
Can you provide an update on the status of Project P?,project_information,project_status,"{""project_name"": ""Project P""}",employee
When is Project Q expected to be completed?,project_information,project_deadline,"{""project_name"": ""Project Q"", ""month"": ""May"", ""year"": ""2026""}",employee
Who is managing Project R currently?,project_information,project_owner,"{""project_name"": ""Project R""}",employee
What’s the status of Project S?,project_information,project_status,"{""project_name"": ""Project S""}",employee
Could you tell me the deadline for Project T?,project_information,project_deadline,"{""project_name"": ""Project T"", ""month"": ""June"", ""year"": ""2026""}",employee
Any updates on the status of Project V?,project_information,project_status,"{""project_name"": ""Project V""}",employee
When is the due date for Project W?,project_information,project_deadline,"{""project_name"": ""Project W"", ""month"": ""July"", ""year"": ""2026""}",employee
Can you tell me who is overseeing Project X?,project_information,project_owner,"{""project_name"": ""Project X""}",employee
What’s the latest on Project Y?,project_information,project_status,"{""project_name"": ""Project Y""}",employee
When is Project Z expected to finish?,project_information,project_deadline,"{""project_name"": ""Project Z"", ""month"": ""August"", ""year"": ""2026""}",employee
Who is managing Project D right now?,project_information,project_owner,"{""project_name"": ""Project D""}",employee
I was curious about the status of Project E. Any updates?,project_information,project_status,"{""project_name"": ""Project E""}",employee
When is the completion date for Project F?,project_information,project_deadline,"{""project_name"": ""Project F"", ""month"": ""October"", ""year"": ""2026""}",employee
Can you tell me who is overseeing Project G?,project_information,project_owner,"{""project_name"": ""Project G""}",employee
What’s the status of Project H?,project_information,project_status,"{""project_name"": ""Project H""}",employee
Could you tell me the deadline for Project I?,project_information,project_deadline,"{""project_name"": ""Project I"", ""month"": ""November"", ""year"": ""2026""}",employee
Who is the owner of Project J?,project_information,project_owner,"{""project_name"": ""Project J""}",employee
Who oversees Project C?,project_information,project_owner,"{""project_name"": ""Project C""}",employee
Is there any news on Project D's progress?,project_information,project_status,"{""project_name"": ""Project D""}",employee
When is the final deadline for Project E?,project_information,project_deadline,"{""project_name"": ""Project E"", ""deadline_date"": ""2025-10-01""}",employee
Could you let me know who is managing Project F?,project_information,project_owner,"{""project_name"": ""Project F""}",employee
What’s the latest on Project G?,project_information,project_status,"{""project_name"": ""Project G""}",employee
When does Project H need to be completed by?,project_information,project_deadline,"{""project_name"": ""Project H"", ""deadline_date"": ""2025-09-30""}",employee
Who is in charge of Project I?,project_information,project_owner,"{""project_name"": ""Project I""}",employee
Can I get an update on Project J's status?,project_information,project_status,"{""project_name"": ""Project J""}",employee
Who is the project owner for Project L?,project_information,project_owner,"{""project_name"": ""Project L""}",employee
"I think I need to check the status of Project M, any idea?",project_information,project_status,"{""project_name"": ""Project M""}",employee
When is Project N expected to finish?,project_information,project_deadline,"{""project_name"": ""Project N"", ""deadline_date"": ""2025-07-20""}",employee
Could you tell me who is leading Project O?,project_information,project_owner,"{""project_name"": ""Project O""}",employee
When does Project Q need to wrap up?,project_information,project_deadline,"{""project_name"": ""Project Q"", ""deadline_date"": ""2025-06-10""}",employee
Who is responsible for Project R?,project_information,project_owner,"{""project_name"": ""Project R""}",employee
Who is managing Project U?,project_information,project_owner,"{""project_name"": ""Project U""}",employee
Could you provide the status of Project V?,project_information,project_status,"{""project_name"": ""Project V""}",employee
Who oversees Project X?,project_information,project_owner,"{""project_name"": ""Project X""}",employee
When does Project Z need to be completed?,project_information,project_deadline,"{""project_name"": ""Project Z"", ""deadline_date"": ""2025-03-15""}",employee
Can you tell me who is in charge of Project A?,project_information,project_owner,"{""project_name"": ""Project A""}",employee
"I think I need to know the status of Project B, any updates?",project_information,project_status,"{""project_name"": ""Project B""}",employee
Could you let me know the status of Project E?,project_information,project_status,"{""project_name"": ""Project E""}",employee
When is Project F expected to finish?,project_information,project_deadline,"{""project_name"": ""Project F"", ""deadline_date"": ""2025-01-10""}",employee
Who is leading Project G?,project_information,project_owner,"{""project_name"": ""Project G""}",employee
What’s the current status of Project H?,project_information,project_status,"{""project_name"": ""Project H""}",employee
When does Project I need to be completed by?,project_information,project_deadline,"{""project_name"": ""Project I"", ""deadline_date"": ""2025-12-01""}",employee
I need to know who is the owner of project Y.,project_information,project_owner,"{""project_name"": ""Project Y""}",employee
What is the deadline for project Z?,project_information,project_deadline,"{""project_name"": ""Project Z"", ""month"": ""December"", ""year"": ""2025""}",employee
Who is managing project B right now?,project_information,project_owner,"{""project_name"": ""Project B""}",employee
"I think I heard something about project D's status, can you confirm?",project_information,project_status,"{""project_name"": ""Project D""}",employee
Could you check who the owner of project F is?,project_information,project_owner,"{""project_name"": ""Project F""}",employee
"I’m curious about the status of project G, any updates?",project_information,project_status,"{""project_name"": ""Project G""}",employee
When is project H supposed to be completed?,project_information,project_deadline,"{""project_name"": ""Project H"", ""month"": ""February"", ""year"": ""2026""}",employee
Who’s in charge of project I these days?,project_information,project_owner,"{""project_name"": ""Project I""}",employee
Can you tell me the latest on project J?,project_information,project_status,"{""project_name"": ""Project J""}",employee
I need to find out who owns project L.,project_information,project_owner,"{""project_name"": ""Project L""}",employee
Any news on project M's progress?,project_information,project_status,"{""project_name"": ""Project M""}",employee
Could you let me know who is overseeing project O?,project_information,project_owner,"{""project_name"": ""Project O""}",employee
When is project Q due to wrap up?,project_information,project_deadline,"{""project_name"": ""Project Q"", ""month"": ""May"", ""year"": ""2026""}",employee
Can you tell me who is responsible for project R?,project_information,project_owner,"{""project_name"": ""Project R""}",employee
"I’d like to know the status of project S, if possible.",project_information,project_status,"{""project_name"": ""Project S""}",employee
Who is the project owner for project U?,project_information,project_owner,"{""project_name"": ""Project U""}",employee
Can you provide an update on project V's status?,project_information,project_status,"{""project_name"": ""Project V""}",employee
What’s the expected completion date for project W?,project_information,project_deadline,"{""project_name"": ""Project W"", ""month"": ""July"", ""year"": ""2026""}",employee
Who is leading project X at the moment?,project_information,project_owner,"{""project_name"": ""Project X""}",employee
"I’m looking for the status of project Y, any insights?",project_information,project_status,"{""project_name"": ""Project Y""}",employee
When is project Z scheduled to be completed?,project_information,project_deadline,"{""project_name"": ""Project Z"", ""month"": ""August"", ""year"": ""2026""}",employee
Could you tell me who is in charge of project A?,project_information,project_owner,"{""project_name"": ""Project A""}",employee
What’s the latest on project B's status?,project_information,project_status,"{""project_name"": ""Project B""}",employee
When is the deadline for project C?,project_information,project_deadline,"{""project_name"": ""Project C"", ""month"": ""September"", ""year"": ""2026""}",employee
Who owns project D currently?,project_information,project_owner,"{""project_name"": ""Project D""}",employee
Can you check the status of project E for me?,project_information,project_status,"{""project_name"": ""Project E""}",employee
What’s the due date for project F?,project_information,project_deadline,"{""project_name"": ""Project F"", ""month"": ""October"", ""year"": ""2026""}",employee
Who is responsible for project G right now?,project_information,project_owner,"{""project_name"": ""Project G""}",employee
I’d like to know the current status of project H.,project_information,project_status,"{""project_name"": ""Project H""}",employee
When is project I expected to be finished?,project_information,project_deadline,"{""project_name"": ""Project I"", ""month"": ""November"", ""year"": ""2026""}",employee
Could you tell me who is overseeing project J?,project_information,project_owner,"{""project_name"": ""Project J""}",employee
What is the deadline for the 'Beta' project?,project_information,project_deadline,"{""project_name"": ""Beta"", ""deadline"": ""2025-12-31""}",employee
Can you provide me with the status of project 'Delta'?,project_information,project_status,"{""project_name"": ""Delta""}",hr
Is there any update on the status of project 'Eta'?,project_information,project_status,"{""project_name"": ""Eta""}",employee
When is the deadline for project 'Theta' supposed to be?,project_information,project_deadline,"{""project_name"": ""Theta"", ""deadline"": ""2025-10-01""}",employee
Could you let me know who the project owner for 'Iota' is?,project_information,project_owner,"{""project_name"": ""Iota""}",hr
What’s the current status of the 'Kappa' project?,project_information,project_status,"{""project_name"": ""Kappa""}",employee
Can you remind me of the deadline for project 'Lambda'?,project_information,project_deadline,"{""project_name"": ""Lambda"", ""deadline"": ""2025-09-30""}",hr
Who is overseeing project 'Mu' at the moment?,project_information,project_owner,"{""project_name"": ""Mu""}",employee
I think I need the status update for project 'Nu'.,project_information,project_status,"{""project_name"": ""Nu""}",employee
What’s the deadline for the 'Xi' project again?,project_information,project_deadline,"{""project_name"": ""Xi"", ""deadline"": ""2025-08-20""}",hr
Could you tell me who the owner of project 'Omicron' is?,project_information,project_owner,"{""project_name"": ""Omicron""}",employee
Is there any news on the status of project 'Pi'?,project_information,project_status,"{""project_name"": ""Pi""}",hr
What’s the expected deadline for project 'Rho'?,project_information,project_deadline,"{""project_name"": ""Rho"", ""deadline"": ""2025-07-15""}",employee
Who is in charge of project 'Sigma' right now?,project_information,project_owner,"{""project_name"": ""Sigma""}",hr
Can you check the status of project 'Tau' for me?,project_information,project_status,"{""project_name"": ""Tau""}",employee
I’d like to know who owns project 'Phi'.,project_information,project_owner,"{""project_name"": ""Phi""}",employee
Could you provide the status of project 'Chi'?,project_information,project_status,"{""project_name"": ""Chi""}",hr
What’s the deadline for project 'Psi' supposed to be?,project_information,project_deadline,"{""project_name"": ""Psi"", ""deadline"": ""2025-05-25""}",employee
Who is responsible for project 'Omega'?,project_information,project_owner,"{""project_name"": ""Omega""}",hr
Can you let me know the status of project 'Alpha'?,project_information,project_status,"{""project_name"": ""Alpha""}",employee
What is the deadline for project 'Beta' again?,project_information,project_deadline,"{""project_name"": ""Beta"", ""deadline"": ""2025-12-31""}",hr
I’m curious about the owner of project 'Gamma'.,project_information,project_owner,"{""project_name"": ""Gamma""}",employee
Is there an update on project 'Delta' status?,project_information,project_status,"{""project_name"": ""Delta""}",hr
What’s the completion date for project 'Epsilon'?,project_information,project_deadline,"{""project_name"": ""Epsilon"", ""deadline"": ""2025-11-15""}",employee
Who is managing project 'Zeta' currently?,project_information,project_owner,"{""project_name"": ""Zeta""}",hr
Can I get the status of project 'Eta'?,project_information,project_status,"{""project_name"": ""Eta""}",employee
When is project 'Theta' due?,project_information,project_deadline,"{""project_name"": ""Theta"", ""deadline"": ""2025-10-01""}",hr
Could you tell me who owns project 'Iota'?,project_information,project_owner,"{""project_name"": ""Iota""}",employee
What’s the latest on project 'Nu' status?,project_information,project_status,"{""project_name"": ""Nu""}",hr
Who is overseeing project 'Omicron'?,project_information,project_owner,"{""project_name"": ""Omicron""}",hr
Is there any update on project 'Pi' status?,project_information,project_status,"{""project_name"": ""Pi""}",employee
What’s the deadline for project 'Rho' supposed to be?,project_information,project_deadline,"{""project_name"": ""Rho"", ""deadline"": ""2025-07-15""}",hr
Who is in charge of project 'Sigma'?,project_information,project_owner,"{""project_name"": ""Sigma""}",employee
Could you share the current status of project G with me?,project_information,project_status,"{""project_name"": ""Project G""}",employee
When does project K need to be completed?,project_information,project_deadline,"{""project_name"": ""Project K"", ""month"": ""March"", ""year"": ""2026""}",employee
I’d like to know who is overseeing project L.,project_information,project_owner,"{""project_name"": ""Project L""}",employee
What is the current status of project M?,project_information,project_status,"{""project_name"": ""Project M""}",employee
Who is in charge of project O?,project_information,project_owner,"{""project_name"": ""Project O""}",employee
Can you provide me with the status of project P?,project_information,project_status,"{""project_name"": ""Project P""}",employee
Could you let me know the current status of the project 'Alpha'?,project_information,project_status,"{""project_name"": ""Alpha""}",employee
Who is the owner of the 'Gamma' project?,project_information,project_owner,"{""project_name"": ""Gamma""}",employee
I was wondering about the status of the project 'Delta'.,project_information,project_status,"{""project_name"": ""Delta""}",employee
Can you tell me when the 'Epsilon' project is due?,project_information,project_deadline,"{""project_name"": ""Epsilon"", ""deadline_date"": ""2025-11-30""}",employee
Is there a specific person responsible for the 'Zeta' project?,project_information,project_owner,"{""project_name"": ""Zeta""}",employee
What’s the latest update on the 'Eta' project?,project_information,project_status,"{""project_name"": ""Eta""}",employee
When is the 'Theta' project expected to be completed?,project_information,project_deadline,"{""project_name"": ""Theta"", ""deadline_date"": ""2025-10-15""}",employee
Could you confirm who is managing the 'Iota' project?,project_information,project_owner,"{""project_name"": ""Iota""}",employee
"I think I need to check the status of 'Kappa' project, any updates?",project_information,project_status,"{""project_name"": ""Kappa""}",employee
What’s the deadline for the 'Lambda' project again?,project_information,project_deadline,"{""project_name"": ""Lambda"", ""deadline_date"": ""2025-09-20""}",employee
Could you tell me who is overseeing the 'Mu' project?,project_information,project_owner,"{""project_name"": ""Mu""}",employee
I’d like to know the status of the 'Nu' project if possible.,project_information,project_status,"{""project_name"": ""Nu""}",employee
What’s the expected completion date for the 'Xi' project?,project_information,project_deadline,"{""project_name"": ""Xi"", ""deadline_date"": ""2025-08-05""}",employee
Can you provide me with the name of the person in charge of the 'Omicron' project?,project_information,project_owner,"{""project_name"": ""Omicron""}",employee
Could you let me know who is currently overseeing the project for the new software rollout?,project_information,project_owner,"{""project_name"": ""software rollout""}",employee
