query,intent
What is my current leave balance?,leave_balance
Can you tell me how many leave days I have left?,leave_balance
How much annual leave do I have remaining?,leave_balance
Please provide my sick leave balance.,leave_balance
How many vacation days do I still have?,leave_balance
What is the total number of leave days I can take this year?,leave_balance
Can you check my leave balance for me?,leave_balance
I want to know my leave entitlement.,leave_balance
How many personal leave days do I have left?,leave_balance
What is the balance of my PTO (Paid Time Off)?,leave_balance
Can you show me my leave balance summary?,leave_balance
How many leave days do I have accrued?,leave_balance
What is my current balance for unpaid leave?,leave_balance
Can you tell me my leave balance as of today?,leave_balance
How much leave do I have left for this quarter?,leave_balance
What is my leave balance for the current month?,leave_balance
How many leave days can I still take this year?,leave_balance
What is my balance for maternity leave?,leave_balance
Can you provide details on my leave balance?,leave_balance
How many leave days do I have left until the end of the year?,leave_balance
What is the status of my leave balance?,leave_balance
Can you give me an update on my leave days?,leave_balance
How many leave hours do I have left?,leave_balance
What is the remaining balance of my leave days?,leave_balance
Can you tell me my leave balance for the last year?,leave_balance
How many leave days do I have left to use?,leave_balance
What is my leave balance for the next pay period?,leave_balance
How many sick days do I have remaining?,leave_balance
What is my leave balance for the upcoming holiday season?,leave_balance
Can you check my leave balance for the last quarter?,leave_balance
What is my leave balance as of the end of last month?,leave_balance
How many leave days do I have available?,leave_balance
Can you tell me my leave balance for this fiscal year?,leave_balance
What is my leave balance for the current year?,leave_balance
How many leave days do I have left to carry over?,leave_balance
What is my leave balance for the next calendar year?,leave_balance
Can you provide my leave balance for the last six months?,leave_balance
How many leave days do I have remaining for this month?,leave_balance
What is my leave balance for the current payroll cycle?,leave_balance
Can you tell me my leave balance for the last two years?,leave_balance
How many leave days do I have left until my anniversary date?,leave_balance
What is my leave balance for the upcoming year?,leave_balance
Can you provide my leave balance for the past year?,leave_balance
How many leave days do I have left to take this year?,leave_balance
What is my leave balance for the next month?,leave_balance
Can you tell me how many leave days I have left this quarter?,leave_balance
What is my leave balance for the current semester?,leave_balance
How many leave days do I have left for the rest of the year?,leave_balance
Can you check my leave balance for the upcoming month?,leave_balance
What is my leave balance for the current leave year?,leave_balance
How many leave days do I have left for this pay cycle?,leave_balance
Can you tell me my total leave balance?,leave_balance
What is my leave balance for the next pay period?,leave_balance
What is my current leave balance?,leave_balance
Can you tell me how many leave days I have left?,leave_balance
How much annual leave do I have remaining?,leave_balance
Show me my sick leave balance.,leave_balance
What is the total number of leave days I can take this year?,leave_balance
How many vacation days do I have left?,leave_balance
Can I check my leave balance?,leave_balance
What is my personal leave balance?,leave_balance
How many paid leave days do I have remaining?,leave_balance
Can you provide my leave balance summary?,leave_balance
What is the balance of my leave days?,leave_balance
How many leave days do I still have?,leave_balance
Can you tell me my remaining leave days?,leave_balance
What is my current balance for leave?,leave_balance
How many days of leave do I have left this month?,leave_balance
Can I see my leave balance for this year?,leave_balance
What is the status of my leave balance?,leave_balance
How much leave do I have accrued?,leave_balance
Can you check my leave balance for me?,leave_balance
What is the balance of my sick leave?,leave_balance
How many days of unpaid leave do I have left?,leave_balance
What is my leave entitlement?,leave_balance
Can you tell me about my leave days?,leave_balance
How many leave days can I still take?,leave_balance
What is my leave balance as of today?,leave_balance
How many leave days do I have in total?,leave_balance
Can you provide details on my leave balance?,leave_balance
What is my leave balance for maternity leave?,leave_balance
How many days of leave do I have left for this quarter?,leave_balance
Can you tell me my leave balance for the last year?,leave_balance
What is the remaining balance of my leave?,leave_balance
How many leave days do I have left to use?,leave_balance
Can you show me my leave balance history?,leave_balance
What is my leave balance for this fiscal year?,leave_balance
How many leave days do I have available?,leave_balance
Can you tell me my leave balance breakdown?,leave_balance
What is my total leave balance including sick leave?,leave_balance
How many days of leave do I have left before the end of the year?,leave_balance
Can you check my leave days for me?,leave_balance
What is my leave balance for the current month?,leave_balance
How many leave days do I have left for this year?,leave_balance
Can you tell me how many sick leave days I have remaining?,leave_balance
What is my leave balance for the upcoming year?,leave_balance
How many leave days do I have remaining in my account?,leave_balance
Can you provide my leave balance for the last quarter?,leave_balance
What is my leave balance for the next quarter?,leave_balance
How many days of leave do I have left to take this month?,leave_balance
Can you tell me my leave balance for the last month?,leave_balance
What is my total leave balance including personal leave?,leave_balance
How many leave days do I have left to carry over?,leave_balance
Can you tell me my leave balance for the last two years?,leave_balance
What is my leave balance for the current fiscal year?,leave_balance
What is my current leave balance?,leave_balance
Can you tell me how many vacation days I have left?,leave_balance
How much sick leave do I have remaining?,leave_balance
Please provide my leave balance details.,leave_balance
What is the total number of leave days I can take this year?,leave_balance
How many personal days do I have left?,leave_balance
Can you check my leave balance for me?,leave_balance
What is the balance of my annual leave?,leave_balance
How many leave days do I still have available?,leave_balance
Can you show me my current leave balance?,leave_balance
What is my remaining leave for this month?,leave_balance
How many days of leave do I have left to use?,leave_balance
Can you tell me my leave balance as of today?,leave_balance
What is the balance of my sick leave days?,leave_balance
How many leave days do I have accrued?,leave_balance
Can I get a summary of my leave balance?,leave_balance
What is my leave balance for the current year?,leave_balance
How many leave days can I still take this year?,leave_balance
What is the status of my leave balance?,leave_balance
Can you provide my leave balance information?,leave_balance
How much leave do I have left to take?,leave_balance
What is my total leave balance right now?,leave_balance
Can you tell me how many sick days I have left?,leave_balance
What is my leave balance as of the end of last month?,leave_balance
How many days of vacation do I have remaining?,leave_balance
Can you check my sick leave balance?,leave_balance
What is my leave balance for the next quarter?,leave_balance
How many leave days do I have left this fiscal year?,leave_balance
Can you tell me my leave balance history?,leave_balance
What is the breakdown of my leave balance?,leave_balance
How many days of leave do I have left to carry over?,leave_balance
Can you provide details on my leave balance?,leave_balance
What is my current balance of paid time off?,leave_balance
How many days of leave do I have left unused?,leave_balance
Can you tell me how many leave days I have left for this year?,leave_balance
What is my leave balance for the last year?,leave_balance
How many vacation days do I still have available?,leave_balance
Can you give me my leave balance summary?,leave_balance
What is my remaining leave balance for this month?,leave_balance
How many sick leave days do I have left to use?,leave_balance
Can you tell me my total leave balance?,leave_balance
What is my leave balance at the moment?,leave_balance
How many personal leave days do I have left?,leave_balance
Can you provide my leave balance for the current month?,leave_balance
What is the current status of my leave balance?,leave_balance
How much leave do I have left for the rest of the year?,leave_balance
Can you tell me how many leave days I have left to take this month?,leave_balance
What is my leave balance for the upcoming month?,leave_balance
How many days of leave do I have remaining this year?,leave_balance
Can you check my leave balance for the next year?,leave_balance
What is my leave balance as of today’s date?,leave_balance
How many days of vacation do I have left this year?,leave_balance
Can you tell me my leave balance for the current quarter?,leave_balance
What is my total leave balance including sick leave?,leave_balance
What is my current leave balance?,leave_balance
Can you tell me how many leave days I have left?,leave_balance
How much annual leave do I have remaining?,leave_balance
What is the balance of my sick leave?,leave_balance
Show me my leave balance for this year.,leave_balance
How many vacation days do I have left?,leave_balance
Can I check my leave balance?,leave_balance
What is my total leave balance?,leave_balance
How many personal days do I have remaining?,leave_balance
What is the status of my leave balance?,leave_balance
Can you provide my leave balance details?,leave_balance
How many days of leave do I still have?,leave_balance
What is my leave entitlement?,leave_balance
Tell me my leave balance as of today.,leave_balance
How much leave do I have accrued?,leave_balance
Can you check my leave balance for me?,leave_balance
What is the remaining balance of my leave days?,leave_balance
How many leave days have I used this year?,leave_balance
What is my leave balance at the moment?,leave_balance
Can you tell me my leave days left?,leave_balance
How many leave days do I have available?,leave_balance
What is the current status of my leave balance?,leave_balance
Can I see my leave balance?,leave_balance
What is my sick leave balance?,leave_balance
How many days of leave can I still take?,leave_balance
What is the total number of leave days I have?,leave_balance
Can you provide an update on my leave balance?,leave_balance
How many leave days do I have left to use?,leave_balance
What is my current sick leave balance?,leave_balance
Can you tell me how many vacation days I have left?,leave_balance
What is my leave balance for the current month?,leave_balance
How many leave days do I have remaining this year?,leave_balance
What is my total accrued leave balance?,leave_balance
Can you tell me my annual leave balance?,leave_balance
How many leave days do I have left to take?,leave_balance
What is my leave balance summary?,leave_balance
How much leave do I have left this year?,leave_balance
Can you show me my leave balance?,leave_balance
What is my current leave balance status?,leave_balance
How many sick leave days do I have remaining?,leave_balance
What is my leave balance for the last quarter?,leave_balance
Can you check my annual leave balance?,leave_balance
How many personal leave days do I have left?,leave_balance
What is the balance of my vacation days?,leave_balance
How many leave days have I accrued so far?,leave_balance
What is my leave balance history?,leave_balance
Can you tell me my leave balance for the next month?,leave_balance
How many leave days do I still have available?,leave_balance
What is my leave balance as of the end of the month?,leave_balance
How much sick leave do I have left?,leave_balance
Can you provide my leave balance for the current year?,leave_balance
What is my leave balance for the upcoming year?,leave_balance
What is my current leave balance?,leave_balance
Can you tell me how many vacation days I have left?,leave_balance
How much sick leave do I have remaining?,leave_balance
Please provide my leave balance details.,leave_balance
How many personal days do I have left this year?,leave_balance
What is the total number of leave days I can take?,leave_balance
Can you check my leave balance for me?,leave_balance
How many days off do I have available?,leave_balance
What is my annual leave balance?,leave_balance
Show me my current leave balance.,leave_balance
How many leave days do I have left?,leave_balance
Can you tell me my remaining leave days?,leave_balance
What is the status of my leave balance?,leave_balance
How much leave do I have left to use?,leave_balance
What is the balance of my sick leave?,leave_balance
"Can I see my leave balance, please?",leave_balance
How many days of leave do I still have?,leave_balance
What is the current status of my leave balance?,leave_balance
Can you provide my leave balance summary?,leave_balance
How many vacation hours do I have remaining?,leave_balance
What is my total leave balance?,leave_balance
Can you tell me how many sick days I have left?,leave_balance
What is my leave balance for this month?,leave_balance
How many days can I still take off?,leave_balance
What is my current vacation leave balance?,leave_balance
Can you check my remaining leave days?,leave_balance
How much leave time do I have left?,leave_balance
What is my leave balance as of today?,leave_balance
Can you tell me my leave days available?,leave_balance
How many leave hours do I have left?,leave_balance
What is the balance of my annual leave?,leave_balance
Can you provide details on my leave balance?,leave_balance
How many leave days do I have accrued?,leave_balance
What is my leave balance for the current year?,leave_balance
Can you tell me how many personal leave days I have?,leave_balance
What is my sick leave balance right now?,leave_balance
How many vacation days are left in my balance?,leave_balance
Can I get a report of my leave balance?,leave_balance
What is the total number of sick leave days I have?,leave_balance
How many leave days have I used this year?,leave_balance
Can you tell me my leave balance history?,leave_balance
What is my remaining leave balance for this quarter?,leave_balance
How many leave days do I have left to take this year?,leave_balance
What is my leave balance at the moment?,leave_balance
Can you show me my leave balance breakdown?,leave_balance
How many days of leave do I have left to use this month?,leave_balance
What is my leave balance for the next month?,leave_balance
Can you tell me my leave balance for the last year?,leave_balance
How many leave days do I have remaining for this month?,leave_balance
What is my total sick leave balance?,leave_balance
Can you provide my current leave balance status?,leave_balance
How many days of leave do I have available to take?,leave_balance
What is my leave balance for the upcoming year?,leave_balance
What is my current leave balance?,leave_balance
Can you tell me how many vacation days I have left?,leave_balance
How much sick leave do I have remaining?,leave_balance
Please provide my total leave balance.,leave_balance
What is the balance of my annual leave?,leave_balance
How many personal days do I have left?,leave_balance
Can you check my leave balance for me?,leave_balance
What is the status of my leave balance?,leave_balance
Show me my leave balance details.,leave_balance
How many leave days do I have available?,leave_balance
What is the remaining balance of my leave days?,leave_balance
Can you give me an update on my leave balance?,leave_balance
How much leave time do I have left?,leave_balance
What is my leave entitlement balance?,leave_balance
Can you tell me the number of leave days I still have?,leave_balance
What is the current balance of my leave days?,leave_balance
How many days of leave can I still take?,leave_balance
What is my accrued leave balance?,leave_balance
How many leave hours do I have remaining?,leave_balance
Can you provide my leave balance summary?,leave_balance
What is the total number of leave days I can take?,leave_balance
How many leave days have I used this year?,leave_balance
What is the balance of my sick leave days?,leave_balance
Can you check my vacation leave balance?,leave_balance
What is my leave balance for this month?,leave_balance
How many leave days do I have left for this quarter?,leave_balance
What is my leave balance as of today?,leave_balance
Can you tell me my leave balance for the current year?,leave_balance
How many leave days do I have left until the end of the year?,leave_balance
What is the balance of my maternity leave?,leave_balance
How much leave time do I have left for emergencies?,leave_balance
What is my leave balance for the upcoming month?,leave_balance
Can you provide details on my leave balance?,leave_balance
What is the total leave balance I have accrued?,leave_balance
How many leave days do I have left after my recent request?,leave_balance
What is my leave balance for the next pay period?,leave_balance
Can you summarize my leave balance for me?,leave_balance
How many leave days do I have remaining for this fiscal year?,leave_balance
What is the company's vacation policy?,policy_query
Can you explain the remote work policy?,policy_query
What are the guidelines for employee conduct?,policy_query
How does the sick leave policy work?,policy_query
What is the policy on overtime pay?,policy_query
Can you provide details on the parental leave policy?,policy_query
What are the rules regarding dress code?,policy_query
What is the policy for performance reviews?,policy_query
How do I request a leave of absence?,policy_query
What is the company's policy on harassment?,policy_query
Can you tell me about the employee benefits policy?,policy_query
What is the policy for workplace safety?,policy_query
How does the company handle employee grievances?,policy_query
What is the policy on drug testing?,policy_query
Can you explain the policy for employee training and development?,policy_query
What are the guidelines for using company property?,policy_query
What is the policy for telecommuting?,policy_query
How does the company approach diversity and inclusion?,policy_query
What is the policy on social media use during work hours?,policy_query
Can you provide information on the company's whistleblower policy?,policy_query
What is the policy regarding employee referrals?,policy_query
How does the company handle layoffs?,policy_query
What is the policy on employee recognition programs?,policy_query
Can you explain the policy for conflict resolution?,policy_query
What are the guidelines for using vacation days?,policy_query
What is the company's policy on flexible working hours?,policy_query
Can you tell me about the policy for maternity leave?,policy_query
What is the policy on unpaid leave?,policy_query
How does the company support mental health for employees?,policy_query
What is the policy for performance improvement plans?,policy_query
Can you explain the policy on salary increases?,policy_query
What are the rules for taking personal days?,policy_query
What is the company's policy on employee termination?,policy_query
Can you provide details on the policy for job postings?,policy_query
What is the policy regarding working from home?,policy_query
How does the company handle employee feedback?,policy_query
What is the policy on internships?,policy_query
Can you explain the policy for employee evaluations?,policy_query
What are the guidelines for using sick leave?,policy_query
What is the company's policy on travel reimbursement?,policy_query
Can you tell me about the policy for workplace bullying?,policy_query
What is the policy on employee bonuses?,policy_query
How does the company approach work-life balance?,policy_query
What is the policy for part-time employees?,policy_query
Can you explain the policy on continuing education reimbursement?,policy_query
What are the guidelines for using company email?,policy_query
What is the company's policy on non-compete agreements?,policy_query
Can you provide information on the policy for employee onboarding?,policy_query
What is the policy regarding workplace accommodations?,policy_query
How does the company handle employee promotions?,policy_query
What is the policy on severance pay?,policy_query
What is the company's vacation policy?,policy_query
Can you explain the remote work policy?,policy_query
What are the guidelines for sick leave?,policy_query
How does the parental leave policy work?,policy_query
What is the dress code policy?,policy_query
Can you provide details on the employee benefits policy?,policy_query
What is the policy on overtime pay?,policy_query
Are there any policies regarding workplace harassment?,policy_query
What is the procedure for requesting time off?,policy_query
Can you tell me about the company's equal opportunity employment policy?,policy_query
What are the policies on employee training and development?,policy_query
What is the policy for performance reviews?,policy_query
Can you explain the policy on workplace safety?,policy_query
What is the policy regarding employee confidentiality?,policy_query
How does the company handle layoffs?,policy_query
What is the policy on employee referrals?,policy_query
Can you provide information on the company's drug-free workplace policy?,policy_query
What is the policy for using company equipment?,policy_query
Are there guidelines for social media use during work hours?,policy_query
What is the company's policy on diversity and inclusion?,policy_query
Can you explain the policy for handling grievances?,policy_query
What is the policy for employee recognition programs?,policy_query
What are the rules regarding personal phone calls at work?,policy_query
Can you provide details on the company's travel policy?,policy_query
What is the policy for working from home?,policy_query
How does the company handle conflicts of interest?,policy_query
What is the policy on using vacation days?,policy_query
Can you explain the policy for unpaid leave?,policy_query
What is the policy regarding employee evaluations?,policy_query
What are the guidelines for workplace conduct?,policy_query
Can you tell me about the company's whistleblower policy?,policy_query
What is the policy for employee onboarding?,policy_query
What are the rules about taking breaks during work hours?,policy_query
Can you explain the policy on salary increases?,policy_query
What is the policy for using personal devices at work?,policy_query
Can you provide information on the company's maternity leave policy?,policy_query
What is the policy for employee termination?,policy_query
What are the guidelines for attending conferences or seminars?,policy_query
Can you tell me about the company's policy on flexible working hours?,policy_query
What is the policy for employee health and wellness programs?,policy_query
Can you explain the policy on job postings and promotions?,policy_query
What is the policy regarding employee feedback?,policy_query
What are the rules for using company credit cards?,policy_query
Can you provide details on the company's bereavement leave policy?,policy_query
What is the policy for employee exit interviews?,policy_query
What are the guidelines for using company email?,policy_query
Can you explain the policy on workplace bullying?,policy_query
What is the policy for employee stock options?,policy_query
What are the rules regarding office decorations?,policy_query
Can you provide information on the company's policy for internships?,policy_query
What is the policy for employee travel reimbursements?,policy_query
What are the guidelines for using company vehicles?,policy_query
Can you explain the policy on employee attendance?,policy_query
What is the policy for employee promotions?,policy_query
What are the rules regarding workplace privacy?,policy_query
What is the company's vacation policy?,policy_query
Can you explain the remote work policy?,policy_query
What are the guidelines for employee conduct?,policy_query
How does the sick leave policy work?,policy_query
What is the procedure for requesting parental leave?,policy_query
Can you provide details on the dress code policy?,policy_query
What is the policy on overtime pay?,policy_query
Are there any policies regarding workplace harassment?,policy_query
What is the policy for performance reviews?,policy_query
Can you tell me about the company's diversity and inclusion policy?,policy_query
What are the rules for using company property?,policy_query
How does the employee benefits policy work?,policy_query
What is the policy on employee training and development?,policy_query
Can you explain the policy for reporting grievances?,policy_query
What is the company's policy on drug testing?,policy_query
What are the guidelines for taking unpaid leave?,policy_query
Can you provide information on the whistleblower policy?,policy_query
What is the policy regarding social media use?,policy_query
How does the company handle layoffs?,policy_query
What is the policy on employee referrals?,policy_query
Can you explain the policy for flexible working hours?,policy_query
What are the rules for business travel?,policy_query
What is the company's policy on confidentiality?,policy_query
Can you provide details on the maternity leave policy?,policy_query
What is the policy for performance bonuses?,policy_query
How does the company address workplace bullying?,policy_query
What is the policy on employee recognition programs?,policy_query
Can you explain the policy for taking breaks during work hours?,policy_query
What are the guidelines for using vacation days?,policy_query
What is the policy on telecommuting?,policy_query
Can you provide information on the company's health and safety policy?,policy_query
What is the policy regarding employee evaluations?,policy_query
How does the company handle conflicts of interest?,policy_query
What is the policy for requesting time off?,policy_query
Can you explain the policy on employee termination?,policy_query
What are the guidelines for workplace accommodations?,policy_query
What is the policy on using personal devices for work?,policy_query
Can you provide details on the company's retirement plan?,policy_query
What is the policy regarding employee privacy?,policy_query
How does the company handle employee complaints?,policy_query
What is the policy on attending conferences and seminars?,policy_query
Can you explain the policy for job postings and promotions?,policy_query
What are the guidelines for using sick leave?,policy_query
What is the company's policy on equal employment opportunity?,policy_query
Can you provide information on the company's travel reimbursement policy?,policy_query
What is the policy on employee onboarding?,policy_query
How does the company support work-life balance?,policy_query
What is the policy for handling employee disputes?,policy_query
Can you explain the policy on internships?,policy_query
What are the guidelines for workplace safety?,policy_query
What is the company's policy on employee feedback?,policy_query
What is the company's vacation policy?,policy_query
Can you explain the remote work policy?,policy_query
What are the guidelines for sick leave?,policy_query
How does the parental leave policy work?,policy_query
What is the dress code policy?,policy_query
Are there any policies regarding overtime pay?,policy_query
What is the policy on employee training and development?,policy_query
Can you provide details about the harassment policy?,policy_query
What is the policy for performance reviews?,policy_query
How does the company handle workplace safety?,policy_query
What are the rules regarding employee conduct?,policy_query
Can you tell me about the policy for bereavement leave?,policy_query
What is the policy on using company equipment?,policy_query
Are there any guidelines for social media use?,policy_query
What is the policy for employee referrals?,policy_query
Can you explain the policy on drug testing?,policy_query
What are the company's policies on discrimination?,policy_query
How does the company handle grievances?,policy_query
What is the policy for flexible working hours?,policy_query
Can you provide information on the company's health insurance policy?,policy_query
What is the policy for employee bonuses?,policy_query
How does the company approach diversity and inclusion?,policy_query
What are the guidelines for using vacation days?,policy_query
Can you explain the policy on employee evaluations?,policy_query
What is the policy regarding workplace bullying?,policy_query
What are the rules for taking unpaid leave?,policy_query
Can you tell me about the company's travel policy?,policy_query
What is the policy on confidentiality and data protection?,policy_query
How does the company handle layoffs?,policy_query
What are the policies regarding employee benefits?,policy_query
Can you explain the policy on workplace accommodations?,policy_query
What is the policy for using personal devices at work?,policy_query
What are the guidelines for employee recognition programs?,policy_query
Can you provide details on the company's retirement plan?,policy_query
What is the policy regarding time off for volunteering?,policy_query
How does the company support mental health in the workplace?,policy_query
What are the rules for taking maternity leave?,policy_query
Can you explain the policy on employee relocation?,policy_query
What is the policy for workplace harassment training?,policy_query
What are the guidelines for using sick leave?,policy_query
Can you tell me about the company's non-discrimination policy?,policy_query
What is the policy for employee onboarding?,policy_query
How does the company handle employee complaints?,policy_query
What is the policy on working from home?,policy_query
What are the guidelines for employee travel expenses?,policy_query
Can you explain the policy for workplace diversity training?,policy_query
What is the policy regarding employee performance improvement plans?,policy_query
How does the company support work-life balance?,policy_query
What are the rules for taking personal leave?,policy_query
Can you provide information on the company's employee assistance program?,policy_query
What is the policy for using company vehicles?,policy_query
What are the guidelines for employee social events?,policy_query
Can you explain the policy on employee feedback?,policy_query
What is the company's vacation policy?,policy_query
Can you explain the remote work policy?,policy_query
What are the guidelines for sick leave?,policy_query
How does the parental leave policy work?,policy_query
What is the dress code policy?,policy_query
Can I get details about the employee benefits policy?,policy_query
What is the policy on overtime pay?,policy_query
What are the rules regarding workplace harassment?,policy_query
Can you provide information on the performance review process?,policy_query
What is the company's policy on diversity and inclusion?,policy_query
How does the employee referral program work?,policy_query
What is the policy for handling grievances?,policy_query
Can you tell me about the training and development policy?,policy_query
What are the guidelines for using company property?,policy_query
What is the policy on internet usage at work?,policy_query
Can you explain the policy on employee conduct?,policy_query
What is the policy for reporting workplace accidents?,policy_query
How does the company handle layoffs?,policy_query
What is the policy for requesting time off?,policy_query
Can you provide details on the health insurance policy?,policy_query
What are the rules for employee promotions?,policy_query
What is the policy regarding confidentiality?,policy_query
Can you explain the policy on conflict of interest?,policy_query
What is the policy for workplace safety?,policy_query
How does the company support mental health?,policy_query
What is the policy on social media use?,policy_query
Can you tell me about the policy for flexible working hours?,policy_query
What is the policy for employee recognition programs?,policy_query
What are the guidelines for business travel?,policy_query
Can you explain the policy on drug testing?,policy_query
What is the policy for handling employee complaints?,policy_query
What are the rules for using personal devices at work?,policy_query
What is the company's policy on telecommuting?,policy_query
Can you provide information on the company's retirement plan?,policy_query
What is the policy for maternity leave?,policy_query
What are the guidelines for employee evaluations?,policy_query
Can you explain the policy on workplace bullying?,policy_query
What is the policy for employee training reimbursement?,policy_query
What are the rules regarding employee attendance?,policy_query
Can you tell me about the policy for non-disclosure agreements?,policy_query
What is the policy for handling workplace conflicts?,policy_query
What are the guidelines for using company email?,policy_query
Can you explain the policy on employee termination?,policy_query
What is the policy for volunteer time off?,policy_query
What are the rules for workplace accommodations?,policy_query
Can you provide details on the company's leave of absence policy?,policy_query
What is the policy for employee wellness programs?,policy_query
What are the guidelines for employee onboarding?,policy_query
Can you explain the policy on workplace ethics?,policy_query
What is the policy for handling sensitive information?,policy_query
What are the rules for employee feedback?,policy_query
Can you tell me about the policy for workplace celebrations?,policy_query
What is the policy on employee travel expenses?,policy_query
What is the company's vacation policy?,policy_query
Can you explain the remote work policy?,policy_query
What are the guidelines for sick leave?,policy_query
How does the parental leave policy work?,policy_query
What is the dress code policy?,policy_query
Can you provide details on the employee benefits policy?,policy_query
What is the policy on overtime pay?,policy_query
How many holidays do we get per year?,policy_query
What is the policy for performance reviews?,policy_query
Can you tell me about the code of conduct?,policy_query
What is the policy regarding workplace harassment?,policy_query
What are the rules for using company property?,policy_query
How does the employee referral program work?,policy_query
What is the policy on employee training and development?,policy_query
Can you explain the policy for workplace safety?,policy_query
What is the policy on drug testing?,policy_query
How do we handle employee grievances?,policy_query
What is the policy for telecommuting?,policy_query
Can you provide information on the company's diversity policy?,policy_query
What is the policy for annual leave accrual?,policy_query
What are the guidelines for business travel?,policy_query
What is the policy on social media use?,policy_query
Can you explain the policy for conflict of interest?,policy_query
What is the policy regarding employee evaluations?,policy_query
How does the company handle layoffs?,policy_query
What is the policy for maternity leave?,policy_query
Can you tell me about the policy for volunteer time off?,policy_query
What is the policy on salary increases?,policy_query
What are the rules for taking personal leave?,policy_query
Can you provide details on the company's health insurance policy?,policy_query
What is the policy for employee recognition programs?,policy_query
How does the company support work-life balance?,policy_query
What is the policy on using personal devices at work?,policy_query
Can you explain the policy for internships?,policy_query
What are the guidelines for workplace bullying?,policy_query
What is the policy on flexible working hours?,policy_query
Can you provide information on the company's retirement plan?,policy_query
What is the policy for handling confidential information?,policy_query
What are the rules for employee attendance?,policy_query
Can you explain the policy for workplace accommodations?,policy_query
What is the current headcount in the company?,headcount_report
Can you provide the latest headcount report?,headcount_report
How many employees are currently working here?,headcount_report
What is the total number of staff members?,headcount_report
Please show me the headcount statistics for this month.,headcount_report
What is the headcount breakdown by department?,headcount_report
How many new hires do we have this quarter?,headcount_report
Can I get the headcount for the last fiscal year?,headcount_report
What is the employee count as of today?,headcount_report
How many part-time employees are there?,headcount_report
What is the headcount trend over the past year?,headcount_report
Can you give me the headcount by job title?,headcount_report
What is the total headcount in the marketing department?,headcount_report
How many employees are on leave right now?,headcount_report
What is the headcount for remote workers?,headcount_report
Can you provide a summary of the headcount changes this month?,headcount_report
What is the current employee turnover rate?,headcount_report
How many interns are currently employed?,headcount_report
What is the headcount for each location?,headcount_report
Can you show me the headcount by gender?,headcount_report
What is the headcount for contract workers?,headcount_report
How many employees were hired last month?,headcount_report
What is the total number of employees in the sales team?,headcount_report
Can I see the headcount report for the last quarter?,headcount_report
What is the current headcount for the IT department?,headcount_report
How many employees are eligible for retirement this year?,headcount_report
Can you provide the headcount for the engineering team?,headcount_report
What is the total number of employees in the company as of now?,headcount_report
How many employees have left the company this year?,headcount_report
What is the headcount for the HR department?,headcount_report
Can you give me the headcount by age group?,headcount_report
How many employees are currently in training?,headcount_report
What is the headcount for the finance department?,headcount_report
Can you show me the headcount by experience level?,headcount_report
What is the total number of employees in the customer service team?,headcount_report
How many employees are on probation?,headcount_report
Can you provide the headcount for the last two years?,headcount_report
What is the headcount for the research and development team?,headcount_report
How many employees are currently working from home?,headcount_report
What is the headcount for the operations department?,headcount_report
Can I get the headcount for seasonal workers?,headcount_report
How many employees are currently in the onboarding process?,headcount_report
What is the headcount for the legal department?,headcount_report
Can you provide the headcount for the last month?,headcount_report
What is the current headcount for the project management team?,headcount_report
How many employees are currently in leadership positions?,headcount_report
What is the headcount for the creative team?,headcount_report
Can you show me the headcount by contract type?,headcount_report
How many employees are currently on maternity leave?,headcount_report
What is the headcount for the training department?,headcount_report
Can you provide a headcount report for the last six months?,headcount_report
What is the total number of employees in the logistics team?,headcount_report
How many employees are currently working overtime?,headcount_report
What is the headcount for the quality assurance team?,headcount_report
Can you give me the headcount for the last three months?,headcount_report
What is the current headcount in the company?,headcount_report
Can you provide the latest headcount report?,headcount_report
How many employees are there in the marketing department?,headcount_report
What is the total number of staff in the organization?,headcount_report
Show me the headcount by department.,headcount_report
What is the headcount trend over the last year?,headcount_report
How many new hires do we have this month?,headcount_report
Can I get a breakdown of headcount by location?,headcount_report
What is the employee count for the sales team?,headcount_report
How many part-time employees are currently working?,headcount_report
What is the total headcount as of today?,headcount_report
Can you tell me the headcount for the IT department?,headcount_report
How many employees are on leave right now?,headcount_report
What is the headcount for remote employees?,headcount_report
Can you provide the headcount for the last quarter?,headcount_report
How many employees are eligible for retirement this year?,headcount_report
What is the headcount for interns in the company?,headcount_report
Can I see the headcount statistics for the last five years?,headcount_report
What is the headcount for each team in the organization?,headcount_report
How many employees have left the company this year?,headcount_report
What is the headcount for contract workers?,headcount_report
Can you provide a summary of headcount changes over the past month?,headcount_report
What is the current headcount in the finance department?,headcount_report
How many employees are currently on probation?,headcount_report
Can you give me the headcount for the customer support team?,headcount_report
What is the total number of employees by gender?,headcount_report
How many employees are working in different shifts?,headcount_report
What is the headcount for the research and development team?,headcount_report
Can you provide the headcount for the last fiscal year?,headcount_report
How many employees are currently in training?,headcount_report
What is the headcount for the legal department?,headcount_report
Can you show me the headcount by job title?,headcount_report
How many employees are currently working on projects?,headcount_report
What is the headcount for the production team?,headcount_report
Can I get the headcount for seasonal employees?,headcount_report
What is the headcount for employees in different age groups?,headcount_report
How many employees are currently in management positions?,headcount_report
Can you provide the headcount for the engineering department?,headcount_report
What is the headcount for employees with specific skills?,headcount_report
How many employees are currently working overtime?,headcount_report
What is the headcount for the operations team?,headcount_report
Can you give me the headcount for the last month?,headcount_report
How many employees are currently in the onboarding process?,headcount_report
What is the headcount for the business development team?,headcount_report
Can you provide the headcount for employees who work from home?,headcount_report
What is the headcount for the creative team?,headcount_report
How many employees are currently working on-site?,headcount_report
What is the headcount for the training department?,headcount_report
Can you show me the headcount for the last two years?,headcount_report
How many employees are currently involved in cross-functional teams?,headcount_report
What is the headcount for the quality assurance team?,headcount_report
Can you provide the headcount for the administrative staff?,headcount_report
What is the current headcount in the company?,headcount_report
Can you provide the latest headcount report?,headcount_report
How many employees are currently working here?,headcount_report
What is the total number of staff members?,headcount_report
Show me the headcount by department.,headcount_report
What is the headcount trend over the last year?,headcount_report
Can I get a breakdown of headcount by location?,headcount_report
What is the headcount for remote employees?,headcount_report
How many full-time employees do we have?,headcount_report
What is the headcount for part-time employees?,headcount_report
Can you tell me the headcount for interns?,headcount_report
What is the current headcount in the sales department?,headcount_report
How many employees have joined this month?,headcount_report
What is the headcount for the engineering team?,headcount_report
Can you provide the headcount statistics for Q1?,headcount_report
What is the total headcount as of today?,headcount_report
How many employees left the company this year?,headcount_report
What is the headcount for the marketing department?,headcount_report
Can you show me the headcount by job title?,headcount_report
What is the headcount for contract workers?,headcount_report
How many employees are on leave currently?,headcount_report
What is the headcount for the HR department?,headcount_report
Can you provide headcount data for last quarter?,headcount_report
What is the headcount for the finance team?,headcount_report
How many employees are in the IT department?,headcount_report
What is the headcount for senior management?,headcount_report
Can you give me the headcount for the customer service team?,headcount_report
What is the headcount for the research and development team?,headcount_report
How many employees are currently in training?,headcount_report
What is the headcount for the operations department?,headcount_report
Can you provide the headcount for the last five years?,headcount_report
What is the current headcount for each office location?,headcount_report
How many employees are eligible for retirement this year?,headcount_report
What is the headcount for the legal department?,headcount_report
Can you show me the headcount changes over the past month?,headcount_report
What is the headcount for the product management team?,headcount_report
How many employees are currently on probation?,headcount_report
What is the headcount for the creative team?,headcount_report
Can you provide a summary of headcount changes this year?,headcount_report
What is the headcount for the logistics department?,headcount_report
How many employees are currently working in shifts?,headcount_report
What is the headcount for the training department?,headcount_report
Can you tell me the headcount for each team in the company?,headcount_report
What is the headcount for the quality assurance team?,headcount_report
How many employees are currently in the onboarding process?,headcount_report
What is the headcount for the business development team?,headcount_report
Can you provide the headcount for the last month?,headcount_report
What is the headcount for the administrative staff?,headcount_report
How many employees are currently working on projects?,headcount_report
What is the headcount for the sales team?,headcount_report
Can you show me the headcount for seasonal workers?,headcount_report
What is the headcount for the support team?,headcount_report
How many employees are currently in the pipeline for hiring?,headcount_report
What is the current headcount in the company?,headcount_report
Can you provide the latest headcount report?,headcount_report
How many employees are there in the marketing department?,headcount_report
What is the total number of staff in our organization?,headcount_report
Please show me the headcount for this quarter.,headcount_report
How many people are employed in the sales team?,headcount_report
What is the headcount trend over the last year?,headcount_report
Can you give me a breakdown of headcount by department?,headcount_report
What is the headcount for remote employees?,headcount_report
How many interns are currently with us?,headcount_report
What is the total headcount as of today?,headcount_report
Can you tell me the number of full-time employees?,headcount_report
How many part-time employees do we have?,headcount_report
What is the headcount for new hires this month?,headcount_report
Can you provide the headcount statistics for last year?,headcount_report
What is the current headcount in the IT department?,headcount_report
How many employees are on leave right now?,headcount_report
Can you show me the headcount by location?,headcount_report
What is the headcount for the executive team?,headcount_report
How many employees are eligible for retirement this year?,headcount_report
Can you provide the headcount for contractors?,headcount_report
What is the headcount for the finance department?,headcount_report
How many employees have left the company this year?,headcount_report
What is the total headcount in the engineering team?,headcount_report
Can you give me the headcount for the HR department?,headcount_report
What is the headcount for employees in different regions?,headcount_report
How many employees are currently in training?,headcount_report
What is the headcount for the customer service team?,headcount_report
Can you provide a summary of headcount changes over the last month?,headcount_report
What is the headcount for the research and development department?,headcount_report
How many employees are currently on probation?,headcount_report
Can you tell me the headcount for the legal team?,headcount_report
What is the headcount for the operations department?,headcount_report
How many employees are in the talent acquisition team?,headcount_report
Can you provide the headcount for the product management team?,headcount_report
What is the headcount for the training and development department?,headcount_report
How many employees are currently working on projects?,headcount_report
What is the headcount for the communications team?,headcount_report
Can you give me the headcount for the supply chain department?,headcount_report
What is the headcount for the quality assurance team?,headcount_report
How many employees are in the business development department?,headcount_report
Can you provide the headcount for the strategy team?,headcount_report
What is the headcount for the administrative staff?,headcount_report
How many employees are currently working in the field?,headcount_report
Can you tell me the headcount for the design team?,headcount_report
What is the headcount for the project management office?,headcount_report
How many employees are currently in leadership roles?,headcount_report
Can you provide the headcount for the analytics team?,headcount_report
What is the headcount for the user experience team?,headcount_report
How many employees are currently in the onboarding process?,headcount_report
Can you give me the headcount for the partnerships team?,headcount_report
What is the current headcount in the company?,headcount_report
Can you provide the latest headcount report?,headcount_report
How many employees are currently in the marketing department?,headcount_report
What is the total number of employees as of this month?,headcount_report
Show me the headcount breakdown by department.,headcount_report
What is the headcount trend over the past year?,headcount_report
How many new hires have we had this quarter?,headcount_report
What is the headcount for remote employees?,headcount_report
Can I get the headcount numbers for last year?,headcount_report
What is the current headcount for full-time employees?,headcount_report
How many employees are on leave right now?,headcount_report
What is the total headcount in the IT department?,headcount_report
Can you tell me the headcount for part-time employees?,headcount_report
What is the headcount for interns in the company?,headcount_report
How many employees are there in the sales team?,headcount_report
What is the headcount for the HR department?,headcount_report
Can you provide the headcount for the finance team?,headcount_report
What is the current headcount for contractors?,headcount_report
How many employees have left the company this year?,headcount_report
What is the headcount for employees in different locations?,headcount_report
Can you give me the headcount for each office location?,headcount_report
What is the headcount for employees over 50 years old?,headcount_report
How many employees are in the engineering department?,headcount_report
What is the headcount for employees with remote work arrangements?,headcount_report
Can you show me the headcount by gender?,headcount_report
What is the current headcount for the customer service team?,headcount_report
How many employees are currently on probation?,headcount_report
What is the headcount for employees with more than 5 years of service?,headcount_report
Can you provide the headcount for the research and development team?,headcount_report
What is the current headcount for the legal department?,headcount_report
How many employees are in the operations department?,headcount_report
What is the headcount for employees who are veterans?,headcount_report
Can you tell me the headcount for employees in leadership roles?,headcount_report
What is the headcount for employees in training programs?,headcount_report
How many employees are currently working on-site?,headcount_report
What is the headcount for employees who are part of unions?,headcount_report
Can you provide the headcount for seasonal employees?,headcount_report
What is the headcount for employees in different age groups?,headcount_report
How many employees are currently working overtime?,headcount_report
What is the headcount for employees who are working part-time?,headcount_report
Can you show me the headcount for employees with disabilities?,headcount_report
What is the headcount for employees with advanced degrees?,headcount_report
How many employees are currently in training?,headcount_report
What is the headcount for employees in the creative department?,headcount_report
Can you provide the headcount for employees in the supply chain?,headcount_report
What is the headcount for employees who are currently in maternity leave?,headcount_report
How many employees are currently in the project management team?,headcount_report
What is the headcount for employees who are working from home?,headcount_report
Can you show me the headcount for employees in the training and development team?,headcount_report
What is the headcount for employees who are in sales roles?,headcount_report
How many employees are currently in the quality assurance team?,headcount_report
What is the headcount for employees in the product management team?,headcount_report
What is the current headcount in the company?,headcount_report
Can you provide the latest headcount report?,headcount_report
How many employees are in the marketing department?,headcount_report
What is the total number of staff in our organization?,headcount_report
Please tell me the headcount for the sales team.,headcount_report
How many people are currently employed in IT?,headcount_report
Can I get a breakdown of headcount by department?,headcount_report
What is the headcount trend over the past year?,headcount_report
How many new hires have we had this month?,headcount_report
What is the headcount for remote employees?,headcount_report
Can you show me the headcount statistics for Q1?,headcount_report
What is the total headcount as of today?,headcount_report
How many employees are on leave right now?,headcount_report
What is the headcount in the finance department?,headcount_report
Can you provide the headcount for part-time employees?,headcount_report
What is the headcount for contractors?,headcount_report
How many employees have left the company this year?,headcount_report
What is the current headcount in the HR department?,headcount_report
Can you give me the headcount for interns?,headcount_report
What is the total number of employees in the company by location?,headcount_report
How many employees are eligible for retirement this year?,headcount_report
What is the average headcount over the last five years?,headcount_report
Can you provide the headcount for each office location?,headcount_report
What is the headcount for employees in training?,headcount_report
How many employees are currently in the onboarding process?,headcount_report
What is the headcount for the engineering team?,headcount_report
Can you show me the headcount by gender?,headcount_report
What is the headcount for senior management?,headcount_report
How many employees are working on projects remotely?,headcount_report
What is the headcount for the customer support team?,headcount_report
Can you provide a summary of headcount changes this quarter?,headcount_report
What is the headcount for employees with more than five years of service?,headcount_report
How many employees are currently on probation?,headcount_report
What is the headcount for employees in different age groups?,headcount_report
Can you provide the headcount for the research and development team?,headcount_report
How many employees are currently working part-time?,headcount_report
What is the headcount for employees in leadership positions?,headcount_report
Can you show me the headcount for the last payroll period?,headcount_report
What is the headcount for employees with advanced degrees?,headcount_report
How many employees are currently in the talent acquisition pipeline?,headcount_report
What are the public holidays for this year?,holiday_calendar
Can you provide the holiday calendar for 2024?,holiday_calendar
What holidays do we have in December?,holiday_calendar
List all the federal holidays in the United States.,holiday_calendar
Are there any holidays in the month of May?,holiday_calendar
What is the holiday schedule for our office?,holiday_calendar
When is the next public holiday?,holiday_calendar
Can you tell me the holidays in the UK for 2023?,holiday_calendar
What are the observed holidays for this month?,holiday_calendar
Show me the holiday calendar for my region.,holiday_calendar
What holidays do we have in January?,holiday_calendar
Are there any holidays in the first quarter of the year?,holiday_calendar
What is the holiday calendar for our company?,holiday_calendar
List the holidays for the next quarter.,holiday_calendar
What are the major holidays in Canada?,holiday_calendar
When is Labor Day this year?,holiday_calendar
What holidays are celebrated in Australia?,holiday_calendar
Can you provide a list of all national holidays?,holiday_calendar
What holidays are recognized in my state?,holiday_calendar
When is Thanksgiving this year?,holiday_calendar
What holidays are in the month of August?,holiday_calendar
List all the holidays in the second half of the year.,holiday_calendar
What are the holidays for the month of April?,holiday_calendar
Can you tell me the holiday schedule for 2025?,holiday_calendar
What holidays do we have in February?,holiday_calendar
Are there any holidays in the month of March?,holiday_calendar
What are the holidays in the month of November?,holiday_calendar
When is New Year's Day this year?,holiday_calendar
What holidays are celebrated in India?,holiday_calendar
Can you provide the holiday calendar for the next year?,holiday_calendar
What holidays do we have in September?,holiday_calendar
List the holidays for the month of June.,holiday_calendar
What are the holidays in the month of October?,holiday_calendar
When is Christmas this year?,holiday_calendar
What are the holidays for the month of July?,holiday_calendar
Can you tell me the holiday dates for 2023?,holiday_calendar
What are the holidays in the month of February?,holiday_calendar
List all the holidays in the first half of the year.,holiday_calendar
What holidays are recognized in Europe?,holiday_calendar
When is Memorial Day this year?,holiday_calendar
What holidays do we have in the month of May?,holiday_calendar
Can you provide a list of holidays for 2023?,holiday_calendar
What are the holidays in the month of March?,holiday_calendar
When is the next holiday after this weekend?,holiday_calendar
What are the holidays for the month of December?,holiday_calendar
Can you tell me the holiday schedule for this month?,holiday_calendar
What holidays are celebrated in the Middle East?,holiday_calendar
List the holidays for the month of September.,holiday_calendar
What are the holidays for the month of October?,holiday_calendar
When is Easter this year?,holiday_calendar
What are the holidays in the month of November?,holiday_calendar
Can you provide the holiday calendar for my department?,holiday_calendar
What are the public holidays for this year?,holiday_calendar
Can you provide the holiday schedule for 2023?,holiday_calendar
When is the next public holiday?,holiday_calendar
List all holidays for this month.,holiday_calendar
What holidays do we have in December?,holiday_calendar
Are there any holidays in the first quarter of the year?,holiday_calendar
What is the holiday calendar for our company?,holiday_calendar
Can you tell me the dates of the national holidays?,holiday_calendar
What holidays are observed in my region?,holiday_calendar
Show me the holiday calendar for 2024.,holiday_calendar
When is Labor Day this year?,holiday_calendar
What are the holidays in the summer months?,holiday_calendar
Can you list the federal holidays?,holiday_calendar
What are the company holidays for 2023?,holiday_calendar
When is Thanksgiving this year?,holiday_calendar
Are there any holidays in January?,holiday_calendar
What holidays are celebrated in my country?,holiday_calendar
Can you provide a list of all holidays for this year?,holiday_calendar
What is the holiday schedule for next year?,holiday_calendar
When is the next long weekend?,holiday_calendar
What holidays do we have in the fall?,holiday_calendar
Can you tell me the holiday dates for this month?,holiday_calendar
What are the important holidays in 2023?,holiday_calendar
When is the next holiday after this weekend?,holiday_calendar
What holidays are there in February?,holiday_calendar
List all the holidays in the second half of the year.,holiday_calendar
What is the holiday schedule for the upcoming months?,holiday_calendar
When is New Year's Day this year?,holiday_calendar
Are there any holidays in March?,holiday_calendar
What holidays are celebrated in April?,holiday_calendar
Can you tell me about the holiday observances for this year?,holiday_calendar
What are the holidays in the last quarter of the year?,holiday_calendar
When is the next bank holiday?,holiday_calendar
What holidays do we have in May?,holiday_calendar
Can you provide the list of holidays for the current year?,holiday_calendar
What are the key holidays in June?,holiday_calendar
When is the next public holiday after this month?,holiday_calendar
What holidays are observed in the workplace?,holiday_calendar
Can you show me the holiday calendar for employees?,holiday_calendar
What are the holidays in the month of November?,holiday_calendar
When is the next holiday for our team?,holiday_calendar
What holidays are there in the month of October?,holiday_calendar
Can you tell me the dates for the upcoming holidays?,holiday_calendar
What are the holidays in the month of September?,holiday_calendar
When is the next holiday after the summer?,holiday_calendar
What are the holidays in the month of August?,holiday_calendar
Can you provide information on the holiday calendar?,holiday_calendar
What are the holidays in the current quarter?,holiday_calendar
When is the next holiday break?,holiday_calendar
What holidays are there in the month of July?,holiday_calendar
Can you list the holidays for the next few months?,holiday_calendar
What are the significant holidays for this year?,holiday_calendar
What are the public holidays for this year?,holiday_calendar
Can you provide the holiday schedule for 2023?,holiday_calendar
What days are considered holidays in our company?,holiday_calendar
List all the holidays for the current year.,holiday_calendar
When is the next public holiday?,holiday_calendar
What is the holiday calendar for 2024?,holiday_calendar
Are there any holidays in December?,holiday_calendar
What holidays do we have in the first quarter?,holiday_calendar
Can you tell me the holiday dates for this month?,holiday_calendar
What are the national holidays in our region?,holiday_calendar
How many holidays do we have this year?,holiday_calendar
What is the holiday policy for our company?,holiday_calendar
Are there any holidays in May?,holiday_calendar
When is Labor Day this year?,holiday_calendar
What holidays are observed in July?,holiday_calendar
Can you show me the holiday list for 2025?,holiday_calendar
What are the holidays in the second half of the year?,holiday_calendar
When do we celebrate Thanksgiving this year?,holiday_calendar
What is the holiday schedule for the upcoming year?,holiday_calendar
List all the federal holidays for this year.,holiday_calendar
What holidays do we have in the fall?,holiday_calendar
Can you provide a list of holidays for our office?,holiday_calendar
What are the key holidays in our country?,holiday_calendar
When is the next long weekend?,holiday_calendar
What holidays are celebrated in August?,holiday_calendar
Can you tell me the holiday dates for next year?,holiday_calendar
What holidays are there in the spring?,holiday_calendar
When is New Year's Day this year?,holiday_calendar
What holidays do we have in February?,holiday_calendar
Are there any holidays in April?,holiday_calendar
What is the holiday calendar for employees?,holiday_calendar
Can you list the holidays for the last quarter?,holiday_calendar
What holidays are celebrated in our industry?,holiday_calendar
When is the next holiday after this month?,holiday_calendar
What are the holidays in the winter season?,holiday_calendar
Can you provide the holiday dates for the next five years?,holiday_calendar
What holidays are observed on the first Monday of September?,holiday_calendar
When is Christmas this year?,holiday_calendar
What holidays do we have in the summer?,holiday_calendar
Are there any holidays in January?,holiday_calendar
What is the holiday schedule for the next quarter?,holiday_calendar
Can you tell me the holidays in our state?,holiday_calendar
What are the public holidays in the month of March?,holiday_calendar
When is the next holiday after Labor Day?,holiday_calendar
What are the holidays in the month of November?,holiday_calendar
Can you provide the holiday list for the current fiscal year?,holiday_calendar
What are the holidays in our local area?,holiday_calendar
When is the next federal holiday?,holiday_calendar
What holidays do we have in the year 2026?,holiday_calendar
Are there any holidays in the month of June?,holiday_calendar
What is the holiday calendar for remote employees?,holiday_calendar
Can you tell me the holiday schedule for the upcoming quarter?,holiday_calendar
What are the holidays in the month of October?,holiday_calendar
What are the public holidays for this year?,holiday_calendar
Can you provide the holiday schedule for 2024?,holiday_calendar
What holidays do we have in December?,holiday_calendar
List all the holidays in the first quarter of the year.,holiday_calendar
Are there any holidays in May?,holiday_calendar
What is the holiday calendar for my department?,holiday_calendar
When is the next public holiday?,holiday_calendar
Can you tell me the holidays in the UK for this year?,holiday_calendar
What are the official holidays in our company?,holiday_calendar
Show me the holiday calendar for 2023.,holiday_calendar
What days are considered holidays in our region?,holiday_calendar
Are there any holidays in July?,holiday_calendar
What is the holiday schedule for the next quarter?,holiday_calendar
Can you provide a list of all holidays for this year?,holiday_calendar
What holidays do we observe in the company?,holiday_calendar
When is Labor Day this year?,holiday_calendar
What holidays are coming up next month?,holiday_calendar
Can I see the holiday calendar for the next year?,holiday_calendar
What are the national holidays in my country?,holiday_calendar
Are there any holidays in November?,holiday_calendar
What holidays do we have in August?,holiday_calendar
Can you list the holidays for the current month?,holiday_calendar
What is the holiday calendar for the fiscal year?,holiday_calendar
When is Thanksgiving this year?,holiday_calendar
What holidays are recognized by the company?,holiday_calendar
Can you tell me the holiday dates for this month?,holiday_calendar
What are the holidays in the second half of the year?,holiday_calendar
Are there any holidays in September?,holiday_calendar
What is the holiday schedule for the summer?,holiday_calendar
Can you provide the holiday list for the next two years?,holiday_calendar
What holidays do we have in January?,holiday_calendar
When is the next long weekend?,holiday_calendar
What are the holidays in the spring?,holiday_calendar
Can you tell me about the holidays in my state?,holiday_calendar
What are the holidays in October?,holiday_calendar
When is New Year's Day this year?,holiday_calendar
What are the holidays for the month of March?,holiday_calendar
Are there any holidays in February?,holiday_calendar
What holidays do we have in the fall?,holiday_calendar
Can you show me the holiday calendar for 2025?,holiday_calendar
What are the holidays in the last quarter of the year?,holiday_calendar
When is Christmas this year?,holiday_calendar
What are the holidays in the summer months?,holiday_calendar
Can you provide the holiday dates for the upcoming year?,holiday_calendar
What holidays do we have in April?,holiday_calendar
When is the next federal holiday?,holiday_calendar
What are the holidays in the winter?,holiday_calendar
Can you tell me the holiday dates for the next month?,holiday_calendar
What holidays are celebrated in our office?,holiday_calendar
Are there any holidays in the current month?,holiday_calendar
What is the holiday schedule for the end of the year?,holiday_calendar
When is the next holiday after this weekend?,holiday_calendar
What are the holidays in the last month of the year?,holiday_calendar
What are the public holidays for this year?,holiday_calendar
Can you provide the holiday schedule for 2023?,holiday_calendar
List all the holidays in the company calendar.,holiday_calendar
What is the holiday policy for this organization?,holiday_calendar
When is the next public holiday?,holiday_calendar
Show me the holiday dates for this month.,holiday_calendar
What holidays do we have in December?,holiday_calendar
Are there any holidays in November?,holiday_calendar
What are the national holidays in my region?,holiday_calendar
Can you tell me the holiday dates for 2024?,holiday_calendar
What is the holiday schedule for the upcoming year?,holiday_calendar
How many holidays do we have in the first quarter?,holiday_calendar
What holidays are observed in our company?,holiday_calendar
Can you list the holidays in the next quarter?,holiday_calendar
What are the official holidays for this month?,holiday_calendar
When do we have our next long weekend?,holiday_calendar
What are the holidays in the summer?,holiday_calendar
List all the holidays for the current year.,holiday_calendar
What holidays are recognized by the company?,holiday_calendar
Can you tell me the holiday calendar for 2025?,holiday_calendar
What are the key holidays in our industry?,holiday_calendar
Are there any holidays in January?,holiday_calendar
What is the holiday schedule for the month of May?,holiday_calendar
When is Labor Day this year?,holiday_calendar
What are the holidays in the fall season?,holiday_calendar
Can you provide details about the holiday observances?,holiday_calendar
What is the holiday calendar for remote employees?,holiday_calendar
What holidays do we have in the first half of the year?,holiday_calendar
Are there any additional holidays for this year?,holiday_calendar
What are the holidays in the last quarter?,holiday_calendar
Can you show me the holiday list for employees?,holiday_calendar
What are the holidays in the month of April?,holiday_calendar
When is the next federal holiday?,holiday_calendar
What holidays are celebrated in our office?,holiday_calendar
Can you tell me the holiday dates for the next year?,holiday_calendar
What are the holidays in the month of February?,holiday_calendar
When is Thanksgiving this year?,holiday_calendar
What are the holidays in March?,holiday_calendar
Can you provide the holiday calendar for part-time employees?,holiday_calendar
What are the holidays in the company for 2023?,holiday_calendar
When do we celebrate New Year's Day?,holiday_calendar
What are the holidays in the month of August?,holiday_calendar
Can you list the holidays for the last month of the year?,holiday_calendar
What are the holidays in the month of September?,holiday_calendar
When is the next holiday weekend?,holiday_calendar
What are the holidays in October?,holiday_calendar
Can you tell me about the holiday observances in our company?,holiday_calendar
What are the holidays in the month of June?,holiday_calendar
When is the next holiday after this month?,holiday_calendar
What holidays do we have in the year 2026?,holiday_calendar
Can you provide the list of holidays for this organization?,holiday_calendar
What are the holidays in the month of July?,holiday_calendar
When is the next observed holiday?,holiday_calendar
What are the holidays in the month of May?,holiday_calendar
What are the public holidays for this year?,holiday_calendar
Can you provide the holiday schedule for 2024?,holiday_calendar
What is the holiday calendar for our company?,holiday_calendar
Are there any upcoming holidays this month?,holiday_calendar
What holidays do we have in December?,holiday_calendar
List all the holidays in the first quarter of the year.,holiday_calendar
When is the next public holiday?,holiday_calendar
What holidays are observed in my region?,holiday_calendar
Can you tell me the holiday dates for 2023?,holiday_calendar
What are the national holidays in my country?,holiday_calendar
How many holidays do we have in total this year?,holiday_calendar
What is the holiday policy for our organization?,holiday_calendar
Are there any holidays in November?,holiday_calendar
Can you show me the holiday calendar for the current year?,holiday_calendar
What holidays are celebrated in January?,holiday_calendar
When is Labor Day this year?,holiday_calendar
What are the holidays in the summer months?,holiday_calendar
Can you provide a list of all federal holidays?,holiday_calendar
What is the holiday schedule for the next year?,holiday_calendar
Are there any holidays in February?,holiday_calendar
What holidays do we have in the fall?,holiday_calendar
When is Thanksgiving this year?,holiday_calendar
What are the major holidays in our company?,holiday_calendar
Can you tell me about the holiday observances for this month?,holiday_calendar
What is the holiday calendar for 2025?,holiday_calendar
What holidays do we have in March?,holiday_calendar
When is the next long weekend due to holidays?,holiday_calendar
What are the holidays in April?,holiday_calendar
Can you list the holidays in the second half of the year?,holiday_calendar
What holidays are celebrated in May?,holiday_calendar
When is New Year's Day this year?,holiday_calendar
What are the holidays in October?,holiday_calendar
Can you give me the holiday schedule for the next quarter?,holiday_calendar
What are the holidays in the last month of the year?,holiday_calendar
When is the next holiday after this weekend?,holiday_calendar
What holidays do we have in June?,holiday_calendar
Can I view my latest payslip?,payslip_request
How do I access my payslip for this month?,payslip_request
Where can I find my payslip from last month?,payslip_request
I need a copy of my payslip for tax purposes.,payslip_request
Is my payslip available online?,payslip_request
Can you help me find my payslip for January?,payslip_request
What is the process to retrieve my payslip?,payslip_request
I want to check my payslip details.,payslip_request
How can I download my payslip?,payslip_request
Do I have access to my payslip history?,payslip_request
Can I see my payslip for the last quarter?,payslip_request
Where do I go to view my payslip?,payslip_request
Can I get a digital copy of my payslip?,payslip_request
How can I view my payslip online?,payslip_request
I need to review my payslip from February.,payslip_request
Can I check my payslip for this pay period?,payslip_request
Where can I find my payslip for the current month?,payslip_request
How do I access my previous payslips?,payslip_request
Can you show me my payslip for March?,payslip_request
I want to retrieve my payslip for the last pay period.,payslip_request
What information is included in my payslip?,payslip_request
Can I view my payslip details from the app?,payslip_request
How do I obtain a copy of my payslip?,payslip_request
Where can I check my payslip for April?,payslip_request
Can I access my payslip through the employee portal?,payslip_request
I need to see my payslip for the last year.,payslip_request
How can I find my payslip for the last month?,payslip_request
Can you help me locate my payslip for May?,payslip_request
What steps do I need to take to view my payslip?,payslip_request
Is there a way to print my payslip?,payslip_request
Can I request a copy of my payslip via email?,payslip_request
Where do I look for my payslip details?,payslip_request
Can I see my payslip for the month of June?,payslip_request
How do I check my payslip for the current pay period?,payslip_request
Can I view my payslip on my mobile device?,payslip_request
I need to access my payslip for July.,payslip_request
What is the link to view my payslip?,payslip_request
Can I find my payslip for August online?,payslip_request
How can I check my payslip for September?,payslip_request
Can you guide me to my payslip for October?,payslip_request
Where can I find my payslip for November?,payslip_request
I want to see my payslip for December.,payslip_request
How do I retrieve my payslip from last year?,payslip_request
Can I view my payslip for the last six months?,payslip_request
Is my payslip available in the HR system?,payslip_request
Can I check my payslip details anytime?,payslip_request
How do I access my payslip summary?,payslip_request
Can I download my payslip for review?,payslip_request
Where do I find my payslip for the last pay cycle?,payslip_request
Can I see my payslip for the previous month?,payslip_request
How can I view my payslip for the last two months?,payslip_request
Can I access my payslip records online?,payslip_request
What should I do if I can't find my payslip?,payslip_request
Can I see my latest payslip?,payslip_request
How do I access my payslip?,payslip_request
Where can I find my payslip for last month?,payslip_request
I need a copy of my payslip for this month.,payslip_request
What is the process to view my payslip?,payslip_request
Can you help me retrieve my payslip?,payslip_request
I want to check my payslip details.,payslip_request
How can I download my payslip?,payslip_request
Is my payslip available online?,payslip_request
Can I get a summary of my payslip?,payslip_request
Where do I go to view my payslip?,payslip_request
Can I request my payslip for the last quarter?,payslip_request
What information is included in my payslip?,payslip_request
How often are payslips issued?,payslip_request
Can I view my payslip history?,payslip_request
What date is my payslip released?,payslip_request
How can I check my payslip online?,payslip_request
Do I need to log in to see my payslip?,payslip_request
Can you show me my payslip from last year?,payslip_request
Where can I find my payslip for the current year?,payslip_request
Can I view my payslip on my mobile device?,payslip_request
What should I do if I can't find my payslip?,payslip_request
Can I get my payslip emailed to me?,payslip_request
How do I verify my payslip information?,payslip_request
Is there a way to print my payslip?,payslip_request
Can I access my payslip from home?,payslip_request
What if I have questions about my payslip?,payslip_request
Can I see my payslip for the last pay period?,payslip_request
How do I know if my payslip is correct?,payslip_request
Can I view payslips for my team members?,payslip_request
What is the deadline to view my payslip?,payslip_request
How can I check for deductions on my payslip?,payslip_request
Can I see a breakdown of my payslip?,payslip_request
Where do I find the payslip archive?,payslip_request
Can I request a payslip for a specific month?,payslip_request
How do I access payslip information from the portal?,payslip_request
Is there a mobile app to view my payslip?,payslip_request
Can I check my payslip details anytime?,payslip_request
What if my payslip is missing?,payslip_request
How do I get help with my payslip questions?,payslip_request
Can I see my payslip before payday?,payslip_request
What do I do if my payslip has errors?,payslip_request
How can I find my payslip for tax purposes?,payslip_request
Can I view my payslip without logging in?,payslip_request
What is the link to access my payslip?,payslip_request
Can I see my payslip for the last six months?,payslip_request
How do I navigate to my payslip on the website?,payslip_request
Can I compare my payslips from different months?,payslip_request
Where can I find payslip FAQs?,payslip_request
Can I view my payslip in different formats?,payslip_request
What should I do if I can't access my payslip?,payslip_request
Can I get a copy of my latest payslip?,payslip_request
How do I access my payslip for this month?,payslip_request
Where can I find my payslip for last month?,payslip_request
I need to view my payslip from January.,payslip_request
Could you send me my payslip for February?,payslip_request
Is my payslip available online?,payslip_request
What is the process to retrieve my payslip?,payslip_request
Can you help me locate my payslip for March?,payslip_request
I want to see my payslip for the last pay period.,payslip_request
How can I download my payslip?,payslip_request
Please provide my payslip for April.,payslip_request
I need access to my payslip from last year.,payslip_request
Where do I find my payslip for the current month?,payslip_request
Can I view my payslip online?,payslip_request
What date will my payslip be available?,payslip_request
Can you show me my payslip history?,payslip_request
How do I retrieve my payslip for the last quarter?,payslip_request
I need a copy of my payslip for tax purposes.,payslip_request
Can I get my payslip emailed to me?,payslip_request
What information is included in my payslip?,payslip_request
How can I check my payslip details?,payslip_request
Where can I download my payslip?,payslip_request
Can I access my payslip from the employee portal?,payslip_request
What is the link to view my payslip?,payslip_request
Can I see my payslip for the last six months?,payslip_request
How do I find my payslip for the previous month?,payslip_request
Can you provide my payslip for the last pay cycle?,payslip_request
I need to check my payslip for discrepancies.,payslip_request
When will my payslip be ready for this month?,payslip_request
Can I view my payslip on my phone?,payslip_request
Where is my payslip for the month of May?,payslip_request
Can you guide me on how to access my payslip?,payslip_request
What should I do if I can't find my payslip?,payslip_request
Can I request a physical copy of my payslip?,payslip_request
How do I verify my payslip information?,payslip_request
Can you help me with my payslip query?,payslip_request
Where can I see my payslip details?,payslip_request
Can I get a summary of my payslip?,payslip_request
How do I access my payslip archive?,payslip_request
Can I view my payslip for the year 2022?,payslip_request
What is the deadline to access my payslip?,payslip_request
Can I check my payslip for overtime pay?,payslip_request
Where do I go to find my payslip?,payslip_request
Can I see my payslip for the month of June?,payslip_request
How can I print my payslip?,payslip_request
Can you tell me when my payslip will be issued?,payslip_request
What do I do if my payslip is incorrect?,payslip_request
Can I access my payslip from a different device?,payslip_request
How do I download my payslip as a PDF?,payslip_request
Can I get my payslip for the month of July?,payslip_request
Where can I find the payslip for my last paycheck?,payslip_request
Can I view my payslip for the month of August?,payslip_request
What steps do I take to retrieve my payslip?,payslip_request
Can you show me my latest payslip?,payslip_request
I would like to see my payslip for last month.,payslip_request
How can I access my payslip online?,payslip_request
Please provide my payslip for the month of September.,payslip_request
Where can I find my payslip for this month?,payslip_request
I need a copy of my payslip from July.,payslip_request
Can you help me retrieve my payslip?,payslip_request
What is the process to get my payslip?,payslip_request
Show me my payslip for the current pay period.,payslip_request
I want to download my payslip for August.,payslip_request
Can I view my payslip history?,payslip_request
How do I get my payslip for this year?,payslip_request
I need to check my payslip details.,payslip_request
Where can I view my payslip online?,payslip_request
Can you send me my payslip for October?,payslip_request
What are the steps to access my payslip?,payslip_request
I want to see my payslip for the last quarter.,payslip_request
Can you provide my payslip for the last pay period?,payslip_request
How can I view my payslip from the employee portal?,payslip_request
Please show me my payslip for this month.,payslip_request
I need to access my payslip for verification.,payslip_request
Can I get a PDF version of my payslip?,payslip_request
How do I find my payslip for the last financial year?,payslip_request
Where do I go to download my payslip?,payslip_request
Can you help me locate my payslip for June?,payslip_request
What is the link to access my payslip?,payslip_request
I need to retrieve my payslip for tax purposes.,payslip_request
Can I see my payslip for the last month?,payslip_request
How do I check my payslip details online?,payslip_request
Please provide me with my payslip for November.,payslip_request
Can you show me my payslip for the last two months?,payslip_request
I want to access my payslip from the HR system.,payslip_request
How can I find my payslip for the current year?,payslip_request
Can you help me with my payslip request?,payslip_request
Where can I download my payslip for the last month?,payslip_request
I need to see my payslip for the previous pay period.,payslip_request
Can you provide a summary of my payslips?,payslip_request
How do I access my payslip archive?,payslip_request
I want to view my payslip for the last six months.,payslip_request
Can you send me a link to my payslip?,payslip_request
What do I need to do to access my payslip?,payslip_request
I need to check my payslip for discrepancies.,payslip_request
Can I view my payslip for the last year?,payslip_request
How can I get a copy of my payslip?,payslip_request
Please show me my payslip for December.,payslip_request
Can you help me find my payslip for the last pay cycle?,payslip_request
What is the easiest way to access my payslip?,payslip_request
I need to retrieve my payslip for my records.,payslip_request
Can you provide my payslip for the last two pay periods?,payslip_request
How do I view my payslip on the company portal?,payslip_request
Can I get a copy of my latest payslip?,payslip_request
How do I access my payslip for this month?,payslip_request
Where can I find my payslip for last month?,payslip_request
I need to view my payslip from March 2023.,payslip_request
Is my payslip available for download?,payslip_request
Can you send me my payslip for April 2023?,payslip_request
What is the process to retrieve my payslip?,payslip_request
Can I see my payslip history?,payslip_request
How do I get my payslip for the current pay period?,payslip_request
Where do I go to download my payslip?,payslip_request
I want to check my payslip for the last quarter.,payslip_request
Can I view my payslip online?,payslip_request
How can I access my payslip from the employee portal?,payslip_request
What information is included in my payslip?,payslip_request
Can I request a copy of my payslip via email?,payslip_request
How do I find my payslip for the year 2022?,payslip_request
Can you help me locate my payslip for this pay period?,payslip_request
Where can I view my payslip details?,payslip_request
What is the link to access my payslip?,payslip_request
Can I get a printed version of my payslip?,payslip_request
How do I download my payslip as a PDF?,payslip_request
Can I check my payslip on my mobile app?,payslip_request
What should I do if I can't find my payslip?,payslip_request
Is there a way to view my payslip from previous years?,payslip_request
Can I access my payslip from my work email?,payslip_request
How often are payslips issued?,payslip_request
Can I see a breakdown of my payslip?,payslip_request
What do I do if my payslip is incorrect?,payslip_request
Where can I find the payslip for my last paycheck?,payslip_request
Can I view my payslip on the company website?,payslip_request
How do I retrieve my payslip for tax purposes?,payslip_request
Can I access my payslip from the HR system?,payslip_request
What is the deadline to view my payslip?,payslip_request
Can I request a duplicate of my payslip?,payslip_request
How do I find my payslip if I missed it?,payslip_request
Can I get my payslip for the last six months?,payslip_request
What details are on my payslip?,payslip_request
How do I check my payslip if I'm on leave?,payslip_request
Can I view my payslip from a different device?,payslip_request
Is there a mobile app for accessing my payslip?,payslip_request
Can I see my payslip for the last pay period?,payslip_request
How can I verify my payslip information?,payslip_request
Can I get a summary of my payslip?,payslip_request
Where do I find my payslip for this year?,payslip_request
Can I access my payslip from home?,payslip_request
What is the format of my payslip?,payslip_request
Can I view my payslip without logging in?,payslip_request
How do I get assistance with my payslip?,payslip_request
Can I check my payslip details anytime?,payslip_request
How do I report an issue with my payslip?,payslip_request
Can you show me my latest payslip?,payslip_request
I need to view my payslip for last month.,payslip_request
How can I access my payslip?,payslip_request
What is the process to get my payslip?,payslip_request
Please provide my payslip for this month.,payslip_request
Where can I find my payslip?,payslip_request
I would like to see my payslip from July.,payslip_request
Can I get a copy of my payslip for the last pay period?,payslip_request
Show me my payslip for the current month.,payslip_request
How do I retrieve my payslip?,payslip_request
I want to check my payslip details.,payslip_request
Can you help me find my payslip?,payslip_request
What are the steps to access my payslip online?,payslip_request
I need to download my payslip for this month.,payslip_request
Where do I go to view my payslip?,payslip_request
Can you provide the link to my payslip?,payslip_request
I want to review my payslip for August.,payslip_request
How can I get a digital copy of my payslip?,payslip_request
Please send me my payslip for the last quarter.,payslip_request
Can I see my payslip history?,payslip_request
What information is included in my payslip?,payslip_request
Can I access my payslip through the employee portal?,payslip_request
How do I view my payslip for the previous month?,payslip_request
I need to check my payslip for tax purposes.,payslip_request
Can you tell me when my payslip will be available?,payslip_request
I want to see my payslip for the month of September.,payslip_request
Where can I find the payslip archive?,payslip_request
Can I view my payslip on my mobile device?,payslip_request
I need to access my payslip for verification.,payslip_request
How can I print my payslip?,payslip_request
Can you guide me to my payslip section?,payslip_request
I want to check my payslip for the last pay cycle.,payslip_request
What do I need to do to get my payslip?,payslip_request
Can I request a payslip for a specific date?,payslip_request
I need my payslip for the last two months.,payslip_request
How can I access my payslip if I'm working remotely?,payslip_request
Can I view my payslip without logging in?,payslip_request
I want to see my payslip breakdown.,payslip_request
Can you help me find my payslip for October?,payslip_request
What should I do if I can't find my payslip?,payslip_request
Can you show me my payslip summary?,payslip_request
I need to verify my payslip information.,payslip_request
How do I access my payslip from last year?,payslip_request
Can you provide my payslip for the last payment?,payslip_request
I want to check if my payslip is available.,payslip_request
What tax documents do I need for this year?,tax_documents
Can you provide information on my W-2 form?,tax_documents
How do I access my tax documents online?,tax_documents
Where can I find my 1099 form?,tax_documents
What is the deadline for submitting tax documents?,tax_documents
Can you explain the difference between a W-2 and a 1099?,tax_documents
How can I get a copy of my previous year's tax documents?,tax_documents
What tax documents does the company provide?,tax_documents
Are there any tax documents I need to fill out for my bonus?,tax_documents
When will my tax documents be available for download?,tax_documents
Can I receive my tax documents via email?,tax_documents
What should I do if I haven't received my tax documents yet?,tax_documents
Where can I find instructions for filling out my tax documents?,tax_documents
What is the process for requesting missing tax documents?,tax_documents
Can you tell me about the tax implications of my stock options?,tax_documents
How do I report my freelance income on my tax documents?,tax_documents
What tax documents do I need to file for my side job?,tax_documents
Is there a way to track the status of my tax documents?,tax_documents
What information is included in my tax documents?,tax_documents
Can I get assistance with understanding my tax documents?,tax_documents
What happens if I lose my tax documents?,tax_documents
How do I update my address for tax document purposes?,tax_documents
What are the tax document requirements for new employees?,tax_documents
Can you provide a summary of tax documents I should keep?,tax_documents
What is the purpose of the tax documents I receive from HR?,tax_documents
How do I know if my tax documents are correct?,tax_documents
What tax documents do I need for a mortgage application?,tax_documents
Can I access my tax documents from a mobile device?,tax_documents
What should I do if my tax documents have errors?,tax_documents
Are tax documents available in multiple languages?,tax_documents
What is the timeline for receiving tax documents after employment ends?,tax_documents
Can I request a reissue of my tax documents?,tax_documents
What tax documents do I need for filing my taxes as a student?,tax_documents
How can I verify my income on my tax documents?,tax_documents
What tax documents are required for international employees?,tax_documents
Can you explain how to read my tax documents?,tax_documents
What should I do if I receive a tax document with incorrect information?,tax_documents
What are the common tax documents I should be aware of?,tax_documents
How do I report foreign income on my tax documents?,tax_documents
What tax documents do I need for claiming deductions?,tax_documents
Can I get help with understanding tax document terminology?,tax_documents
What tax documents are necessary for retirement accounts?,tax_documents
How do I keep track of my tax documents throughout the year?,tax_documents
What tax documents do I need to provide for health insurance?,tax_documents
Can you help me find my tax documents from last year?,tax_documents
What tax documents are needed for filing jointly with a spouse?,tax_documents
How do I handle tax documents if I moved states?,tax_documents
What tax documents are required for claiming a dependent?,tax_documents
Can I get a summary of my tax documents for the past few years?,tax_documents
What tax documents do I need to submit for a tax refund?,tax_documents
How do I know if my tax documents are up to date?,tax_documents
What tax documents should I keep for my records?,tax_documents
What tax documents do I need to submit for this year?,tax_documents
Can you provide information on how to access my tax documents?,tax_documents
Where can I find my W-2 form?,tax_documents
How do I download my tax documents from the employee portal?,tax_documents
What is the deadline for submitting tax documents?,tax_documents
Can you explain what a 1099 form is?,tax_documents
Where can I get a copy of my previous year's tax documents?,tax_documents
What tax documents are required for filing my taxes?,tax_documents
How can I request a reissue of my tax documents?,tax_documents
Are there any tax documents I should keep for future reference?,tax_documents
What should I do if I haven't received my tax documents yet?,tax_documents
Can you tell me about the tax document policies at our company?,tax_documents
How do I access my tax documents if I am a remote employee?,tax_documents
What is the process for obtaining tax documents after leaving the company?,tax_documents
Can you help me understand the different types of tax documents I might receive?,tax_documents
Where can I find instructions for filling out my tax documents?,tax_documents
What tax documents are needed for a mortgage application?,tax_documents
How often are tax documents updated in the employee portal?,tax_documents
Can I view my tax documents from previous years online?,tax_documents
What do I do if my tax documents contain errors?,tax_documents
Is there a way to track the status of my tax documents?,tax_documents
What happens if I lose my tax documents?,tax_documents
Can I receive my tax documents via email?,tax_documents
What is the difference between a W-2 and a 1099 form?,tax_documents
Where should I send my tax documents once completed?,tax_documents
What tax documents do I need for claiming deductions?,tax_documents
How can I access my tax documents if I forgot my password?,tax_documents
Are tax documents available in multiple languages?,tax_documents
What should I do if I have not received my 1099 form?,tax_documents
Can I view my tax documents on my mobile device?,tax_documents
What tax documents do independent contractors need?,tax_documents
How do I find out if my tax documents have been processed?,tax_documents
What is the importance of keeping tax documents?,tax_documents
Can I request a summary of my tax documents?,tax_documents
What tax documents are necessary for filing as a married couple?,tax_documents
How do I know if I need to file additional tax documents?,tax_documents
What tax documents are required for international employees?,tax_documents
Can I get assistance with understanding my tax documents?,tax_documents
What tax documents should I keep for my records?,tax_documents
How can I ensure my tax documents are secure?,tax_documents
What is the timeline for receiving tax documents after the fiscal year ends?,tax_documents
Are there any resources available for understanding tax documents?,tax_documents
What tax documents do I need to provide for a loan application?,tax_documents
How do I report a problem with my tax documents?,tax_documents
What is the procedure for correcting mistakes in tax documents?,tax_documents
Can you provide a checklist of required tax documents?,tax_documents
What tax documents are needed for filing state taxes?,tax_documents
How can I access tax documents for my dependents?,tax_documents
What tax documents are necessary for self-employment?,tax_documents
Can I view my tax documents in the HR system?,tax_documents
What are the tax implications of my benefits as shown in my tax documents?,tax_documents
How do I verify the accuracy of my tax documents?,tax_documents
What tax documents do I need for a tax audit?,tax_documents
What tax documents do I need to submit this year?,tax_documents
Can you provide information on my W-2 form?,tax_documents
How can I access my tax documents online?,tax_documents
What is the deadline for submitting tax documents?,tax_documents
Where can I find my 1099 form?,tax_documents
What tax documents are required for freelancers?,tax_documents
Can you explain the difference between W-2 and 1099 forms?,tax_documents
How do I obtain a copy of my previous year's tax documents?,tax_documents
What should I do if I lost my tax documents?,tax_documents
Are there any tax documents I need for my bonus?,tax_documents
When will my tax documents be available for download?,tax_documents
Can you help me understand my tax withholding?,tax_documents
What tax documents do I need for a mortgage application?,tax_documents
How can I correct an error on my tax documents?,tax_documents
What is the process for requesting tax documents?,tax_documents
Can I get my tax documents sent to my email?,tax_documents
What tax documents do I need for filing my taxes?,tax_documents
Where can I find the tax documents for my retirement account?,tax_documents
What are the tax implications of my stock options?,tax_documents
How do I report my side income on my tax documents?,tax_documents
What tax documents do international employees need?,tax_documents
Can you provide a summary of my tax documents for this year?,tax_documents
What is the process for amending my tax documents?,tax_documents
How do I retrieve my tax documents from the HR portal?,tax_documents
What tax documents do I need for a tax audit?,tax_documents
Can you explain the tax document requirements for dependents?,tax_documents
What happens if I don't receive my tax documents?,tax_documents
How can I verify the accuracy of my tax documents?,tax_documents
What tax documents are needed for filing jointly?,tax_documents
Can I view my tax documents from previous years?,tax_documents
What tax documents do I need to provide for a scholarship?,tax_documents
How do I find out if my tax documents were submitted?,tax_documents
What tax documents are required for a new job?,tax_documents
Can you explain how to read my tax documents?,tax_documents
What tax documents do I need for a health savings account?,tax_documents
How do I report my investment income on my tax documents?,tax_documents
What tax documents do I need for a divorce settlement?,tax_documents
Can I get a paper copy of my tax documents?,tax_documents
What tax documents do I need for a business loan?,tax_documents
How do I check the status of my tax documents?,tax_documents
What tax documents are required for a child tax credit?,tax_documents
Can you help me with tax document FAQs?,tax_documents
What tax documents do I need for a foreign income?,tax_documents
How do I know if my tax documents are complete?,tax_documents
What tax documents do I need for a dependent care credit?,tax_documents
Can you provide a list of all my tax documents?,tax_documents
What tax documents do I need for a home office deduction?,tax_documents
How do I get assistance with my tax documents?,tax_documents
What tax documents are needed for a student loan application?,tax_documents
Can you clarify the tax document requirements for self-employed individuals?,tax_documents
What tax documents do I need for a state tax return?,tax_documents
How do I find my tax document history?,tax_documents
What tax documents are required for a capital gains tax?,tax_documents
What tax documents do I need to file this year?,tax_documents
Can you provide information on my W-2 form?,tax_documents
Where can I find my 1099 form?,tax_documents
How do I access my tax documents online?,tax_documents
What is the deadline for submitting tax documents?,tax_documents
Can you explain the difference between W-2 and 1099 forms?,tax_documents
How do I request a copy of my tax documents?,tax_documents
What tax documents are provided by my employer?,tax_documents
Where can I download my tax documents?,tax_documents
Can I get a summary of my tax documents for this year?,tax_documents
What should I do if I lost my tax documents?,tax_documents
How do I report missing tax documents?,tax_documents
When will my tax documents be available?,tax_documents
Can you help me understand my tax withholding?,tax_documents
What is the process for obtaining my tax documents?,tax_documents
Where can I find information about tax deductions?,tax_documents
What tax documents do I need for my mortgage application?,tax_documents
Can you provide details on how to read my W-2 form?,tax_documents
What are the tax implications of my benefits?,tax_documents
Where can I find my last year's tax documents?,tax_documents
How do I verify my tax documents are correct?,tax_documents
What information is included in my tax documents?,tax_documents
Can I receive my tax documents via email?,tax_documents
What happens if my tax documents are incorrect?,tax_documents
How do I update my tax information for next year?,tax_documents
Can you explain how to file taxes with my documents?,tax_documents
What tax documents do I need for filing jointly?,tax_documents
Where can I find FAQs about tax documents?,tax_documents
What are the common mistakes to avoid with tax documents?,tax_documents
How can I track the status of my tax documents?,tax_documents
What should I do if I receive a notice about my tax documents?,tax_documents
Can you provide a checklist for tax documents?,tax_documents
What do I do if I haven't received my tax documents yet?,tax_documents
How do I know if I need to file taxes this year?,tax_documents
Can you explain the tax document requirements for freelancers?,tax_documents
What tax documents do I need for my side business?,tax_documents
Where can I find tax documents for my dependents?,tax_documents
What tax documents are required for international employees?,tax_documents
How do I find out if my tax documents were submitted?,tax_documents
Can you provide information on tax credits related to my documents?,tax_documents
What is the process for correcting errors in my tax documents?,tax_documents
How can I access historical tax documents?,tax_documents
What tax documents do I need for a home purchase?,tax_documents
Can you explain how to interpret my tax documents?,tax_documents
What is the significance of my tax documents for financial aid?,tax_documents
Where can I find resources for understanding tax documents?,tax_documents
What tax documents do I need for retirement accounts?,tax_documents
Can you help me with tax document terminology?,tax_documents
What are the tax document requirements for non-profit organizations?,tax_documents
How do I keep track of my tax documents throughout the year?,tax_documents
What tax documents do I need for a scholarship application?,tax_documents
Can you provide examples of tax documents I might need?,tax_documents
What tax documents are necessary for filing as a student?,tax_documents
What tax documents do I need to submit for this year?,tax_documents
Can you provide information on my W-2 form?,tax_documents
Where can I find my 1099 form?,tax_documents
How do I access my tax documents online?,tax_documents
What is the deadline for submitting tax documents?,tax_documents
Can I get a copy of my last year's tax documents?,tax_documents
What tax documents are required for my employment?,tax_documents
How do I retrieve my tax documents from the HR portal?,tax_documents
Are there any tax documents I need to be aware of for this fiscal year?,tax_documents
What should I do if I haven't received my tax documents yet?,tax_documents
Can you explain the difference between a W-2 and a 1099?,tax_documents
Where do I find information about my tax withholding?,tax_documents
What tax documents are provided by the company?,tax_documents
How can I check the status of my tax documents?,tax_documents
What is included in the tax documents I receive?,tax_documents
Can you guide me on how to read my tax documents?,tax_documents
When will my tax documents be available for download?,tax_documents
What tax documents do I need to file for my side job?,tax_documents
Can I request a reissue of my tax documents?,tax_documents
What happens if I lose my tax documents?,tax_documents
How do I report an issue with my tax documents?,tax_documents
Where can I find FAQs about tax documents?,tax_documents
What is the process for obtaining tax documents after leaving the company?,tax_documents
Can you provide a summary of my tax documents for the year?,tax_documents
What tax documents do I need for my mortgage application?,tax_documents
How can I verify the accuracy of my tax documents?,tax_documents
Are tax documents available in multiple languages?,tax_documents
What should I do if my tax documents have incorrect information?,tax_documents
Can I receive my tax documents via email?,tax_documents
What is the process for correcting errors on tax documents?,tax_documents
Where can I find my tax documents from previous years?,tax_documents
What tax documents are needed for filing my taxes?,tax_documents
How do I know if I need to file additional tax documents?,tax_documents
Can you help me understand my tax deductions from my documents?,tax_documents
What tax documents do freelancers typically need?,tax_documents
How can I access my tax documents if I am working remotely?,tax_documents
What is the timeline for receiving tax documents after year-end?,tax_documents
Can I view my tax documents on my mobile device?,tax_documents
What tax documents should I keep for my records?,tax_documents
How do I report missing tax documents to HR?,tax_documents
What tax documents are necessary for claiming dependents?,tax_documents
Where can I find the tax document request form?,tax_documents
What tax documents do I need to provide for a loan application?,tax_documents
How do I access tax documents for my spouse?,tax_documents
What tax documents are needed for a tax audit?,tax_documents
Can I get assistance with understanding my tax documents?,tax_documents
What tax documents do I need to bring to my accountant?,tax_documents
How often are tax documents updated?,tax_documents
What should I do if I receive a tax document in error?,tax_documents
Can you provide a list of all tax documents issued by the company?,tax_documents
How do I find out if my tax documents have been sent?,tax_documents
What tax documents are required for international employees?,tax_documents
Where can I get help with tax document questions?,tax_documents
What tax documents do I need to submit for the year?,tax_documents
Can you provide information on my W-2 form?,tax_documents
How can I access my tax documents online?,tax_documents
Where can I find my 1099 form?,tax_documents
What is the deadline for submitting tax documents?,tax_documents
Can you tell me about the tax deductions available to employees?,tax_documents
How do I request a copy of my tax documents?,tax_documents
What tax documents does the company provide?,tax_documents
Are there any changes to tax documents this year?,tax_documents
How do I report missing tax documents?,tax_documents
What information is included in my tax documents?,tax_documents
Can I get a summary of my tax documents for the past years?,tax_documents
What should I do if I find an error in my tax documents?,tax_documents
Where can I find the tax document guidelines?,tax_documents
Can you explain the difference between W-2 and 1099 forms?,tax_documents
How do I know if I need to file tax documents?,tax_documents
What is the process for obtaining tax documents after leaving the company?,tax_documents
Can I view my tax documents on the employee portal?,tax_documents
What happens if I don’t receive my tax documents on time?,tax_documents
How can I verify the accuracy of my tax documents?,tax_documents
What are the tax implications of my benefits?,tax_documents
Can you provide details about tax withholding on my paycheck?,tax_documents
What should I do if I lost my tax documents?,tax_documents
Are tax documents available in multiple languages?,tax_documents
How do I report a change in my tax status?,tax_documents
What is the company policy on tax document storage?,tax_documents
Can I receive my tax documents via email?,tax_documents
What tax forms do I need for my side job?,tax_documents
How do I access previous years' tax documents?,tax_documents
What are the tax benefits of my retirement plan?,tax_documents
Can you explain how to read my tax documents?,tax_documents
What should I do if I have questions about my tax documents?,tax_documents
Are there any resources for understanding tax documents?,tax_documents
How often are tax documents updated?,tax_documents
What is the procedure for correcting tax document errors?,tax_documents
Can I get assistance with my tax documents?,tax_documents
What is the role of HR in tax document management?,tax_documents
How do I find out about tax document changes each year?,tax_documents
What health insurance options do we have?,benefits_query
Can you provide details about the retirement plan?,benefits_query
What are the eligibility criteria for paid time off?,benefits_query
How does the employee assistance program work?,benefits_query
What types of leave are available to employees?,benefits_query
Can you explain the maternity leave policy?,benefits_query
What is the process for claiming health benefits?,benefits_query
Are there any wellness programs offered?,benefits_query
What is the company policy on remote work benefits?,benefits_query
How can I access my benefits information?,benefits_query
What are the options for dental insurance?,benefits_query
Can you tell me about the short-term disability benefits?,benefits_query
What is included in the employee benefits package?,benefits_query
Are there any tuition reimbursement programs?,benefits_query
What kind of life insurance is provided?,benefits_query
How do I enroll in the benefits program?,benefits_query
What are the benefits of the flexible spending account?,benefits_query
Can you explain the 401(k) matching contributions?,benefits_query
What is the policy on unpaid leave?,benefits_query
Are there any discounts available for employees?,benefits_query
What is the procedure for requesting a leave of absence?,benefits_query
How often are benefits reviewed and updated?,benefits_query
What resources are available for mental health support?,benefits_query
Can you provide information on the vision insurance plan?,benefits_query
What are the criteria for receiving severance pay?,benefits_query
Is there a program for employee recognition?,benefits_query
What are the details of the commuter benefits?,benefits_query
How do I find out about my accrued vacation days?,benefits_query
What is the policy on sick leave?,benefits_query
Are there any benefits for part-time employees?,benefits_query
What is the company’s policy on family leave?,benefits_query
Can you explain the benefits of the health savings account?,benefits_query
What are the options for long-term disability insurance?,benefits_query
How can I get a copy of my benefits summary?,benefits_query
What is the process for appealing a benefits decision?,benefits_query
Are there any special benefits for veterans?,benefits_query
What is the policy on employee stock options?,benefits_query
Can you provide details on the childcare assistance program?,benefits_query
What are the eligibility requirements for health benefits?,benefits_query
How do I report a benefits issue?,benefits_query
What is the policy on travel reimbursement?,benefits_query
Are there any benefits related to fitness memberships?,benefits_query
What is the procedure for changing my benefits elections?,benefits_query
What types of insurance are mandatory for employees?,benefits_query
Can you explain the company’s policy on overtime pay?,benefits_query
What are the benefits of joining a union?,benefits_query
How can I find out about upcoming benefits workshops?,benefits_query
What is the policy on employee training and development?,benefits_query
Are there any financial planning resources available?,benefits_query
What are the options for international health coverage?,benefits_query
Can you provide information on the employee referral program?,benefits_query
What is the policy on workplace accommodations?,benefits_query
How do I access the benefits portal?,benefits_query
What health insurance options are available to employees?,benefits_query
Can you provide details about the retirement plan?,benefits_query
What are the paid time off policies?,benefits_query
How does the employee wellness program work?,benefits_query
What types of leave are offered by the company?,benefits_query
Can you explain the maternity leave policy?,benefits_query
What is the process for enrolling in health benefits?,benefits_query
Are there any benefits for remote employees?,benefits_query
What is the company's policy on tuition reimbursement?,benefits_query
How can I access my benefits information online?,benefits_query
What kind of life insurance does the company provide?,benefits_query
Can you tell me about the employee assistance program?,benefits_query
What are the eligibility requirements for benefits?,benefits_query
How do I find out about my 401(k) options?,benefits_query
What is the company's policy on sick leave?,benefits_query
Are there any discounts available for employees?,benefits_query
What are the options for short-term disability insurance?,benefits_query
How does the flexible spending account work?,benefits_query
Can you explain the health savings account benefits?,benefits_query
What are the details of the employee stock purchase plan?,benefits_query
How do I report a benefits issue?,benefits_query
What is the policy on bereavement leave?,benefits_query
Are there any wellness incentives for employees?,benefits_query
What resources are available for mental health support?,benefits_query
Can you provide information on the company's vacation policy?,benefits_query
What are the options for long-term disability insurance?,benefits_query
How do I access my pay stubs and benefits statements?,benefits_query
What is the process for requesting a leave of absence?,benefits_query
What are the details of the commuter benefits program?,benefits_query
Can you explain the company's policy on parental leave?,benefits_query
What benefits are available for part-time employees?,benefits_query
How do I update my beneficiary information for benefits?,benefits_query
What is the policy for employee discounts at local businesses?,benefits_query
Can you provide details on the company's health plan options?,benefits_query
What is the coverage for dental and vision insurance?,benefits_query
How can I find out about the company's wellness challenges?,benefits_query
What are the eligibility criteria for the pension plan?,benefits_query
Can you explain how the annual benefits enrollment works?,benefits_query
What resources are available for financial planning?,benefits_query
What is the company's policy on volunteering leave?,benefits_query
How do I access the benefits handbook?,benefits_query
What are the options for international health coverage?,benefits_query
Can you provide information on the company's health screenings?,benefits_query
What is the policy on flexible work arrangements?,benefits_query
How do I find out about the company's charitable giving programs?,benefits_query
What are the options for supplemental insurance?,benefits_query
Can you explain the company's policy on employee recognition programs?,benefits_query
What benefits are available for retirees?,benefits_query
How do I contact the benefits administrator?,benefits_query
What is the policy on health and safety benefits?,benefits_query
Can you provide details on the company's relocation assistance?,benefits_query
What are the options for pet insurance?,benefits_query
How do I access the online benefits portal?,benefits_query
What health insurance options are available to employees?,benefits_query
Can you provide details about the retirement plan?,benefits_query
What is the policy on paid time off?,benefits_query
Are there any wellness programs offered?,benefits_query
What types of employee discounts are available?,benefits_query
How do I access my benefits information?,benefits_query
What is the process for filing a claim for health benefits?,benefits_query
Can you explain the maternity leave policy?,benefits_query
What are the eligibility requirements for the 401(k) plan?,benefits_query
Are there any tuition reimbursement programs?,benefits_query
What is the company's policy on remote work benefits?,benefits_query
How can I find out about my health savings account options?,benefits_query
What types of life insurance are available to employees?,benefits_query
Is there an employee assistance program?,benefits_query
What benefits are offered for part-time employees?,benefits_query
Can you provide information on short-term disability benefits?,benefits_query
What are the details of the long-term disability insurance?,benefits_query
How do I check my benefits enrollment status?,benefits_query
What are the options for flexible spending accounts?,benefits_query
Can you explain the vacation policy?,benefits_query
What is the policy on sick leave?,benefits_query
Are there any benefits for employees who volunteer?,benefits_query
What is the company's stance on mental health benefits?,benefits_query
How can I learn more about the company's health benefits?,benefits_query
What are the retirement savings options available?,benefits_query
Can you provide details about the employee stock purchase plan?,benefits_query
What is the policy for bereavement leave?,benefits_query
Are there any benefits related to childcare assistance?,benefits_query
How do I access the benefits portal?,benefits_query
What are the options for commuter benefits?,benefits_query
Can you explain the process for changing my benefits elections?,benefits_query
What is the policy on holiday pay?,benefits_query
Are there any benefits for employees who are caregivers?,benefits_query
What are the options for international health insurance?,benefits_query
Can you provide information on the company's wellness initiatives?,benefits_query
What is the policy on employee referral bonuses?,benefits_query
How can I find out about the company's insurance providers?,benefits_query
What benefits are available for retirees?,benefits_query
Can you explain the process for accessing mental health resources?,benefits_query
What is the policy on unpaid leave?,benefits_query
Are there any benefits for employees pursuing further education?,benefits_query
What are the details of the company's health and wellness programs?,benefits_query
How do I report a problem with my benefits?,benefits_query
What is the policy on employee discounts for services?,benefits_query
Can you provide information on the company's vision and dental plans?,benefits_query
What are the eligibility criteria for the employee assistance program?,benefits_query
How can I get more information about my retirement benefits?,benefits_query
What is the policy on flexible work hours?,benefits_query
Are there any benefits for employees who relocate?,benefits_query
What are the options for supplemental insurance?,benefits_query
Can you explain the company's policy on performance bonuses?,benefits_query
What is the process for appealing a denied benefits claim?,benefits_query
What health insurance options do we have?,benefits_query
Can you provide details about the retirement plan?,benefits_query
What is the policy on paid time off?,benefits_query
How do I access my benefits summary?,benefits_query
What are the eligibility requirements for health benefits?,benefits_query
Can you explain the employee assistance program?,benefits_query
What types of life insurance are offered?,benefits_query
Are there any wellness programs available?,benefits_query
What is the process for filing a benefits claim?,benefits_query
How can I find information about my dental benefits?,benefits_query
What are the options for short-term disability?,benefits_query
Can you tell me about the tuition reimbursement policy?,benefits_query
What is the maternity leave policy?,benefits_query
How do I check my 401(k) balance?,benefits_query
What benefits are available for part-time employees?,benefits_query
Can you provide information on the company’s stock options?,benefits_query
What are the details of the flexible spending account?,benefits_query
How do I enroll in health benefits?,benefits_query
What is the company policy on remote work benefits?,benefits_query
Are there any discounts available for gym memberships?,benefits_query
What is the process for requesting a leave of absence?,benefits_query
Can you explain the COBRA benefits?,benefits_query
What are the options for vision insurance?,benefits_query
How do I access my benefits portal?,benefits_query
What is the policy on bereavement leave?,benefits_query
Are there any childcare benefits offered?,benefits_query
What is the procedure for changing my beneficiary?,benefits_query
Can you provide information on the health savings account?,benefits_query
What are the eligibility criteria for the pension plan?,benefits_query
How do I find out about employee discounts?,benefits_query
What are the details of the long-term disability insurance?,benefits_query
Can you explain the vacation policy?,benefits_query
What is the policy on sick leave?,benefits_query
Are there any benefits for employees who volunteer?,benefits_query
How can I get a copy of my benefits enrollment form?,benefits_query
What are the options for family leave?,benefits_query
Can you tell me about the company’s health initiatives?,benefits_query
What is the policy on employee training and development benefits?,benefits_query
How do I report a problem with my benefits?,benefits_query
What is the process for appealing a denied benefits claim?,benefits_query
Can you provide information on the annual benefits enrollment period?,benefits_query
What are the benefits of the wellness program?,benefits_query
How do I access mental health resources?,benefits_query
What is the policy on travel reimbursements?,benefits_query
Can you explain the employee referral program benefits?,benefits_query
What are the options for international health coverage?,benefits_query
How do I update my personal information for benefits?,benefits_query
What is the policy on performance bonuses?,benefits_query
Are there any benefits for retirees?,benefits_query
Can you provide details about the company’s health insurance provider?,benefits_query
What are the benefits of participating in the company’s wellness challenges?,benefits_query
How can I learn more about my retirement savings options?,benefits_query
What health insurance options are available to employees?,benefits_query
Can you provide details about the retirement plan?,benefits_query
What is the process for claiming maternity leave benefits?,benefits_query
Are there any wellness programs offered by the company?,benefits_query
What types of paid time off do employees receive?,benefits_query
How does the company support professional development?,benefits_query
What are the eligibility requirements for the employee discount program?,benefits_query
Can you explain the short-term disability benefits?,benefits_query
What is the company's policy on remote work benefits?,benefits_query
Are there any tuition reimbursement programs available?,benefits_query
What kind of life insurance does the company provide?,benefits_query
Can you tell me about the employee assistance program?,benefits_query
What are the benefits for part-time employees?,benefits_query
Is there a flexible spending account option?,benefits_query
What is the company's policy on sick leave?,benefits_query
How often are benefits reviewed and updated?,benefits_query
What are the options for dental insurance?,benefits_query
Can you provide information on vision insurance?,benefits_query
What is the process for enrolling in benefits?,benefits_query
Are there any additional benefits for veterans?,benefits_query
What are the options for retirement savings plans?,benefits_query
Can you explain the company's parental leave policy?,benefits_query
What types of bonuses are available to employees?,benefits_query
Are there any health and wellness incentives?,benefits_query
What is the policy on unpaid leave?,benefits_query
Can you provide details on the company's holiday schedule?,benefits_query
What are the benefits related to childcare assistance?,benefits_query
Are there any relocation assistance programs?,benefits_query
What is the policy on overtime pay?,benefits_query
Can you tell me about the company's vacation policy?,benefits_query
What are the eligibility criteria for the health savings account?,benefits_query
Are there any benefits for employees who work from home?,benefits_query
What kind of support does the company provide for mental health?,benefits_query
Can you provide information on the company's stock options?,benefits_query
What is the policy regarding employee referrals?,benefits_query
Are there any benefits for employees who are caregivers?,benefits_query
What are the options for flexible work hours?,benefits_query
Can you explain the company's policy on jury duty leave?,benefits_query
What is the process for accessing the employee benefits portal?,benefits_query
Are there any benefits for employees who are students?,benefits_query
What types of insurance are mandatory for employees?,benefits_query
Can you provide details on the company's performance bonus structure?,benefits_query
What is the policy on bereavement leave?,benefits_query
Are there any benefits related to fitness memberships?,benefits_query
What are the options for international assignments?,benefits_query
Can you explain the company's policy on sabbaticals?,benefits_query
What is the policy on employee recognition programs?,benefits_query
Are there any benefits for employees who volunteer?,benefits_query
What are the options for health insurance for dependents?,benefits_query
Can you provide information on the company's travel policy?,benefits_query
What is the policy on employee training and development?,benefits_query
Are there any special benefits for long-term employees?,benefits_query
What is the company's policy on workplace accommodations?,benefits_query
What health insurance options do we have?,benefits_query
Can you provide details about the retirement plan?,benefits_query
What is the process for claiming maternity leave benefits?,benefits_query
Are there any wellness programs available for employees?,benefits_query
What types of paid time off are offered?,benefits_query
How do I access my employee benefits information?,benefits_query
What is the company's policy on remote work benefits?,benefits_query
Can you explain the employee assistance program?,benefits_query
What are the eligibility criteria for health benefits?,benefits_query
Are there any tuition reimbursement programs?,benefits_query
What kind of life insurance is provided?,benefits_query
Can you list the available employee discounts?,benefits_query
What is the policy on sick leave benefits?,benefits_query
How does the company support mental health?,benefits_query
What are the details of the short-term disability benefits?,benefits_query
Is there a flexible spending account option?,benefits_query
What are the options for long-term disability insurance?,benefits_query
Can you provide information on the company's 401(k) plan?,benefits_query
What are the benefits for part-time employees?,benefits_query
Are there any volunteer time off benefits?,benefits_query
What is the policy on bereavement leave?,benefits_query
Can you explain the parental leave policy?,benefits_query
What are the benefits available for new hires?,benefits_query
Is there a health savings account option?,benefits_query
What kind of training and development benefits are offered?,benefits_query
Can you provide details about the company's vacation policy?,benefits_query
What are the benefits related to employee recognition programs?,benefits_query
Are there any options for flexible work hours?,benefits_query
What is the policy on employee referrals and bonuses?,benefits_query
How do I find out about the company's benefits package?,benefits_query
What are the options for commuter benefits?,benefits_query
Can you explain the company's policy on health screenings?,benefits_query
What are the benefits for employees who work overtime?,benefits_query
Are there any special benefits for veterans?,benefits_query
What is the policy on employee stock options?,benefits_query
Can you provide information about the company's insurance coverage?,benefits_query
What are the benefits related to professional memberships?,benefits_query
Is there a program for employee wellness challenges?,benefits_query
What are the options for international assignments?,benefits_query
What is the exit process for employees leaving the company?,exit_process
Can you provide details on the steps involved in the exit process?,exit_process
What documents do I need to complete for my exit process?,exit_process
How long does the exit process usually take?,exit_process
What are the reasons an employee might go through the exit process?,exit_process
Is there an exit interview as part of the exit process?,exit_process
What happens to my benefits during the exit process?,exit_process
Can you explain the final paycheck process during exit?,exit_process
What should I do if I want to resign?,exit_process
Are there any forms I need to fill out for the exit process?,exit_process
What is the notice period required for resignation?,exit_process
How do I return company property during the exit process?,exit_process
What happens to my email account after I exit?,exit_process
Can I request a reference after my exit process?,exit_process
What is the policy on rehire after completing the exit process?,exit_process
Will I receive a certificate of employment after my exit?,exit_process
How do I handle my health insurance during the exit process?,exit_process
What are the tax implications of my final paycheck during exit?,exit_process
Can I change my mind after starting the exit process?,exit_process
What support does HR provide during the exit process?,exit_process
What happens to my accrued vacation days during the exit process?,exit_process
How do I access my retirement benefits after exit?,exit_process
What is the procedure for a voluntary exit?,exit_process
Are there any exit process guidelines I should be aware of?,exit_process
What is the exit process for contract employees?,exit_process
How do I schedule my exit interview?,exit_process
What information will be discussed in the exit interview?,exit_process
How do I provide feedback during the exit process?,exit_process
What happens if I don't complete the exit process?,exit_process
Can I still access company resources during the exit process?,exit_process
What is the timeline for the exit process?,exit_process
How do I ensure a smooth transition during my exit?,exit_process
What are the common mistakes to avoid during the exit process?,exit_process
How do I inform my team about my exit?,exit_process
What should I include in my resignation letter?,exit_process
What are the consequences of leaving without following the exit process?,exit_process
How does the exit process differ for different departments?,exit_process
What resources are available for employees going through the exit process?,exit_process
Can I negotiate my exit terms?,exit_process
What is the role of my manager in the exit process?,exit_process
How do I handle my projects during the exit process?,exit_process
What should I do if I have a non-compete agreement during exit?,exit_process
What are the next steps after my exit interview?,exit_process
How do I request my final pay stub after exit?,exit_process
What is the exit process for employees on leave?,exit_process
Can I still participate in company events after my exit?,exit_process
What happens to my stock options during the exit process?,exit_process
How do I ensure my personal belongings are returned during exit?,exit_process
What is the process for transferring my responsibilities during exit?,exit_process
How do I handle my social media accounts related to the company during exit?,exit_process
What happens to my company credit card during the exit process?,exit_process
Can I ask for an extension on my exit date?,exit_process
What should I do if I have questions during the exit process?,exit_process
What is the exit process for employees leaving the company?,exit_process
Can you explain the steps involved in the exit process?,exit_process
What documents do I need to complete for the exit process?,exit_process
How long does the exit process take?,exit_process
What should I do if I want to resign?,exit_process
Are there any exit interviews conducted?,exit_process
What happens to my benefits during the exit process?,exit_process
Is there a checklist for the exit process?,exit_process
Who do I contact for questions about the exit process?,exit_process
What are the final pay procedures during the exit process?,exit_process
Can I get a reference after completing the exit process?,exit_process
What happens to my unused vacation days during the exit process?,exit_process
Are there any exit process policies I should be aware of?,exit_process
What is the notice period required for resignation?,exit_process
How do I return company property during the exit process?,exit_process
Will I receive a confirmation of my exit process completion?,exit_process
What is the procedure for transferring my responsibilities during the exit process?,exit_process
Can I withdraw my resignation after starting the exit process?,exit_process
What are the tax implications of leaving the company?,exit_process
How do I handle my health insurance during the exit process?,exit_process
What is the process for obtaining my final paycheck?,exit_process
Are there any exit process timelines I should know about?,exit_process
What happens to my retirement plan when I exit?,exit_process
Can I request an exit interview with HR?,exit_process
What information will be covered in the exit interview?,exit_process
How do I access my personal files after the exit process?,exit_process
What should I do if I have questions during the exit process?,exit_process
Are there any exit process forms I need to fill out?,exit_process
What is the policy on rehire after completing the exit process?,exit_process
How do I ensure my last day is properly communicated?,exit_process
What happens to my email and accounts after I exit?,exit_process
Can I take my personal belongings on my last day?,exit_process
What is the process for finalizing my exit paperwork?,exit_process
Will I receive any exit benefits?,exit_process
How do I handle my work projects during the exit process?,exit_process
What is the exit process for contractors or temporary employees?,exit_process
Are there any exit process training sessions available?,exit_process
What should I do if I have a non-compete agreement?,exit_process
How do I ensure a smooth transition during the exit process?,exit_process
What happens if I leave without completing the exit process?,exit_process
Can I request a copy of my exit interview notes?,exit_process
What is the exit process for employees on leave?,exit_process
How do I handle my personal projects during the exit process?,exit_process
What resources are available for employees exiting the company?,exit_process
What is the procedure for notifying clients of my departure?,exit_process
How can I provide feedback during the exit process?,exit_process
What are the common mistakes to avoid during the exit process?,exit_process
How do I handle my social media accounts related to the company?,exit_process
What is the exit process for employees moving to a different department?,exit_process
Are there any exit process support groups available?,exit_process
What should I do if I have a pending project during the exit process?,exit_process
How do I communicate my departure to my team?,exit_process
What is the exit process for employees leaving the company?,exit_process
Can you explain the steps involved in the exit process?,exit_process
What documents do I need to complete for my exit process?,exit_process
How long does the exit process take?,exit_process
Are there any exit interviews conducted during the exit process?,exit_process
What are the benefits I need to know about during the exit process?,exit_process
Is there a checklist for the exit process?,exit_process
What happens to my health insurance during the exit process?,exit_process
Who do I contact for questions about the exit process?,exit_process
What is the final paycheck process when exiting the company?,exit_process
Are there any exit process guidelines I should follow?,exit_process
What happens to my retirement benefits during the exit process?,exit_process
Can I receive a reference after completing the exit process?,exit_process
What should I do with my company property during the exit process?,exit_process
How do I handle my email account during the exit process?,exit_process
What are the tax implications of my final paycheck in the exit process?,exit_process
Will I receive a certificate of employment after the exit process?,exit_process
What is the procedure for returning company equipment during the exit process?,exit_process
Can I negotiate my exit terms during the exit process?,exit_process
What happens to my unused vacation days during the exit process?,exit_process
Are there any exit process policies I should be aware of?,exit_process
What is the role of HR in the exit process?,exit_process
Can I request a copy of my personnel file during the exit process?,exit_process
What happens to my stock options during the exit process?,exit_process
How do I ensure a smooth transition during the exit process?,exit_process
What are the common mistakes to avoid in the exit process?,exit_process
Is there a timeline for the exit process?,exit_process
What should I do if I have questions during the exit process?,exit_process
Can I change my mind after starting the exit process?,exit_process
What is the policy on rehire after completing the exit process?,exit_process
How will my exit be communicated to the team?,exit_process
What resources are available to me during the exit process?,exit_process
What are the confidentiality agreements during the exit process?,exit_process
How do I handle my social media accounts during the exit process?,exit_process
What is the exit process for remote employees?,exit_process
Are there any exit process training sessions available?,exit_process
What is the exit process for interns?,exit_process
How do I provide feedback during the exit process?,exit_process
What happens if I leave without completing the exit process?,exit_process
Can I request an extension on my exit process timeline?,exit_process
What are the legal considerations during the exit process?,exit_process
How do I prepare for my exit interview?,exit_process
What is the exit process for employees on leave?,exit_process
What happens to my company credit card during the exit process?,exit_process
What should I do if I have a pending project during the exit process?,exit_process
Are there any exit process support groups available?,exit_process
What is the exit process for employees with performance issues?,exit_process
How do I handle my personal items during the exit process?,exit_process
What is the exit process for employees in a probation period?,exit_process
What are the communication protocols during the exit process?,exit_process
How do I ensure my exit process is compliant with company policies?,exit_process
What are the common questions asked during the exit interview?,exit_process
What happens to my access to company systems during the exit process?,exit_process
How do I notify clients about my exit during the exit process?,exit_process
What is the exit process for employees in a union?,exit_process
What is the exit process for employees leaving the company?,exit_process
Can you explain the steps involved in the exit interview?,exit_process
What documents do I need to complete when resigning?,exit_process
How do I return company property during the exit process?,exit_process
What is the timeline for the exit process after I submit my resignation?,exit_process
Are there any benefits I need to be aware of when I exit the company?,exit_process
What happens to my health insurance when I leave the company?,exit_process
Can I get a reference after I complete the exit process?,exit_process
What should I expect during my exit interview?,exit_process
Is there a checklist for the exit process?,exit_process
What are the final paycheck procedures when I exit?,exit_process
How do I access my retirement benefits upon exiting?,exit_process
What is the policy on unused vacation days when I leave?,exit_process
Can I still access my company email after I exit?,exit_process
What happens to my stock options when I leave the company?,exit_process
How do I handle my 401(k) when exiting the company?,exit_process
Will I receive a severance package upon exiting?,exit_process
What are the tax implications of my final paycheck when I exit?,exit_process
How do I provide feedback during the exit process?,exit_process
What is the procedure for transferring my projects to someone else?,exit_process
How do I ensure my personal belongings are returned after I exit?,exit_process
What is the notice period required before I exit?,exit_process
Can I change my mind after submitting my resignation?,exit_process
What happens if I don't complete the exit process?,exit_process
Are there any exit process guidelines I should follow?,exit_process
What resources are available to help me during the exit process?,exit_process
How do I handle my email account after I exit?,exit_process
What is the exit process for interns?,exit_process
Can I request an exit interview with HR?,exit_process
What is the process for transferring my benefits when I exit?,exit_process
How do I submit my resignation letter?,exit_process
What happens to my company credit card when I exit?,exit_process
Is there an exit process for remote employees?,exit_process
What are the consequences of not following the exit process?,exit_process
How do I get my final pay stub after I exit?,exit_process
What information do I need to provide for my exit interview?,exit_process
What is the exit process for employees on leave?,exit_process
How do I ensure my exit process is smooth?,exit_process
What should I do if I have questions during the exit process?,exit_process
Can I appeal a decision made during the exit process?,exit_process
What happens to my performance reviews after I exit?,exit_process
How do I handle my social media accounts related to the company when I exit?,exit_process
What is the exit process for employees in a probationary period?,exit_process
How can I prepare for my exit interview?,exit_process
What should I do if I have a non-compete agreement when I exit?,exit_process
What is the exit process for employees who are being laid off?,exit_process
How do I document my work before I exit?,exit_process
What are the common mistakes to avoid during the exit process?,exit_process
How do I communicate my exit to my team?,exit_process
What is the exit process for contract workers?,exit_process
Can I receive a copy of my exit interview notes?,exit_process
What should I know about the exit process if I'm a manager?,exit_process
What is the exit process for employees leaving the company?,exit_process
Can you explain the steps involved in the exit process?,exit_process
What documents do I need to complete for my exit process?,exit_process
How long does the exit process take?,exit_process
What are the final pay details during the exit process?,exit_process
Is there an exit interview as part of the exit process?,exit_process
What happens to my benefits during the exit process?,exit_process
Can you provide information on the exit process timeline?,exit_process
What should I do if I have questions during my exit process?,exit_process
Are there any forms I need to fill out for the exit process?,exit_process
What is the procedure for returning company property during the exit process?,exit_process
Will I receive a reference after completing the exit process?,exit_process
How do I handle my final paycheck in the exit process?,exit_process
What is the policy on unused vacation days during the exit process?,exit_process
Who do I contact for assistance with my exit process?,exit_process
What are the tax implications of my final paycheck in the exit process?,exit_process
Can I access my email after I start the exit process?,exit_process
What happens to my retirement plan during the exit process?,exit_process
Is there a checklist for the exit process?,exit_process
What should I know about confidentiality agreements during the exit process?,exit_process
Are there any exit process guidelines I should follow?,exit_process
What is the process for transferring my projects during the exit process?,exit_process
How do I ensure a smooth transition during my exit process?,exit_process
What are the common mistakes to avoid in the exit process?,exit_process
Can I negotiate my exit terms during the exit process?,exit_process
What happens to my health insurance during the exit process?,exit_process
What is the company policy on rehire after the exit process?,exit_process
How do I provide feedback during my exit process?,exit_process
What are the implications of resigning versus being terminated in the exit process?,exit_process
What resources are available to help me during my exit process?,exit_process
What should I do if I change my mind about leaving during the exit process?,exit_process
How is my final performance review handled in the exit process?,exit_process
What are the legal considerations in the exit process?,exit_process
Can I take my personal belongings before completing the exit process?,exit_process
What is the exit process for contractors or temporary employees?,exit_process
How do I handle my work email during the exit process?,exit_process
What is the process for notifying clients about my exit?,exit_process
What happens to my stock options during the exit process?,exit_process
Are there any exit process training sessions available?,exit_process
What should I do if I have a non-compete agreement during the exit process?,exit_process
How can I prepare for my exit interview?,exit_process
What is the process for obtaining my employment records after the exit process?,exit_process
What happens to my company credit card during the exit process?,exit_process
Can I request a letter of recommendation during the exit process?,exit_process
What are the steps to take if I feel my exit process is not being handled properly?,exit_process
What should I do if I have outstanding expenses during the exit process?,exit_process
How do I ensure my personal information is protected during the exit process?,exit_process
What is the exit process for employees on leave?,exit_process
How do I handle my social media accounts related to the company during the exit process?,exit_process
What are the next steps after I submit my resignation in the exit process?,exit_process
How do I communicate my departure to my team during the exit process?,exit_process
What is the exit process for employees relocating to another office?,exit_process
What is the exit process for employees leaving the company?,exit_process
Can you explain the steps involved in the exit process?,exit_process
What documents do I need to complete during the exit process?,exit_process
How long does the exit process take?,exit_process
What are the final paycheck details during the exit process?,exit_process
Is there an exit interview as part of the exit process?,exit_process
What happens to my benefits during the exit process?,exit_process
Can I access my email after I start the exit process?,exit_process
What should I do with my company property during the exit process?,exit_process
Are there any exit process guidelines I should be aware of?,exit_process
Who do I contact for questions about the exit process?,exit_process
What is the policy on references during the exit process?,exit_process
Can I change my mind after starting the exit process?,exit_process
What happens to my unused vacation days during the exit process?,exit_process
How do I handle my retirement plan during the exit process?,exit_process
What is the procedure for returning company equipment during the exit process?,exit_process
Will I receive a certificate of employment after the exit process?,exit_process
What are the tax implications of the exit process?,exit_process
Can I request a copy of my personnel file during the exit process?,exit_process
What happens to my health insurance during the exit process?,exit_process
Are there any exit process forms I need to fill out?,exit_process
What is the notice period required before starting the exit process?,exit_process
How do I provide feedback during the exit interview in the exit process?,exit_process
What if I have a dispute during the exit process?,exit_process
Can I leave the company without going through the exit process?,exit_process
What is the role of HR in the exit process?,exit_process
Are there any exit process checklists available?,exit_process
How can I ensure a smooth transition during the exit process?,exit_process
What are the common mistakes to avoid during the exit process?,exit_process
How is my final performance evaluation handled in the exit process?,exit_process
What happens to my stock options during the exit process?,exit_process
Can I negotiate my exit terms during the exit process?,exit_process
What resources are available for employees going through the exit process?,exit_process
How do I inform my team about my departure during the exit process?,exit_process
What are the consequences of not following the exit process?,exit_process
Can I request an extension on my exit process timeline?,exit_process
What are the confidentiality agreements I need to consider during the exit process?,exit_process
Can you connect me with an HR representative?,human_handoff
"I need to speak with someone from HR, please help.",human_handoff
Is there a way to get in touch with an HR staff member?,human_handoff
I would like to talk to a human in HR.,human_handoff
Can you transfer me to an HR agent?,human_handoff
"I have a question for HR, can you connect me?",human_handoff
Please put me in touch with an HR representative.,human_handoff
"I need assistance from HR, can you help me reach them?",human_handoff
Can I get a human in HR on the line?,human_handoff
I want to discuss something with HR directly.,human_handoff
How can I contact an HR person?,human_handoff
"I need to escalate this to HR, please connect me.",human_handoff
Can you help me find an HR contact?,human_handoff
"I would like to have a conversation with HR, please assist.",human_handoff
Can you direct me to an HR representative?,human_handoff
"I need to ask HR a question, can you connect me?",human_handoff
Please help me reach an HR agent.,human_handoff
I want to talk to someone in HR about my issue.,human_handoff
Can you provide me with HR contact information?,human_handoff
I need to speak to a live HR person.,human_handoff
How do I get in touch with HR?,human_handoff
Can I have a human representative from HR?,human_handoff
"I need HR assistance, can you connect me?",human_handoff
Please let me speak with an HR professional.,human_handoff
I have a concern that I need to discuss with HR.,human_handoff
Can you help me find a human in HR?,human_handoff
"I need to reach out to HR, can you assist?",human_handoff
Can you connect me with a human resources expert?,human_handoff
I want to talk to HR about my benefits.,human_handoff
Can I speak with an HR consultant?,human_handoff
I need to discuss a sensitive matter with HR.,human_handoff
How can I reach an HR advisor?,human_handoff
I would like to connect with an HR specialist.,human_handoff
Can you help me contact the HR department?,human_handoff
"I want to escalate my issue to HR, please connect me.",human_handoff
Can you help me get in touch with HR services?,human_handoff
I need to talk to HR about my employment status.,human_handoff
Please connect me with an HR manager.,human_handoff
"I have a payroll question for HR, can you assist?",human_handoff
Can you transfer me to an HR support team member?,human_handoff
"I want to inquire about my leave with HR, please connect me.",human_handoff
Can you provide me with a direct line to HR?,human_handoff
I need to consult with HR regarding my contract.,human_handoff
Can I get a human resource representative on the phone?,human_handoff
I want to discuss my performance review with HR.,human_handoff
Can you help me reach HR for my inquiry?,human_handoff
I need to ask HR about my training opportunities.,human_handoff
Please connect me with someone who can help from HR.,human_handoff
I want to speak with HR about workplace policies.,human_handoff
Can you help me find an HR contact person?,human_handoff
I need to reach HR for clarification on my benefits.,human_handoff
Can I have a conversation with an HR representative?,human_handoff
Can you provide information about the company's leave policy?,human_handoff
What are the employee benefits offered by the company?,human_handoff
How do I access my pay stubs online?,human_handoff
What is the process for requesting time off?,human_handoff
Can you explain the health insurance options available?,human_handoff
What is the company's policy on remote work?,human_handoff
How do I report a workplace issue or concern?,human_handoff
What are the steps to enroll in the retirement plan?,human_handoff
Can you tell me about the employee training programs available?,human_handoff
What is the procedure for performance reviews?,human_handoff
How can I get a copy of my employment contract?,human_handoff
What resources are available for employee mental health support?,human_handoff
Can you provide details about the company's diversity and inclusion initiatives?,human_handoff
What is the policy on workplace harassment?,human_handoff
How do I access the employee handbook?,human_handoff
What are the guidelines for professional development?,human_handoff
Can you explain the process for filing a grievance?,human_handoff
What are the eligibility requirements for bonuses?,human_handoff
How do I update my personal information in the HR system?,human_handoff
What is the company's policy on overtime pay?,human_handoff
Can you provide information on the company's maternity leave policy?,human_handoff
What are the options for flexible working hours?,human_handoff
How can I find out about job openings within the company?,human_handoff
What is the company's policy on dress code?,human_handoff
Can you explain the process for employee referrals?,human_handoff
What are the guidelines for taking sick leave?,human_handoff
How do I access training materials for my role?,human_handoff
What is the company's policy on employee recognition?,human_handoff
Can you provide information about the company's travel policy?,human_handoff
What are the steps to apply for a promotion?,human_handoff
How can I access my benefits information online?,human_handoff
What is the process for requesting a salary review?,human_handoff
Can you explain the company's policy on conflict resolution?,human_handoff
What are the guidelines for using company resources?,human_handoff
How do I find out about upcoming company events?,human_handoff
What is the process for transferring to a different department?,human_handoff
Can you provide information on the company's volunteer programs?,human_handoff
What are the eligibility criteria for health benefits?,human_handoff
How do I access the company's intranet?,human_handoff
What is the company's policy on employee feedback?,human_handoff
Can you explain the process for obtaining a reference letter?,human_handoff
What are the guidelines for workplace safety?,human_handoff
How do I report an incident at work?,human_handoff
What is the company's policy on social media use?,human_handoff
Can you provide information about the company's internship programs?,human_handoff
What are the steps to participate in employee surveys?,human_handoff
How can I find a mentor within the company?,human_handoff
What is the company's policy on telecommuting?,human_handoff
Can you explain the process for accessing employee discounts?,human_handoff
What are the guidelines for workplace conduct?,human_handoff
How do I find out about training opportunities?,human_handoff
What is the company's policy on employee termination?,human_handoff
Can I speak to a human representative?,human_handoff
I need to talk to someone about my issue.,human_handoff
Is there a way to connect with a live person?,human_handoff
I would like to escalate my concern to a human.,human_handoff
Can you transfer me to a human agent?,human_handoff
I prefer to discuss this with a human being.,human_handoff
Can I get assistance from a real person?,human_handoff
I need human assistance for my query.,human_handoff
How can I reach a human for help?,human_handoff
I want to speak with a customer service representative.,human_handoff
Please connect me to a human support agent.,human_handoff
I have a complex issue that requires human intervention.,human_handoff
Can you help me talk to a human?,human_handoff
I need to discuss my situation with a human.,human_handoff
Is there a way to chat with a live person?,human_handoff
I would like to request a human to assist me.,human_handoff
Can I get a human to help me with this?,human_handoff
I need to speak to someone directly.,human_handoff
Can you put me in touch with a human representative?,human_handoff
I want to escalate my issue to a human.,human_handoff
Can you arrange for me to talk to a human?,human_handoff
I have questions that need a human's input.,human_handoff
I prefer to handle this with a human agent.,human_handoff
Can you connect me with a live support person?,human_handoff
I need a human to clarify my doubts.,human_handoff
Can I talk to someone in person?,human_handoff
I would like to have a conversation with a human.,human_handoff
How do I get in touch with a human representative?,human_handoff
Can you help me find a human to talk to?,human_handoff
I need to discuss my case with a human agent.,human_handoff
Can I have a human assist me with my inquiry?,human_handoff
I want to speak to a live agent about my issue.,human_handoff
Please connect me to a human for assistance.,human_handoff
I need to talk to someone who can help me directly.,human_handoff
Can you provide me with a human contact?,human_handoff
I would like to escalate this to a human representative.,human_handoff
Can I reach a human for further assistance?,human_handoff
I need to speak with a human regarding my concerns.,human_handoff
How can I get a human to assist with my problem?,human_handoff
Can you transfer me to a human support team?,human_handoff
I want to have a direct conversation with a human.,human_handoff
Can I get a human's help with this matter?,human_handoff
I need to talk to a human about my situation.,human_handoff
Can you connect me with a human advisor?,human_handoff
I would like to speak to a human about my issue.,human_handoff
Can I get a human representative on the line?,human_handoff
I need to escalate my issue to a human representative.,human_handoff
Can you arrange for me to speak with a human agent?,human_handoff
I want to connect with a human for support.,human_handoff
Can I have a human assist me with my concerns?,human_handoff
Can you provide me with the company policy on remote work?,human_handoff
What are the benefits offered to employees?,human_handoff
How do I access my pay stubs online?,human_handoff
What is the procedure for requesting time off?,human_handoff
Can you tell me about the employee wellness programs available?,human_handoff
What is the dress code policy at our company?,human_handoff
How do I find information about my health insurance options?,human_handoff
What are the guidelines for workplace harassment?,human_handoff
Can I get details on the employee referral program?,human_handoff
What are the steps to enroll in a retirement plan?,human_handoff
Where can I find the employee handbook?,human_handoff
What is the process for reporting an incident at work?,human_handoff
Can you explain the performance review process?,human_handoff
What resources are available for career development?,human_handoff
How do I access training materials for new software?,human_handoff
What is the policy on overtime pay?,human_handoff
Can you provide information on the company's diversity initiatives?,human_handoff
What are the holiday leave policies?,human_handoff
How can I get a copy of my employment verification?,human_handoff
What is the procedure for requesting a salary increase?,human_handoff
Can you tell me about the company's maternity leave policy?,human_handoff
What are the guidelines for using company vehicles?,human_handoff
How do I find out about job openings within the company?,human_handoff
What is the policy regarding employee conduct?,human_handoff
Can I get information on the company's training programs?,human_handoff
What are the steps for filing a grievance?,human_handoff
How do I access my benefits summary?,human_handoff
Can you provide details on the company's vacation policy?,human_handoff
What is the process for changing my direct deposit information?,human_handoff
Can you explain the company's policy on sick leave?,human_handoff
How do I find out about employee discounts?,human_handoff
What are the procedures for workplace safety?,human_handoff
Can you provide information on the company's tuition reimbursement program?,human_handoff
What is the policy for taking personal leave?,human_handoff
How do I access the employee portal?,human_handoff
What are the benefits of joining the employee union?,human_handoff
Can you tell me about the company's onboarding process?,human_handoff
What resources are available for mental health support?,human_handoff
How do I report a workplace injury?,human_handoff
What is the policy on flexible working hours?,human_handoff
Can you explain the company's policy on conflict resolution?,human_handoff
What are the guidelines for employee evaluations?,human_handoff
How do I find information on the company's charitable initiatives?,human_handoff
What is the policy regarding social media use at work?,human_handoff
Can you provide details on the company's health and safety policies?,human_handoff
What is the process for requesting a leave of absence?,human_handoff
How do I access my tax documents for the previous year?,human_handoff
Can you tell me about the company's policy on telecommuting?,human_handoff
What are the guidelines for employee recognition programs?,human_handoff
How do I find out about upcoming company events?,human_handoff
What is the policy on employee privacy?,human_handoff
Can you provide information on the company's anti-discrimination policies?,human_handoff
Can you provide me with the company policy on remote work?,human_handoff
What are the benefits offered to employees?,human_handoff
How do I access my pay stubs online?,human_handoff
What is the procedure for requesting vacation days?,human_handoff
Can you tell me about the employee training programs available?,human_handoff
What is the process for reporting workplace harassment?,human_handoff
Where can I find the employee handbook?,human_handoff
What are the health insurance options for employees?,human_handoff
How do I obtain a copy of my employment contract?,human_handoff
What is the company's policy on sick leave?,human_handoff
Can you explain the performance review process?,human_handoff
What resources are available for employee mental health support?,human_handoff
How do I access the employee portal?,human_handoff
What are the guidelines for workplace dress code?,human_handoff
Can you provide information on the retirement plan options?,human_handoff
What is the process for filing a complaint?,human_handoff
Where can I find information about job openings?,human_handoff
What is the policy on overtime pay?,human_handoff
Can you provide details about the company's diversity and inclusion initiatives?,human_handoff
How do I request a transcript of my training sessions?,human_handoff
What are the steps to enroll in the health benefits program?,human_handoff
Can you explain the maternity leave policy?,human_handoff
What is the company's stance on employee volunteering?,human_handoff
How do I report a safety concern in the workplace?,human_handoff
What are the guidelines for using company resources?,human_handoff
Can you provide information on the employee recognition program?,human_handoff
What are the policies regarding telecommuting?,human_handoff
How do I access the company's training materials?,human_handoff
What is the procedure for requesting a leave of absence?,human_handoff
Can you tell me about the company's code of conduct?,human_handoff
What are the eligibility requirements for employee discounts?,human_handoff
How do I find out about upcoming company events?,human_handoff
What is the policy on employee referrals?,human_handoff
Can you explain the process for salary reviews?,human_handoff
What are the guidelines for workplace harassment training?,human_handoff
How do I access my benefits information?,human_handoff
What is the company's policy on social media use?,human_handoff
Can you provide details on the company's travel policy?,human_handoff
What are the options for flexible work arrangements?,human_handoff
How do I find out about my rights as an employee?,human_handoff
Can you tell me about the company's mission and values?,human_handoff
What is the process for requesting a job transfer?,human_handoff
How do I access the company's wellness program?,human_handoff
What are the policies regarding workplace bullying?,human_handoff
Can you provide information on the company's sustainability initiatives?,human_handoff
What are the guidelines for employee conduct during meetings?,human_handoff
How do I find out about the company's training and development opportunities?,human_handoff
Can you explain the company's policy on conflict of interest?,human_handoff
What is the procedure for handling grievances?,human_handoff
How do I access the company's intranet?,human_handoff
Can you provide information on the company's health and safety policies?,human_handoff
What are the guidelines for workplace attendance?,human_handoff
How do I find out about the company's charitable contributions?,human_handoff
Can you explain the policy on employee training reimbursements?,human_handoff
What is the company's policy on harassment training?,human_handoff
How do I access the employee assistance program?,human_handoff
Can I speak to a human representative?,human_handoff
I need to talk to someone in HR.,human_handoff
Is there a way to connect with a live person?,human_handoff
"I have a complex issue, can I get human assistance?",human_handoff
I want to escalate my concern to a human.,human_handoff
Can you transfer me to a human agent?,human_handoff
I prefer to discuss this with a real person.,human_handoff
Who can I talk to for more help?,human_handoff
I need human support for my inquiry.,human_handoff
Can you provide me with a contact for HR?,human_handoff
I would like to request a human to assist me.,human_handoff
How can I reach a human in HR?,human_handoff
I have questions that require human input.,human_handoff
Can I get a human to help me with my issue?,human_handoff
I need to discuss something sensitive with a human.,human_handoff
Is there a way to get a human on the line?,human_handoff
Can you connect me with a human advisor?,human_handoff
I need to clarify something with a human representative.,human_handoff
Can I have a human contact me regarding my issue?,human_handoff
I want to speak with someone directly.,human_handoff
Can you help me reach a live HR person?,human_handoff
I would like to escalate this to a human agent.,human_handoff
How do I get in touch with a human in HR?,human_handoff
I have a unique situation that needs human attention.,human_handoff
Can I have a human follow up with me?,human_handoff
I need to talk to a real person about my concerns.,human_handoff
Who can I contact for human assistance?,human_handoff
I would like to speak to a human about my benefits.,human_handoff
Can you provide me with a human contact for my issue?,human_handoff
I need to discuss my situation with a human representative.,human_handoff
Is there a human I can talk to about my payroll issue?,human_handoff
I want to escalate my request to a human.,human_handoff
Can you help me find a human to assist with my inquiry?,human_handoff
I need human intervention for my complaint.,human_handoff
How can I get a human to address my concerns?,human_handoff
I would like to connect with a human for clarification.,human_handoff
Can I get a human to help me with my application?,human_handoff
I need to speak with a human about my leave request.,human_handoff
Can you direct me to a human for assistance?,human_handoff
I would like to have a conversation with a human about my issue.,human_handoff
Can I get a human representative to assist me?,human_handoff
I need to talk to someone in HR about my situation.,human_handoff
What is my employee ID?,profile_information_request
Can you tell me my job title?,profile_information_request
What is my current salary?,profile_information_request
How many vacation days do I have left?,profile_information_request
What is my department?,profile_information_request
Can you provide my work email address?,profile_information_request
What is the date of my hire?,profile_information_request
Can you tell me my manager's name?,profile_information_request
What is my performance review schedule?,profile_information_request
How can I access my pay stubs?,profile_information_request
What benefits am I enrolled in?,profile_information_request
Can you show me my training history?,profile_information_request
What is my work location?,profile_information_request
How many sick days do I have available?,profile_information_request
Can you provide my last promotion date?,profile_information_request
What is my job description?,profile_information_request
Can you tell me about my retirement plan options?,profile_information_request
What are the company policies regarding remote work?,profile_information_request
Can you provide my emergency contact information?,profile_information_request
What is the process for requesting a leave of absence?,profile_information_request
How do I access my employee handbook?,profile_information_request
What is my current project assignment?,profile_information_request
Can you tell me about my last salary review?,profile_information_request
What are my current work hours?,profile_information_request
Can you provide information about my health insurance coverage?,profile_information_request
What is the company's policy on overtime?,profile_information_request
Can you tell me about my eligibility for bonuses?,profile_information_request
What is my current job level?,profile_information_request
Can you provide my training requirements?,profile_information_request
What is my current employment status?,profile_information_request
Can you tell me about my last day of work?,profile_information_request
What is the company's policy on employee referrals?,profile_information_request
Can you provide my work history with the company?,profile_information_request
What is my direct report's name?,profile_information_request
Can you tell me about my last performance feedback?,profile_information_request
What is the company's policy on vacation carryover?,profile_information_request
Can you provide my job application status?,profile_information_request
What is my current project deadline?,profile_information_request
Can you tell me about my work-related travel history?,profile_information_request
What is my current skill set according to HR records?,profile_information_request
Can you provide my onboarding documents?,profile_information_request
What is the company's policy on professional development?,profile_information_request
Can you tell me about my last training session?,profile_information_request
What is my current performance rating?,profile_information_request
Can you provide my work-related certifications?,profile_information_request
What is my current job function?,profile_information_request
Can you tell me my last attendance record?,profile_information_request
What is the company's policy on parental leave?,profile_information_request
Can you provide my work-related achievements?,profile_information_request
What is my current team structure?,profile_information_request
Can you tell me about my last salary increase?,profile_information_request
What is the company's policy on flexible working hours?,profile_information_request
Can you provide my job-related licenses?,profile_information_request
What is my current project role?,profile_information_request
What is my employee ID?,profile_information_request
Can you tell me my job title?,profile_information_request
What is my department?,profile_information_request
How long have I been with the company?,profile_information_request
What is my current salary?,profile_information_request
Can I see my performance review history?,profile_information_request
What are my benefits options?,profile_information_request
Can you provide my work schedule?,profile_information_request
What is my start date?,profile_information_request
Can you tell me my last promotion date?,profile_information_request
What is my employment status?,profile_information_request
How many vacation days do I have left?,profile_information_request
What is my job description?,profile_information_request
Can you provide my training history?,profile_information_request
What is my office location?,profile_information_request
Can you tell me my direct supervisor's name?,profile_information_request
What is my work email address?,profile_information_request
Can you show me my contact information on file?,profile_information_request
What are my current projects?,profile_information_request
Can you provide my last pay stub details?,profile_information_request
What is my job level?,profile_information_request
Can you tell me my last day of work?,profile_information_request
What is my employee classification?,profile_information_request
Can you provide my health insurance details?,profile_information_request
What is my work phone number?,profile_information_request
Can you tell me my start date for this role?,profile_information_request
What is my performance rating?,profile_information_request
Can you provide my educational background on file?,profile_information_request
What is my job grade?,profile_information_request
Can you tell me my last salary increase date?,profile_information_request
What are my work hours?,profile_information_request
Can you provide my employment history?,profile_information_request
What is my role's reporting structure?,profile_information_request
Can you tell me my last training completion date?,profile_information_request
What is my work anniversary date?,profile_information_request
Can you provide my LinkedIn profile link?,profile_information_request
What is my job's required qualifications?,profile_information_request
Can you tell me my last evaluation feedback?,profile_information_request
What is my work-related travel policy?,profile_information_request
Can you provide my disciplinary record?,profile_information_request
What is my current project status?,profile_information_request
Can you tell me my team members?,profile_information_request
What is my role's key responsibilities?,profile_information_request
Can you provide my previous job titles?,profile_information_request
What is my current work assignment?,profile_information_request
Can you tell me my last bonus amount?,profile_information_request
What is my work-related certification status?,profile_information_request
Can you provide my emergency contact information?,profile_information_request
What is my current project deadline?,profile_information_request
Can you tell me my last training session topic?,profile_information_request
What is my role's salary range?,profile_information_request
Can you provide my work-related achievements?,profile_information_request
What is my current job's location?,profile_information_request
Can you tell me my work-related awards?,profile_information_request
What is my current reporting line?,profile_information_request
Can you provide my work-related licenses?,profile_information_request
What is my current project team?,profile_information_request
What is my employee ID?,profile_information_request
Can you provide my job title?,profile_information_request
What is my department?,profile_information_request
When did I join the company?,profile_information_request
What is my current salary?,profile_information_request
Can you tell me my work location?,profile_information_request
What is my manager's name?,profile_information_request
How many vacation days do I have left?,profile_information_request
What is my performance review date?,profile_information_request
Can you provide my contact information on file?,profile_information_request
What benefits am I enrolled in?,profile_information_request
What is my hire date?,profile_information_request
Can you tell me about my training history?,profile_information_request
What is my last promotion date?,profile_information_request
Can you provide my emergency contact details?,profile_information_request
What is my job description?,profile_information_request
Can you tell me my work schedule?,profile_information_request
What is my employee status?,profile_information_request
Can you provide my tax information?,profile_information_request
What is my current project assignment?,profile_information_request
Can you tell me about my last salary review?,profile_information_request
What is my employee type?,profile_information_request
Can you provide my LinkedIn profile link?,profile_information_request
What is my office extension number?,profile_information_request
Can you tell me my onboarding status?,profile_information_request
What is my work email address?,profile_information_request
Can you provide my work phone number?,profile_information_request
What is my job level?,profile_information_request
Can you tell me about my last attendance record?,profile_information_request
What is my current project role?,profile_information_request
Can you provide details of my last training session?,profile_information_request
What is my current performance rating?,profile_information_request
Can you tell me my last day of work?,profile_information_request
What is my work anniversary date?,profile_information_request
Can you provide my previous job titles?,profile_information_request
What is my current work status?,profile_information_request
Can you tell me about my health insurance plan?,profile_information_request
What is my job function?,profile_information_request
Can you provide my last promotion details?,profile_information_request
What is my current project deadline?,profile_information_request
Can you tell me about my last feedback session?,profile_information_request
What is my current skill set?,profile_information_request
Can you provide my work-related certifications?,profile_information_request
What is my current work assignment?,profile_information_request
Can you tell me my last raise amount?,profile_information_request
What is my current role description?,profile_information_request
Can you provide my work history?,profile_information_request
What is my current work project?,profile_information_request
Can you tell me about my last job title change?,profile_information_request
What is my current reporting structure?,profile_information_request
Can you provide my last evaluation results?,profile_information_request
What is my current work group?,profile_information_request
Can you tell me about my last company event participation?,profile_information_request
What is my current job classification?,profile_information_request
What is my employee ID?,profile_information_request
Can you provide my job title?,profile_information_request
What is my department?,profile_information_request
How can I find my work location?,profile_information_request
What is my hire date?,profile_information_request
Can you tell me my manager's name?,profile_information_request
What is my current salary?,profile_information_request
How many vacation days do I have left?,profile_information_request
What is my performance review date?,profile_information_request
Can you show me my training history?,profile_information_request
What benefits am I enrolled in?,profile_information_request
How can I access my pay stubs?,profile_information_request
What is my work email address?,profile_information_request
Can you provide my contact information on file?,profile_information_request
What is my job description?,profile_information_request
How do I find my employee handbook?,profile_information_request
What is my employment status?,profile_information_request
Can you tell me about my last promotion?,profile_information_request
What are my current projects?,profile_information_request
How can I view my benefits summary?,profile_information_request
What is my work schedule?,profile_information_request
Can you provide my LinkedIn profile link?,profile_information_request
What is my job level?,profile_information_request
How do I access my tax information?,profile_information_request
What is my last day of work?,profile_information_request
Can you tell me my employee status?,profile_information_request
What is my office phone number?,profile_information_request
How can I find my onboarding documents?,profile_information_request
What is my work anniversary date?,profile_information_request
Can you provide my work history?,profile_information_request
What is my current project status?,profile_information_request
How do I find my performance goals?,profile_information_request
What is my direct report's information?,profile_information_request
Can you tell me about my last salary review?,profile_information_request
What is my training schedule?,profile_information_request
How can I access my employee profile?,profile_information_request
What is my job classification?,profile_information_request
Can you provide my work history summary?,profile_information_request
What is my current role's responsibilities?,profile_information_request
How do I find my health insurance details?,profile_information_request
What is my PTO balance?,profile_information_request
Can you tell me my last evaluation score?,profile_information_request
What is my work-related travel history?,profile_information_request
How can I view my employee awards?,profile_information_request
What is my current project timeline?,profile_information_request
Can you provide my work-related certifications?,profile_information_request
What is my role's reporting structure?,profile_information_request
How do I find my job postings?,profile_information_request
What is my current training status?,profile_information_request
Can you tell me about my last job change?,profile_information_request
What is my work-related contact list?,profile_information_request
How can I access my employee feedback?,profile_information_request
What is my current skill set?,profile_information_request
Can you provide my job application history?,profile_information_request
What is my current work project?,profile_information_request
How do I find my employee ID card?,profile_information_request
What is my current job title?,profile_information_request
Can you tell me my employee ID?,profile_information_request
What department am I in?,profile_information_request
How long have I been with the company?,profile_information_request
What is my work email address?,profile_information_request
Can you provide my phone number on file?,profile_information_request
What is my start date?,profile_information_request
What is my current salary?,profile_information_request
What is my job description?,profile_information_request
Can I see my performance review history?,profile_information_request
What are my current benefits?,profile_information_request
How many vacation days do I have left?,profile_information_request
What is my work location?,profile_information_request
Can you provide my manager's name?,profile_information_request
What is my last promotion date?,profile_information_request
Can you tell me about my training history?,profile_information_request
What projects am I currently assigned to?,profile_information_request
What is my employment status?,profile_information_request
Can you provide my job level?,profile_information_request
What is my last raise amount?,profile_information_request
Can you tell me about my direct reports?,profile_information_request
What is my work schedule?,profile_information_request
Can you provide my LinkedIn profile link?,profile_information_request
What are my skills listed in the system?,profile_information_request
What is my educational background according to HR records?,profile_information_request
Can you tell me about my certifications?,profile_information_request
What is my last day of work if I resign?,profile_information_request
Can you provide information on my health insurance plan?,profile_information_request
What is my job's reporting structure?,profile_information_request
Can you tell me about my work achievements?,profile_information_request
What is my current project status?,profile_information_request
Can you provide my last attendance record?,profile_information_request
What is my role in the company?,profile_information_request
Can you tell me about my team members?,profile_information_request
What is my current work assignment?,profile_information_request
Can you provide my last salary review date?,profile_information_request
What is my job's performance metric?,profile_information_request
Can you tell me about my work-related awards?,profile_information_request
What is my current project deadline?,profile_information_request
Can you provide my last training completion date?,profile_information_request
What is my job's key responsibility?,profile_information_request
Can you tell me about my work-related travel history?,profile_information_request
What is my current work status?,profile_information_request
Can you provide my last feedback from my manager?,profile_information_request
What is my current job's location?,profile_information_request
Can you tell me about my work-life balance initiatives?,profile_information_request
What is my current project role?,profile_information_request
Can you provide my last health check-up date?,profile_information_request
What is my current work environment?,profile_information_request
Can you tell me about my last team meeting notes?,profile_information_request
What is my current job's required skills?,profile_information_request
Can you provide my last company policy acknowledgment date?,profile_information_request
What is my current job's reporting line?,profile_information_request
Can you tell me about my previous job roles in the company?,profile_information_request
What is my employee ID?,profile_information_request
Can you tell me my job title?,profile_information_request
What is my department?,profile_information_request
When did I join the company?,profile_information_request
What is my current salary?,profile_information_request
Can I see my work history?,profile_information_request
What are my benefits?,profile_information_request
How many vacation days do I have left?,profile_information_request
What is my performance review schedule?,profile_information_request
Can you provide my contact information on file?,profile_information_request
What training programs have I completed?,profile_information_request
What is my employment status?,profile_information_request
Can you show me my pay stubs?,profile_information_request
What is my work location?,profile_information_request
What is my supervisor's name?,profile_information_request
Can you tell me about my last promotion?,profile_information_request
What are my job responsibilities?,profile_information_request
Can I see my last performance evaluation?,profile_information_request
What is the policy on remote work for my position?,profile_information_request
What is my employee classification?,profile_information_request
Can you provide my emergency contact details?,profile_information_request
What is the procedure for requesting leave?,profile_information_request
How often do I get paid?,profile_information_request
What is my work schedule?,profile_information_request
Can you tell me about my retirement plan options?,profile_information_request
What is the company policy on overtime?,profile_information_request
What is the current status of the XYZ project?,project_Information
Can you provide an overview of the ABC project?,project_Information
What are the key milestones for the DEF project?,project_Information
Who are the team members involved in the GHI project?,project_Information
What is the budget allocation for the JKL project?,project_Information
When is the expected completion date for the MNO project?,project_Information
Can I get a summary of the PQR project objectives?,project_Information
What challenges are currently being faced in the STU project?,project_Information
Who is the project manager for the VWX project?,project_Information
What resources are allocated to the YZA project?,project_Information
Can you tell me about the timeline for the BCD project?,project_Information
What are the deliverables for the EFG project?,project_Information
How many phases are there in the HIJ project?,project_Information
What is the scope of the KLM project?,project_Information
Are there any recent updates on the NOP project?,project_Information
What is the risk assessment for the QRS project?,project_Information
Can you provide the contact information for the team leads of the TUV project?,project_Information
What technologies are being used in the WXY project?,project_Information
What is the stakeholder feedback for the ZAB project?,project_Information
Can I see the project documentation for the CDE project?,project_Information
What is the communication plan for the FGH project?,project_Information
What are the success criteria for the IJK project?,project_Information
What is the estimated ROI for the LMN project?,project_Information
Can you tell me about the lessons learned from the OPQ project?,project_Information
What is the project timeline for the RST project?,project_Information
How is the budget being tracked for the UVW project?,project_Information
What are the key performance indicators for the XYZ project?,project_Information
Can you provide a list of project stakeholders for the ABC project?,project_Information
What are the main objectives of the DEF project?,project_Information
What is the project charter for the GHI project?,project_Information
Can you summarize the project outcomes for the JKL project?,project_Information
What are the dependencies for the MNO project?,project_Information
What is the project governance structure for the PQR project?,project_Information
Can you provide the project schedule for the STU project?,project_Information
What are the compliance requirements for the VWX project?,project_Information
What is the project scope statement for the YZA project?,project_Information
Can you provide details about the project phases for the BCD project?,project_Information
What are the expected outcomes of the EFG project?,project_Information
What is the team structure for the HIJ project?,project_Information
Can you tell me about the project risks for the KLM project?,project_Information
What is the project timeline for the NOP project?,project_Information
What are the major deliverables for the QRS project?,project_Information
Can you provide the project budget summary for the TUV project?,project_Information
What is the project completion criteria for the WXY project?,project_Information
What are the lessons learned from the ZAB project?,project_Information
What is the project plan for the CDE project?,project_Information
Can you provide the project review schedule for the FGH project?,project_Information
What are the communication strategies for the IJK project?,project_Information
What is the project evaluation process for the LMN project?,project_Information
Can you summarize the project impact for the OPQ project?,project_Information
What is the current status of the XYZ project?,project_Information
Can you provide an overview of the ABC project?,project_Information
What are the key milestones for the DEF project?,project_Information
Who is the project manager for the GHI project?,project_Information
What is the budget allocated for the JKL project?,project_Information
When is the expected completion date for the MNO project?,project_Information
What are the main objectives of the PQR project?,project_Information
Can you list the team members involved in the STU project?,project_Information
What technologies are being used in the VWX project?,project_Information
How many phases are there in the YZA project?,project_Information
What challenges are currently being faced in the BCD project?,project_Information
Can you summarize the goals of the EFG project?,project_Information
What is the timeline for the HIJ project?,project_Information
Who are the stakeholders for the KLM project?,project_Information
What is the scope of the NOP project?,project_Information
Can you provide the latest updates on the QRS project?,project_Information
What deliverables are expected from the TUV project?,project_Information
What is the risk management plan for the WXY project?,project_Information
Can you tell me about the funding sources for the ZAB project?,project_Information
What are the success criteria for the CDE project?,project_Information
How is the progress of the FGH project being tracked?,project_Information
What are the lessons learned from the IJK project?,project_Information
Can you provide details about the LMO project timeline?,project_Information
What are the expected outcomes of the NOP project?,project_Information
Who is responsible for communications in the PQR project?,project_Information
What is the impact of the STU project on the company?,project_Information
Can you list the resources allocated to the VWX project?,project_Information
What are the compliance requirements for the YZA project?,project_Information
What is the project charter for the BCD project?,project_Information
How many people are working on the EFG project?,project_Information
What is the expected ROI for the HIJ project?,project_Information
Can you provide a summary of the KLM project objectives?,project_Information
What are the key performance indicators for the NOP project?,project_Information
What is the communication plan for the QRS project?,project_Information
Can you tell me about the project timeline for the TUV project?,project_Information
What are the main deliverables for the WXY project?,project_Information
Who are the external partners involved in the ZAB project?,project_Information
What is the project governance structure for the CDE project?,project_Information
Can you provide the project budget breakdown for the FGH project?,project_Information
What are the critical success factors for the IJK project?,project_Information
What is the project lifecycle for the LMO project?,project_Information
Can you summarize the project objectives for the NOP project?,project_Information
What are the main risks associated with the PQR project?,project_Information
What is the project completion criteria for the STU project?,project_Information
Can you provide an update on the VWX project status?,project_Information
What are the lessons learned from the YZA project?,project_Information
What is the project timeline for the BCD project?,project_Information
Who are the key contacts for the EFG project?,project_Information
What are the expected benefits of the HIJ project?,project_Information
Can you provide details on the KLM project deliverables?,project_Information
What is the project scope statement for the NOP project?,project_Information
What are the project dependencies for the QRS project?,project_Information
What is the current status of the XYZ project?,project_Information
Can you provide details about the ABC project timeline?,project_Information
What are the main objectives of the DEF project?,project_Information
Who are the team members involved in the GHI project?,project_Information
What is the budget allocated for the JKL project?,project_Information
When is the expected completion date for the MNO project?,project_Information
Can you summarize the key deliverables of the PQR project?,project_Information
What challenges have been identified in the STU project?,project_Information
Who is the project manager for the VWX project?,project_Information
What are the risks associated with the YZA project?,project_Information
Can you list the stakeholders for the BCD project?,project_Information
What resources are required for the EFG project?,project_Information
What is the scope of the HIJ project?,project_Information
How many phases does the KLM project have?,project_Information
What technologies are being used in the NOP project?,project_Information
Can you provide a summary of the QRS project?,project_Information
What is the purpose of the TUV project?,project_Information
What are the milestones for the WXY project?,project_Information
Who is responsible for quality assurance in the ZAB project?,project_Information
What is the communication plan for the CDE project?,project_Information
What are the expected outcomes of the FGH project?,project_Information
Can you provide the latest updates on the IJK project?,project_Information
What is the impact of the LMN project on our operations?,project_Information
What are the success criteria for the OPQ project?,project_Information
How is the RST project aligned with our company goals?,project_Information
What are the lessons learned from the UVW project?,project_Information
Can you provide a risk assessment for the XYZ project?,project_Information
What is the feedback from stakeholders on the ABC project?,project_Information
What are the key performance indicators for the DEF project?,project_Information
How does the GHI project affect our budget?,project_Information
What is the timeline for the JKL project phases?,project_Information
Can you explain the objectives of the MNO project?,project_Information
What are the deliverables expected from the PQR project?,project_Information
Who are the external partners involved in the STU project?,project_Information
What is the project charter for the VWX project?,project_Information
What are the dependencies for the YZA project?,project_Information
Can you provide an overview of the BCD project goals?,project_Information
What is the estimated cost for the EFG project?,project_Information
What are the reporting requirements for the HIJ project?,project_Information
What are the critical success factors for the KLM project?,project_Information
What is the project timeline for the NOP project?,project_Information
Can you detail the project scope for the QRS project?,project_Information
What are the main risks identified in the TUV project?,project_Information
What is the project governance structure for the WXY project?,project_Information
What are the key assumptions for the ZAB project?,project_Information
Can you summarize the project objectives for the CDE project?,project_Information
What is the status of deliverables for the FGH project?,project_Information
What are the main challenges faced by the IJK project?,project_Information
What is the role of the project sponsor in the LMN project?,project_Information
What are the timelines for the OPQ project deliverables?,project_Information
Can you provide insights on the RST project outcomes?,project_Information
What are the evaluation criteria for the UVW project?,project_Information
What is the current status of the project X?,project_Information
Can you provide me with the timeline for project Y?,project_Information
What are the key milestones for project Z?,project_Information
Who is the project manager for project A?,project_Information
What are the objectives of project B?,project_Information
Can I get an overview of project C?,project_Information
What resources are allocated to project D?,project_Information
What is the budget for project E?,project_Information
Are there any risks associated with project F?,project_Information
What is the expected completion date for project G?,project_Information
Can you tell me about the team members involved in project H?,project_Information
What are the deliverables for project I?,project_Information
How many phases does project J have?,project_Information
What technologies are being used in project K?,project_Information
Can you summarize the findings of project L?,project_Information
What is the scope of project M?,project_Information
Who are the stakeholders for project N?,project_Information
What challenges has project O faced?,project_Information
What is the communication plan for project P?,project_Information
Can you provide the latest updates on project Q?,project_Information
What are the success criteria for project R?,project_Information
How does project S align with company goals?,project_Information
What is the feedback from the last review of project T?,project_Information
Can you share the lessons learned from project U?,project_Information
What is the impact of project V on the organization?,project_Information
What is the history of project W?,project_Information
Can you provide the contact information for project X's team?,project_Information
What are the compliance requirements for project Y?,project_Information
What is the project charter for project Z?,project_Information
Can you list the project dependencies for project A?,project_Information
What are the key performance indicators for project B?,project_Information
What is the project plan for project C?,project_Information
How is project D performing against its goals?,project_Information
What is the stakeholder engagement strategy for project E?,project_Information
Can you provide the project timeline for project F?,project_Information
What are the lessons learned from project G?,project_Information
What is the status of deliverables for project H?,project_Information
Can you summarize the project objectives for project I?,project_Information
What is the project roadmap for project J?,project_Information
What are the financial projections for project K?,project_Information
Can you provide the risk management plan for project L?,project_Information
What are the success stories from project M?,project_Information
What is the project governance structure for project N?,project_Information
Can you share the project evaluation criteria for project O?,project_Information
What are the communication channels for project P?,project_Information
What are the key takeaways from project Q?,project_Information
Can you provide the project summary report for project R?,project_Information
What are the future plans for project S?,project_Information
What is the project closure process for project T?,project_Information
Can you list the project sponsors for project U?,project_Information
What are the critical success factors for project V?,project_Information
What is the project timeline for project W?,project_Information
What is the current status of the XYZ project?,project_Information
Can you provide details about the ABC project timeline?,project_Information
What are the key milestones for the DEF project?,project_Information
Who is the project manager for the GHI project?,project_Information
What is the budget allocated for the JKL project?,project_Information
Can I get an overview of the MNO project objectives?,project_Information
What are the deliverables for the PQR project?,project_Information
When is the expected completion date for the STU project?,project_Information
What resources are allocated to the VWX project?,project_Information
Can you summarize the risks associated with the YZA project?,project_Information
What is the scope of the BCD project?,project_Information
Who are the stakeholders involved in the EFG project?,project_Information
What technologies are being used in the HIJ project?,project_Information
Can you provide the latest updates on the KLM project?,project_Information
What are the success criteria for the NOP project?,project_Information
How many team members are working on the QRS project?,project_Information
What is the communication plan for the TUV project?,project_Information
Can you list the challenges faced by the WXY project?,project_Information
What is the project charter for the ZAB project?,project_Information
What are the lessons learned from the CDE project?,project_Information
Can you tell me about the project phases for the FGH project?,project_Information
What is the client feedback on the IJK project?,project_Information
What are the compliance requirements for the LMN project?,project_Information
Can you provide the project budget breakdown for the OPQ project?,project_Information
What is the timeline for the RST project deliverables?,project_Information
Who is responsible for quality assurance in the UVW project?,project_Information
What are the key performance indicators for the XYZ project?,project_Information
Can you provide an overview of the ABC project team structure?,project_Information
What is the project initiation date for the DEF project?,project_Information
What are the main objectives of the GHI project?,project_Information
Can you summarize the project findings for the JKL project?,project_Information
What are the major dependencies for the MNO project?,project_Information
What is the project closure process for the PQR project?,project_Information
Can you provide insights on the stakeholder engagement for the STU project?,project_Information
What are the expected outcomes of the VWX project?,project_Information
What is the project timeline for the YZA project?,project_Information
Can you list the project phases for the BCD project?,project_Information
What are the communication channels used in the EFG project?,project_Information
What is the project scope statement for the HIJ project?,project_Information
Can you provide the risk management plan for the KLM project?,project_Information
What are the project constraints for the NOP project?,project_Information
Can you summarize the project deliverables for the QRS project?,project_Information
What is the project governance structure for the TUV project?,project_Information
What are the lessons learned from the WXY project?,project_Information
Can you provide the project evaluation criteria for the ZAB project?,project_Information
What is the project timeline for the CDE project?,project_Information
What are the key risks identified in the FGH project?,project_Information
Can you provide an overview of the project strategy for the IJK project?,project_Information
What is the project budget summary for the LMN project?,project_Information
What are the main deliverables for the OPQ project?,project_Information
What are the current projects in the company?,project_Information
Can you provide details about the ongoing projects?,project_Information
What is the status of the XYZ project?,project_Information
How many projects are currently active?,project_Information
Who is leading the ABC project?,project_Information
What are the objectives of the DEF project?,project_Information
Can you list all projects under the Marketing department?,project_Information
What is the timeline for the GHI project?,project_Information
Are there any upcoming project deadlines?,project_Information
What resources are allocated to the JKL project?,project_Information
Can you summarize the MNO project?,project_Information
What teams are involved in the PQR project?,project_Information
What is the budget for the STU project?,project_Information
Can I get an update on the VWX project?,project_Information
What challenges is the YZ project facing?,project_Information
How does the ABC project align with company goals?,project_Information
What are the key milestones for the DEF project?,project_Information
Who are the stakeholders for the GHI project?,project_Information
What technologies are being used in the JKL project?,project_Information
Can you provide a summary of the MNO project deliverables?,project_Information
What is the expected completion date for the PQR project?,project_Information
How many people are working on the STU project?,project_Information
What is the scope of the VWX project?,project_Information
Can you tell me about the history of the YZ project?,project_Information
What are the risks associated with the ABC project?,project_Information
What is the communication plan for the DEF project?,project_Information
How often are project updates provided for the GHI project?,project_Information
What are the success criteria for the JKL project?,project_Information
Can you provide the project charter for the MNO project?,project_Information
What are the lessons learned from the PQR project?,project_Information
What is the impact of the STU project on the company?,project_Information
Who can I contact for more information about the VWX project?,project_Information
What are the deliverables for the YZ project?,project_Information
Can you provide a list of all completed projects?,project_Information
What is the overall budget for all projects this year?,project_Information
How are projects prioritized in the company?,project_Information
What is the approval process for new projects?,project_Information
Can you tell me about the project management methodology used?,project_Information
What are the key performance indicators for the ABC project?,project_Information
How does the DEF project impact customer satisfaction?,project_Information
What is the feedback mechanism for the GHI project?,project_Information
Can you provide an overview of the JKL project timeline?,project_Information
What are the main challenges faced by the MNO project?,project_Information
How does the PQR project contribute to sustainability?,project_Information
What are the main goals of the STU project?,project_Information
Can you give me a brief on the VWX project objectives?,project_Information
What are the key takeaways from the YZ project review?,project_Information